user_id,product_id,categoria_producto,rating,cantidad,fecha,estado,color,talla,genero
u0000,c1804,moda-ropa,4.2,2,2026-03-09,comprado,multicolor,L,mujer
u0000,c0993,moda-ropa,3.8,4,2026-10-02,reservado->comprado,negro,M,mujer
u0000,c1421,moda-ropa,3.7,2,2026-03-26,comprado,negro,S,mujer
u0000,c1276,moda-calzado,2.7,5,2026-09-04,reservado->comprado,amarillo,XL,mujer
u0000,c1867,moda-calzado,3.9,1,2026-10-20,comprado,azul,M,mujer
u0001,c1568,moda-ropa,4.0,1,2026-09-05,comprado,azul,M,mujer
u0001,c1307,moda-accesorio,4.2,3,2026-08-04,comprado,rosa,M,mujer
u0001,c1269,moda-ropa,3.5,1,2026-01-14,comprado,rosa,L,mujer
u0001,c1404,moda-ropa,3.9,1,2026-08-07,comprado,varios,L,mujer
u0001,c1908,moda-ropa,3.3,1,2026-08-08,comprado,blanco,42,mujer
u0002,c1458,moda-accesorio,3.8,5,2026-07-25,reservado->comprado,blanco,S,mujer
u0002,c0647,moda-ropa,4.1,3,2026-05-15,comprado,verde,S,hombre
u0002,c1624,moda-ropa,3.9,1,2026-11-15,comprado,negro,M,mujer
u0002,c1909,moda-ropa,4.5,1,2026-12-01,comprado,rosa,M,mujer
u0002,c0648,moda-ropa,3.7,1,2026-06-09,comprado,negro,XL,hombre
u0002,c0794,moda-ropa,4.8,2,2026-04-20,comprado,verde,S,hombre
u0003,c1576,moda-calzado,4.6,2,2026-06-25,comprado,negro,XL,mujer
u0003,c1276,moda-calzado,3.9,2,2026-06-28,comprado,amarillo,XL,mujer
u0003,c1741,moda-ropa,3.8,1,2026-09-01,comprado,azul,L,mujer
u0003,c1802,moda-accesorio,4.6,1,2026-06-10,comprado,multicolor,XL,mujer
u0004,c1531,moda-ropa,3.0,2,2026-03-02,comprado,negro,42,mujer
u0004,c0352,moda-ropa,3.4,2,2026-02-19,comprado,rojo,L,hombre
u0004,c0736,moda-ropa,2.9,5,2026-02-18,reservado->comprado,azul,M,hombre
u0004,c0907,moda-ropa,3.5,1,2026-07-22,comprado,negro,M,hombre
u0004,c1096,moda-calzado,3.5,1,2026-03-22,comprado,beige,M,mujer
u0005,c1051,moda-ropa,2.8,5,2026-09-10,reservado->comprado,blanco,L,mujer
u0005,c1891,moda-accesorio,4.2,1,2026-07-04,comprado,multicolor,M,mujer
u0005,c1455,moda-accesorio,4.7,1,2026-06-26,comprado,azul,L,mujer
u0005,c0197,moda-ropa,3.0,4,2026-07-01,reservado->comprado,azul,S,hombre
u0005,c1171,moda-accesorio,3.6,3,2026-12-22,comprado,multicolor,M,mujer
u0005,c0663,moda-ropa,3.8,1,2026-11-25,comprado,rojo,M,hombre
u0005,c1071,moda-accesorio,4.3,1,2026-08-24,comprado,varios,XL,mujer
u0005,c0461,moda-ropa,4.2,1,2026-01-16,comprado,rojo,M,hombre
u0005,c1278,moda-accesorio,3.8,3,2026-08-19,comprado,multicolor,M,mujer
u0005,c0327,moda-ropa,3.5,5,2026-04-27,reservado->comprado,rojo,L,hombre
u0005,c0267,moda-ropa,3.1,1,2026-01-09,comprado,blanco,M,hombre
u0005,c0078,moda-ropa,3.9,1,2026-10-09,comprado,azul,L,hombre
u0005,c1215,moda-ropa,3.6,5,2026-06-06,reservado->comprado,verde,S,mujer
u0005,c0441,moda-ropa,3.4,4,2026-05-25,reservado->comprado,blanco,S,hombre
u0005,c0525,moda-ropa,3.6,1,2026-06-16,comprado,morado,L,hombre
u0005,c1493,moda-ropa,3.6,1,2026-11-14,comprado,varios,L,mujer
u0005,c1423,moda-ropa,4.2,1,2026-04-14,comprado,morado,37,mujer
u0005,c0881,moda-ropa,3.7,3,2026-12-03,reservado->comprado,rojo,XL,hombre
u0005,c0017,moda-ropa,3.0,5,2026-03-03,reservado->comprado,azul,M,hombre
u0005,c1291,moda-accesorio,3.8,2,2026-01-13,comprado,rojo,M,mujer
u0005,c1125,moda-calzado,4.7,1,2026-04-28,comprado,verde,L,mujer
u0005,c1154,moda-ropa,4.2,1,2026-07-23,comprado,naranja,XS,mujer
u0005,c0985,moda-ropa,3.3,1,2026-05-25,comprado,multicolor,XS,mujer
u0006,c1348,moda-ropa,4.3,1,2026-02-25,comprado,negro,L,mujer
u0006,c1698,moda-ropa,3.2,1,2026-02-23,comprado,azul,M,mujer
u0006,c1440,moda-ropa,3.3,6,2026-08-11,reservado->comprado,negro,M,mujer
u0006,c1276,moda-calzado,3.3,1,2026-07-21,comprado,amarillo,XL,mujer
u0006,c1002,moda-ropa,4.2,2,2026-03-01,comprado,negro,S,mujer
u0007,c1036,moda-accesorio,4.3,2,2026-07-15,comprado,verde,L,mujer
u0007,c1455,moda-accesorio,3.6,1,2026-12-27,comprado,azul,L,mujer
u0007,c0965,moda-ropa,3.7,1,2026-10-25,comprado,negro,S,mujer
u0007,c0281,moda-ropa,3.4,1,2026-09-06,comprado,negro,M,hombre
u0007,c1797,moda-ropa,4.3,1,2026-09-12,comprado,rojo,XL,mujer
u0008,c0164,moda-calzado,4.3,3,2026-11-23,comprado,negro,L,hombre
u0008,c0411,moda-ropa,4.5,7,2026-12-11,reservado->comprado,negro,S,hombre
u0008,c1176,moda-accesorio,4.1,2,2026-07-17,comprado,verde,M,mujer
u0008,c1802,moda-accesorio,4.5,1,2026-05-11,comprado,multicolor,XL,mujer
u0008,c0316,moda-ropa,4.0,1,2026-02-01,comprado,blanco,L,hombre
u0009,c0521,moda-ropa,3.7,4,2026-07-02,reservado->comprado,azul,S,hombre
u0009,c1403,moda-ropa,3.6,3,2026-03-19,comprado,naranja,S,mujer
u0009,c1178,moda-ropa,4.4,2,2026-04-09,comprado,rosa,L,mujer
u0009,c1502,moda-calzado,4.9,1,2026-12-12,comprado,azul,L,mujer
u0009,c0796,moda-ropa,4.2,2,2026-02-12,comprado,negro,XL,hombre
u0009,c1474,moda-ropa,3.9,6,2026-08-15,reservado->comprado,negro,S,mujer
u0010,c1611,moda-accesorio,2.9,6,2026-02-07,reservado->comprado,rosa,M,mujer
u0010,c0854,moda-ropa,4.2,1,2026-08-12,comprado,verde,L,hombre
u0010,c0838,moda-ropa,4.2,3,2026-09-21,comprado,azul,S,hombre
u0010,c0323,moda-ropa,4.1,1,2026-01-27,comprado,blanco,L,hombre
u0010,c1301,moda-accesorio,3.9,1,2026-05-16,comprado,negro,S,mujer
u0011,c0240,moda-ropa,4.1,1,2026-05-16,comprado,rosa,L,hombre
u0011,c1672,moda-ropa,4.1,5,2026-01-10,reservado->comprado,blanco,M,mujer
u0011,c1857,moda-ropa,4.7,1,2026-05-24,comprado,varios,XL,mujer
u0011,c0694,moda-ropa,3.7,6,2026-09-10,reservado->comprado,rojo,L,hombre
u0011,c0109,moda-ropa,5.0,2,2026-10-18,comprado,negro,18,hombre
u0011,c0995,moda-ropa,4.4,1,2026-06-16,comprado,blanco,M,mujer
u0012,c1370,moda-ropa,3.7,1,2026-02-05,comprado,verde,M,mujer
u0012,c1576,moda-calzado,4.2,2,2026-06-03,comprado,negro,XL,mujer
u0012,c1407,moda-ropa,2.9,6,2026-11-17,reservado->comprado,verde,S,mujer
u0012,c1458,moda-accesorio,4.4,1,2026-09-22,comprado,blanco,S,mujer
u0012,c1576,moda-calzado,4.4,1,2026-05-26,comprado,negro,XL,mujer
u0012,c1492,moda-ropa,3.8,1,2026-03-19,comprado,morado,S,mujer
u0013,c1376,moda-ropa,3.9,2,2026-09-19,comprado,rosa,M,mujer
u0013,c1726,moda-ropa,3.3,3,2026-03-22,comprado,amarillo,S,mujer
u0013,c1190,moda-ropa,3.9,1,2026-04-08,comprado,verde,XL,mujer
u0013,c1096,moda-calzado,2.9,2,2026-10-27,comprado,beige,M,mujer
u0013,c1249,moda-ropa,3.5,3,2026-08-15,comprado,varios,M,mujer
u0014,c1154,moda-ropa,3.6,3,2026-11-24,comprado,naranja,XS,mujer
u0014,c1629,moda-ropa,3.8,1,2026-06-23,comprado,azul,M,mujer
u0014,c1125,moda-calzado,4.0,2,2026-11-28,comprado,verde,L,mujer
u0014,c1687,moda-ropa,4.2,1,2026-08-19,comprado,azul,S,mujer
u0014,c1396,moda-ropa,4.5,1,2026-08-19,comprado,negro,XL,mujer
u0014,c1736,moda-ropa,3.4,4,2026-10-04,reservado->comprado,rojo,M,mujer
u0014,c1144,moda-ropa,4.1,3,2026-02-09,comprado,morado,L,mujer
u0015,c1891,moda-accesorio,3.7,4,2026-10-07,reservado->comprado,multicolor,M,mujer
u0015,c1278,moda-accesorio,4.0,1,2026-02-05,comprado,multicolor,M,mujer
u0015,c0404,moda-ropa,4.7,2,2026-01-28,comprado,verde,L,hombre
u0015,c0651,moda-ropa,4.5,1,2026-09-09,comprado,azul,XL,hombre
u0015,c0439,moda-ropa,3.7,1,2026-04-23,comprado,azul,L,hombre
u0015,c0780,moda-ropa,3.8,2,2026-09-23,comprado,rojo,M,hombre
u0015,c1031,moda-accesorio,4.4,1,2026-04-05,comprado,rosa,M,mujer
u0016,c1004,moda-ropa,4.3,1,2026-05-19,comprado,multicolor,S,mujer
u0016,c0979,moda-ropa,3.3,2,2026-02-16,comprado,verde,M,mujer
u0016,c1470,moda-ropa,3.6,2,2026-08-08,comprado,blanco,XS,mujer
u0016,c1470,moda-ropa,3.4,1,2026-10-12,comprado,blanco,XS,mujer
u0016,c1839,moda-ropa,3.4,3,2026-02-05,reservado->comprado,negro,XL,mujer
u0016,c1624,moda-ropa,3.0,6,2026-03-13,reservado->comprado,negro,M,mujer
u0016,c1891,moda-accesorio,3.5,1,2026-08-07,comprado,multicolor,M,mujer
u0016,c1195,moda-ropa,4.3,2,2026-09-11,comprado,negro,M,mujer
u0016,c1748,moda-ropa,2.6,5,2026-06-18,reservado->comprado,negro,M,mujer
u0016,c0195,moda-ropa,3.8,1,2026-10-22,comprado,blanco,M,hombre
u0016,c1213,moda-ropa,3.6,2,2026-11-02,comprado,verde,S,mujer
u0016,c1527,moda-ropa,4.2,1,2026-11-24,comprado,gris,M,mujer
u0016,c1807,moda-ropa,4.4,1,2026-05-07,comprado,negro,XL,mujer
u0017,c0648,moda-ropa,3.0,4,2026-03-03,reservado->comprado,negro,XL,hombre
u0017,c0128,moda-ropa,3.9,1,2026-07-11,comprado,blanco,L,hombre
u0017,c1071,moda-accesorio,3.3,3,2026-09-03,comprado,varios,XL,mujer
u0017,c0438,moda-ropa,3.7,6,2026-12-22,reservado->comprado,rojo,L,hombre
u0017,c0136,moda-ropa,3.0,5,2026-01-10,reservado->comprado,azul,L,hombre
u0017,c1538,moda-ropa,2.3,5,2026-06-15,reservado->comprado,amarillo,M,mujer
u0017,c0470,moda-ropa,4.0,2,2026-06-04,comprado,blanco,S,hombre
u0017,c0936,moda-ropa,3.6,2,2026-02-17,comprado,gris,M,hombre
u0017,c0342,moda-ropa,3.7,3,2026-10-27,comprado,blanco,M,hombre
u0017,c0258,moda-ropa,3.5,1,2026-06-09,comprado,negro,L,hombre
u0017,c0628,moda-ropa,3.6,1,2026-07-03,comprado,azul,38,hombre
u0017,c0728,moda-ropa,2.9,6,2026-10-15,reservado->comprado,café,XL,hombre
u0017,c1036,moda-accesorio,3.7,1,2026-08-19,comprado,verde,L,mujer
u0017,c1763,moda-ropa,3.4,4,2026-12-20,reservado->comprado,varios,M,mujer
u0017,c0320,moda-ropa,3.8,1,2026-09-06,comprado,negro,S,hombre
u0018,c1226,moda-calzado,3.8,1,2026-09-05,comprado,amarillo,XL,mujer
u0018,c1160,moda-ropa,3.5,3,2026-07-23,comprado,naranja,S,mujer
u0018,c1867,moda-calzado,4.2,1,2026-11-11,comprado,azul,M,mujer
u0018,c1502,moda-calzado,3.8,1,2026-12-27,comprado,azul,L,mujer
u0018,c1308,moda-ropa,4.2,2,2026-01-08,comprado,azul,M,mujer
u0018,c0045,moda-ropa,3.6,1,2026-06-20,comprado,negro,M,hombre
u0018,c0705,moda-ropa,4.0,1,2026-07-13,comprado,verde,L,hombre
u0018,c1382,moda-ropa,3.7,3,2026-03-03,reservado->comprado,azul,S,mujer
u0019,c1729,moda-ropa,4.3,3,2026-11-18,comprado,varios,L,mujer
u0019,c1303,moda-ropa,4.7,3,2026-01-14,comprado,multicolor,L,mujer
u0019,c1024,moda-ropa,4.1,1,2026-04-09,comprado,amarillo,M,mujer
u0019,c1851,moda-ropa,3.8,6,2026-02-21,reservado->comprado,blanco,M,mujer
u0019,c1348,moda-ropa,4.9,1,2026-05-05,comprado,negro,L,mujer
u0019,c1883,moda-ropa,5.0,3,2026-03-03,comprado,negro,M,mujer
u0019,c1585,moda-ropa,4.6,2,2026-05-27,comprado,varios,M,mujer
u0020,c1096,moda-calzado,4.1,1,2026-12-13,comprado,beige,M,mujer
u0020,c1391,moda-ropa,4.3,1,2026-09-03,comprado,azul,S,mujer
u0020,c1139,moda-ropa,3.4,1,2026-12-09,comprado,azul,M,mujer
u0020,c1669,moda-accesorio,4.6,3,2026-03-25,comprado,varios,M,mujer
u0020,c1891,moda-accesorio,3.6,3,2026-03-05,reservado->comprado,multicolor,M,mujer
u0021,c0484,moda-ropa,4.8,3,2026-10-18,comprado,rosa,M,hombre
u0021,c0905,moda-ropa,4.2,1,2026-08-27,comprado,verde,M,hombre
u0021,c1495,moda-calzado,4.0,3,2026-08-05,reservado->comprado,negro,S,mujer
u0021,c0641,moda-ropa,3.9,1,2026-09-27,comprado,azul,L,hombre
u0021,c0561,moda-ropa,3.0,1,2026-06-27,comprado,azul,S,hombre
u0022,c1861,moda-ropa,4.2,1,2026-01-21,comprado,negro,M,mujer
u0022,c0033,moda-ropa,4.3,1,2026-06-21,comprado,rojo,M,hombre
u0022,c1458,moda-accesorio,4.1,2,2026-10-06,comprado,blanco,S,mujer
u0022,c1637,moda-ropa,3.7,2,2026-12-27,comprado,azul,M,mujer
u0022,c1203,moda-ropa,3.5,2,2026-10-14,comprado,negro,L,mujer
u0023,c0715,moda-ropa,4.6,3,2026-08-21,comprado,verde,L,hombre
u0023,c1531,moda-ropa,3.2,3,2026-04-15,reservado->comprado,negro,42,mujer
u0023,c1348,moda-ropa,3.2,5,2026-06-23,reservado->comprado,negro,L,mujer
u0023,c0282,moda-ropa,2.7,6,2026-09-05,reservado->comprado,rojo,M,hombre
u0023,c1097,moda-ropa,3.5,1,2026-09-13,comprado,verde,L,mujer
u0023,c1569,moda-ropa,3.1,4,2026-05-21,reservado->comprado,multicolor,S,mujer
u0024,c0967,moda-ropa,4.0,1,2026-06-26,comprado,negro,44,mujer
u0024,c1171,moda-accesorio,2.8,3,2026-06-18,comprado,multicolor,M,mujer
u0024,c1589,moda-ropa,3.8,1,2026-11-22,comprado,amarillo,M,mujer
u0024,c1031,moda-accesorio,4.3,1,2026-06-16,comprado,rosa,M,mujer
u0024,c0204,moda-ropa,3.5,2,2026-01-24,comprado,negro,M,hombre
u0024,c1688,moda-accesorio,4.4,1,2026-09-08,comprado,rojo,L,mujer
u0024,c1171,moda-accesorio,3.2,1,2026-03-05,comprado,multicolor,M,mujer
u0024,c1557,moda-ropa,3.6,2,2026-12-01,comprado,rosa,XL,mujer
u0024,c1607,moda-ropa,3.9,1,2026-12-26,comprado,negro,M,mujer
u0024,c1554,moda-ropa,3.9,1,2026-05-28,comprado,naranja,XS,mujer
u0024,c1899,moda-ropa,3.9,2,2026-06-18,comprado,azul,M,mujer
u0025,c0545,moda-ropa,3.8,1,2026-07-06,comprado,beige,M,hombre
u0025,c1583,moda-calzado,4.2,2,2026-02-05,comprado,azul,L,mujer
u0025,c0354,moda-ropa,3.7,1,2026-09-25,comprado,azul,38,hombre
u0025,c1867,moda-calzado,4.4,1,2026-03-26,comprado,azul,M,mujer
u0025,c1583,moda-calzado,3.8,3,2026-03-05,reservado->comprado,azul,L,mujer
u0025,c0176,moda-ropa,3.9,3,2026-07-23,comprado,azul,XL,hombre
u0026,c0962,moda-ropa,3.4,2,2026-05-18,comprado,varios,S,mujer
u0026,c1336,moda-ropa,3.8,2,2026-02-06,comprado,rojo,M,mujer
u0026,c1620,moda-ropa,3.2,1,2026-11-25,comprado,morado,S,mujer
u0026,c1583,moda-calzado,3.5,4,2026-12-03,reservado->comprado,azul,L,mujer
u0026,c1046,moda-calzado,3.6,2,2026-07-05,comprado,beige,M,mujer
u0026,c1672,moda-ropa,4.2,1,2026-09-15,comprado,blanco,M,mujer
u0026,c1752,moda-ropa,3.6,1,2026-10-22,comprado,azul,L,mujer
u0027,c1867,moda-calzado,3.3,3,2026-02-28,comprado,azul,M,mujer
u0027,c0887,moda-ropa,3.8,1,2026-08-12,comprado,rojo,M,hombre
u0027,c0492,moda-ropa,4.0,3,2026-10-14,comprado,rojo,M,hombre
u0027,c0389,moda-ropa,3.7,2,2026-05-27,comprado,varios,S,hombre
u0027,c0791,moda-ropa,3.5,2,2026-08-14,comprado,rojo,M,hombre
u0027,c0780,moda-ropa,3.0,5,2026-05-27,reservado->comprado,rojo,M,hombre
u0027,c0483,moda-ropa,3.3,2,2026-09-25,comprado,azul,L,hombre
u0027,c0390,moda-ropa,3.3,1,2026-10-12,comprado,blanco,L,hombre
u0027,c0164,moda-calzado,3.6,1,2026-08-03,comprado,negro,L,hombre
u0027,c1125,moda-calzado,4.0,2,2026-03-02,comprado,verde,L,mujer
u0027,c0333,moda-ropa,3.6,3,2026-09-26,comprado,blanco,XL,hombre
u0027,c0277,moda-ropa,4.0,3,2026-05-02,reservado->comprado,rojo,M,hombre
u0027,c0028,moda-ropa,3.8,2,2026-02-03,comprado,rojo,M,hombre
u0027,c0576,moda-ropa,4.2,2,2026-08-12,comprado,rojo,M,hombre
u0027,c0426,moda-ropa,3.8,6,2026-04-12,reservado->comprado,azul,L,hombre
u0027,c1576,moda-calzado,3.9,3,2026-04-25,comprado,negro,XL,mujer
u0027,c0074,moda-ropa,3.0,5,2026-11-04,reservado->comprado,negro,S,hombre
u0027,c0281,moda-ropa,3.4,2,2026-06-18,comprado,negro,M,hombre
u0027,c0312,moda-ropa,3.4,2,2026-09-18,comprado,blanco,S,hombre
u0027,c0070,moda-ropa,3.0,3,2026-06-24,reservado->comprado,blanco,S,hombre
u0027,c1838,moda-ropa,3.2,2,2026-06-21,comprado,rojo,L,mujer
u0027,c0885,moda-ropa,3.8,2,2026-02-03,comprado,verde,L,hombre
u0027,c0490,moda-ropa,3.2,1,2026-12-28,comprado,verde,S,hombre
u0027,c0917,moda-ropa,3.1,4,2026-01-19,reservado->comprado,varios,L,hombre
u0027,c1576,moda-calzado,3.6,1,2026-01-03,comprado,negro,XL,mujer
u0028,c1276,moda-calzado,3.9,1,2026-03-26,comprado,amarillo,XL,mujer
u0028,c1630,moda-calzado,3.9,1,2026-09-09,comprado,multicolor,XL,mujer
u0028,c0609,moda-ropa,3.8,3,2026-07-04,comprado,multicolor,S,hombre
u0028,c1191,moda-accesorio,3.6,5,2026-09-24,reservado->comprado,amarillo,M,mujer
u0029,c1495,moda-calzado,4.8,1,2026-10-18,comprado,negro,S,mujer
u0029,c1478,moda-ropa,4.2,1,2026-09-21,comprado,verde,L,mujer
u0029,c1459,moda-ropa,3.2,5,2026-12-13,reservado->comprado,multicolor,S,mujer
u0029,c1495,moda-calzado,3.9,3,2026-03-08,reservado->comprado,negro,S,mujer
u0029,c1582,moda-ropa,4.1,6,2026-01-01,reservado->comprado,varios,M,mujer
u0030,c1320,moda-ropa,4.0,3,2026-01-04,comprado,negro,L,mujer
u0030,c1226,moda-calzado,3.2,4,2026-10-19,reservado->comprado,amarillo,XL,mujer
u0030,c1802,moda-accesorio,4.6,1,2026-12-14,comprado,multicolor,XL,mujer
u0030,c1657,moda-ropa,3.2,2,2026-01-11,comprado,negro,M,mujer
u0030,c1096,moda-calzado,4.5,2,2026-08-07,comprado,beige,M,mujer
u0030,c1636,moda-ropa,3.8,1,2026-03-02,comprado,rosa,L,mujer
u0031,c1316,moda-accesorio,3.4,7,2026-07-01,reservado->comprado,verde,L,mujer
u0031,c0014,moda-calzado,3.5,3,2026-03-26,comprado,blanco,L,hombre
u0031,c0164,moda-calzado,3.5,2,2026-12-18,comprado,negro,L,hombre
u0031,c1046,moda-calzado,3.0,1,2026-09-21,comprado,beige,M,mujer
u0031,c1382,moda-ropa,4.1,3,2026-07-04,comprado,azul,S,mujer
u0032,c0565,moda-ropa,3.8,1,2026-12-27,comprado,blanco,L,hombre
u0032,c1583,moda-calzado,3.3,3,2026-03-04,comprado,azul,L,mujer
u0032,c1307,moda-accesorio,2.9,4,2026-11-10,reservado->comprado,rosa,M,mujer
u0032,c0719,moda-ropa,3.9,1,2026-10-01,comprado,multicolor,L,hombre
u0032,c0014,moda-calzado,3.9,2,2026-06-06,comprado,blanco,L,hombre
u0032,c0110,moda-ropa,3.3,3,2026-09-04,reservado->comprado,verde,M,hombre
u0032,c0045,moda-ropa,3.7,1,2026-07-15,comprado,negro,M,hombre
u0032,c0653,moda-ropa,3.9,2,2026-08-22,comprado,azul,S,hombre
u0032,c0103,moda-ropa,3.8,1,2026-10-23,comprado,azul,L,hombre
u0032,c0195,moda-ropa,2.9,4,2026-10-10,reservado->comprado,blanco,M,hombre
u0032,c0092,moda-ropa,3.9,1,2026-10-28,comprado,negro,XL,hombre
u0032,c0573,moda-ropa,4.7,2,2026-04-27,comprado,rojo,XL,hombre
u0032,c0349,moda-ropa,4.3,1,2026-06-23,comprado,verde,S,hombre
u0032,c0320,moda-ropa,3.3,2,2026-07-10,comprado,negro,S,hombre
u0032,c1291,moda-accesorio,3.2,5,2026-12-28,reservado->comprado,rojo,M,mujer
u0032,c0253,moda-ropa,3.5,3,2026-09-15,comprado,blanco,S,hombre
u0033,c0481,moda-ropa,4.3,3,2026-11-11,comprado,verde,S,hombre
u0033,c1046,moda-calzado,4.8,1,2026-05-11,comprado,beige,M,mujer
u0033,c1046,moda-calzado,4.7,1,2026-07-10,comprado,beige,M,mujer
u0033,c1276,moda-calzado,4.7,3,2026-01-17,comprado,amarillo,XL,mujer
u0033,c1226,moda-calzado,4.0,4,2026-02-27,reservado->comprado,amarillo,XL,mujer
u0034,c1352,moda-ropa,4.6,3,2026-06-10,comprado,multicolor,M,mujer
u0034,c1745,moda-ropa,4.1,5,2026-05-01,reservado->comprado,rosa,L,mujer
u0034,c1202,moda-ropa,4.0,3,2026-05-08,reservado->comprado,morado,L,mujer
u0034,c1829,moda-ropa,4.7,1,2026-05-10,comprado,multicolor,M,mujer
u0034,c1268,moda-ropa,3.9,5,2026-12-10,reservado->comprado,blanco,S,mujer
u0035,c1583,moda-calzado,4.0,3,2026-03-13,comprado,azul,L,mujer
u0035,c1136,moda-accesorio,4.0,1,2026-12-28,comprado,amarillo,S,mujer
u0035,c0263,moda-ropa,3.9,5,2026-09-23,reservado->comprado,negro,L,hombre
u0035,c0164,moda-calzado,4.3,1,2026-11-02,comprado,negro,L,hombre
u0035,c0926,moda-ropa,4.0,3,2026-05-06,comprado,verde,L,hombre
u0035,c0257,moda-ropa,3.9,1,2026-01-12,comprado,verde,L,hombre
u0035,c0047,moda-ropa,4.3,2,2026-02-16,comprado,blanco,M,hombre
u0036,c1891,moda-accesorio,4.9,1,2026-12-15,comprado,multicolor,M,mujer
u0036,c1316,moda-accesorio,4.7,3,2026-12-04,comprado,verde,L,mujer
u0036,c0982,moda-accesorio,4.6,2,2026-01-02,comprado,verde,M,mujer
u0036,c0066,moda-ropa,4.2,6,2026-04-26,reservado->comprado,rojo,L,hombre
u0036,c0115,moda-ropa,4.2,1,2026-08-14,comprado,azul,M,hombre
u0037,c0903,moda-ropa,3.4,1,2026-11-04,comprado,verde,M,hombre
u0037,c0589,moda-ropa,3.6,1,2026-09-12,comprado,rosa,L,hombre
u0037,c1107,moda-accesorio,3.9,1,2026-08-02,comprado,morado,M,mujer
u0037,c1518,moda-ropa,3.5,6,2026-11-21,reservado->comprado,azul,M,mujer
u0037,c1769,moda-ropa,3.7,1,2026-04-14,comprado,verde,M,mujer
u0038,c0179,moda-ropa,3.5,2,2026-03-10,comprado,azul,M,hombre
u0038,c0370,moda-ropa,4.3,1,2026-04-17,comprado,azul,L,hombre
u0038,c0117,moda-ropa,4.2,1,2026-11-20,comprado,azul,L,hombre
u0038,c1630,moda-calzado,3.3,5,2026-01-04,reservado->comprado,multicolor,XL,mujer
u0038,c0077,moda-ropa,3.9,2,2026-09-26,comprado,azul,XL,hombre
u0039,c1048,moda-ropa,4.1,6,2026-10-19,reservado->comprado,azul,XS,mujer
u0039,c1814,moda-ropa,4.5,1,2026-05-20,comprado,verde,L,mujer
u0039,c0164,moda-calzado,3.9,3,2026-03-05,comprado,negro,L,hombre
u0039,c1633,moda-ropa,4.2,1,2026-01-21,comprado,negro,M,mujer
u0039,c1870,moda-ropa,3.5,2,2026-09-06,comprado,varios,L,mujer
u0040,c1491,moda-ropa,3.6,3,2026-06-18,comprado,blanco,54,mujer
u0040,c1908,moda-ropa,3.2,3,2026-04-08,reservado->comprado,blanco,42,mujer
u0040,c1121,moda-ropa,4.2,1,2026-12-02,comprado,varios,M,mujer
u0040,c1234,moda-ropa,3.7,1,2026-04-04,comprado,naranja,XS,mujer
u0040,c1143,moda-ropa,4.0,1,2026-04-24,comprado,verde,37,mujer
u0041,c1615,moda-ropa,4.9,1,2026-04-05,comprado,varios,M,mujer
u0041,c1125,moda-calzado,4.2,1,2026-12-25,comprado,verde,L,mujer
u0041,c1242,moda-ropa,3.7,5,2026-09-07,reservado->comprado,morado,38,mujer
u0041,c1227,moda-ropa,4.6,1,2026-10-25,comprado,azul,M,mujer
u0041,c1867,moda-calzado,4.6,3,2026-01-04,comprado,azul,M,mujer
u0042,c1289,moda-ropa,4.0,1,2026-07-20,comprado,varios,L,mujer
u0042,c1246,moda-ropa,3.8,5,2026-08-17,reservado->comprado,rosa,M,mujer
u0042,c1011,moda-accesorio,3.5,3,2026-02-02,reservado->comprado,rosa,L,mujer
u0042,c0982,moda-accesorio,3.9,1,2026-11-17,comprado,verde,M,mujer
u0042,c1492,moda-ropa,3.7,3,2026-01-28,comprado,morado,S,mujer
u0042,c1201,moda-ropa,4.0,2,2026-03-23,comprado,negro,S,mujer
u0043,c1420,moda-ropa,3.4,3,2026-04-16,comprado,azul,XL,mujer
u0043,c0650,moda-ropa,4.3,1,2026-05-04,comprado,azul,S,hombre
u0043,c0130,moda-ropa,3.8,1,2026-01-03,comprado,blanco,S,hombre
u0043,c0188,moda-ropa,3.6,2,2026-02-02,comprado,blanco,S,hombre
u0043,c1458,moda-accesorio,3.6,2,2026-11-17,comprado,blanco,S,mujer
u0043,c1802,moda-accesorio,3.8,2,2026-05-13,comprado,multicolor,XL,mujer
u0044,c1107,moda-accesorio,3.7,2,2026-01-02,comprado,morado,M,mujer
u0044,c1104,moda-ropa,3.5,2,2026-03-18,comprado,rosa,M,mujer
u0044,c1008,moda-ropa,3.7,1,2026-02-08,comprado,negro,M,mujer
u0044,c1289,moda-ropa,3.6,4,2026-03-01,reservado->comprado,varios,L,mujer
u0044,c1837,moda-ropa,3.1,1,2026-08-24,comprado,morado,M,mujer
u0044,c1782,moda-ropa,4.3,1,2026-10-05,comprado,negro,S,mujer
u0044,c1835,moda-ropa,4.2,1,2026-12-27,comprado,rojo,M,mujer
u0044,c1671,moda-accesorio,3.1,2,2026-05-17,comprado,rosa,M,mujer
u0044,c1036,moda-accesorio,3.4,6,2026-12-25,reservado->comprado,verde,L,mujer
u0044,c0397,moda-ropa,3.6,1,2026-03-01,comprado,verde,XL,hombre
u0044,c1669,moda-accesorio,3.5,1,2026-08-27,comprado,varios,M,mujer
u0044,c1702,moda-ropa,3.0,1,2026-08-25,comprado,azul,M,mujer
u0044,c1068,moda-ropa,3.5,1,2026-01-07,comprado,amarillo,M,mujer
u0044,c1291,moda-accesorio,3.6,1,2026-02-22,comprado,rojo,M,mujer
u0044,c1554,moda-ropa,3.8,3,2026-12-24,comprado,naranja,XS,mujer
u0045,c1567,moda-ropa,4.3,2,2026-03-22,comprado,rojo,M,mujer
u0045,c1727,moda-ropa,4.3,1,2026-07-15,comprado,rosa,S,mujer
u0045,c1276,moda-calzado,5.0,1,2026-03-16,comprado,amarillo,XL,mujer
u0045,c1458,moda-accesorio,4.4,2,2026-12-28,comprado,blanco,S,mujer
u0045,c0978,moda-ropa,3.8,5,2026-09-04,reservado->comprado,varios,M,mujer
u0046,c0692,moda-ropa,3.8,3,2026-02-11,comprado,azul,L,hombre
u0046,c1312,moda-calzado,4.7,2,2026-10-08,comprado,amarillo,M,mujer
u0046,c0664,moda-ropa,4.8,1,2026-04-24,comprado,rojo,S,hombre
u0046,c0336,moda-ropa,4.5,1,2026-01-06,comprado,verde,M,hombre
u0047,c1237,moda-ropa,4.0,5,2026-11-14,reservado->comprado,rosa,L,mujer
u0047,c1316,moda-accesorio,4.3,2,2026-12-15,comprado,verde,L,mujer
u0047,c0435,moda-ropa,3.1,6,2026-03-23,reservado->comprado,rosa,L,hombre
u0047,c1762,moda-ropa,3.5,2,2026-10-03,comprado,blanco,S,mujer
u0047,c0258,moda-ropa,4.4,2,2026-11-26,comprado,negro,L,hombre
u0048,c1031,moda-accesorio,5.0,1,2026-06-02,comprado,rosa,M,mujer
u0048,c1230,moda-ropa,4.7,3,2026-07-18,comprado,negro,M,mujer
u0048,c1185,moda-ropa,4.3,5,2026-05-06,reservado->comprado,negro,M,mujer
u0048,c1495,moda-calzado,5.0,1,2026-10-25,comprado,negro,S,mujer
u0048,c1429,moda-accesorio,4.8,3,2026-03-12,comprado,amarillo,XL,mujer
u0049,c0432,moda-ropa,5.0,1,2026-10-07,comprado,negro,L,hombre
u0049,c0870,moda-ropa,4.4,1,2026-05-16,comprado,blanco,XL,hombre
u0049,c0768,moda-ropa,4.3,1,2026-04-18,comprado,azul,M,hombre
u0049,c0474,moda-ropa,4.2,1,2026-06-04,comprado,verde,S,hombre
u0049,c0982,moda-accesorio,4.3,3,2026-05-08,comprado,verde,M,mujer
u0050,c0708,moda-ropa,4.3,1,2026-09-05,comprado,gris,L,hombre
u0050,c0441,moda-ropa,4.2,1,2026-12-23,comprado,blanco,S,hombre
u0050,c0781,moda-ropa,4.3,2,2026-09-15,comprado,rojo,M,hombre
u0050,c1351,moda-ropa,4.1,3,2026-04-07,comprado,negro,L,mujer
u0051,c0927,moda-ropa,3.0,7,2026-03-10,reservado->comprado,azul,L,hombre
u0051,c0480,moda-ropa,3.4,1,2026-12-23,comprado,negro,S,hombre
u0051,c0408,moda-ropa,3.7,2,2026-03-09,comprado,negro,M,hombre
u0051,c1749,moda-calzado,3.7,2,2026-01-01,comprado,rosa,S,mujer
u0051,c0318,moda-ropa,2.5,3,2026-09-03,reservado->comprado,verde,XL,hombre
u0052,c0675,moda-ropa,3.1,1,2026-10-06,comprado,amarillo,M,hombre
u0052,c1861,moda-ropa,3.7,2,2026-03-04,comprado,negro,M,mujer
u0052,c1749,moda-calzado,3.9,2,2026-11-16,comprado,rosa,S,mujer
u0052,c1160,moda-ropa,3.9,1,2026-02-17,comprado,naranja,S,mujer
u0052,c0104,moda-ropa,3.8,1,2026-11-09,comprado,blanco,L,hombre
u0052,c1720,moda-ropa,3.8,1,2026-08-19,comprado,naranja,M,mujer
u0052,c1460,moda-ropa,3.7,3,2026-02-18,reservado->comprado,azul,L,mujer
u0052,c1684,moda-ropa,3.7,1,2026-09-17,comprado,multicolor,M,mujer
u0052,c1351,moda-ropa,3.6,3,2026-01-23,comprado,negro,L,mujer
u0052,c1624,moda-ropa,4.3,2,2026-05-10,comprado,negro,M,mujer
u0052,c1911,moda-ropa,4.2,1,2026-04-07,comprado,multicolor,S,mujer
u0052,c0345,moda-ropa,3.3,3,2026-11-06,reservado->comprado,negro,M,hombre
u0052,c1619,moda-ropa,3.3,1,2026-10-17,comprado,azul,M,mujer
u0052,c0539,moda-ropa,3.1,1,2026-11-27,comprado,blanco,M,hombre
u0052,c1276,moda-calzado,3.5,5,2026-09-04,reservado->comprado,amarillo,XL,mujer
u0053,c1502,moda-calzado,4.6,1,2026-07-11,comprado,azul,L,mujer
u0053,c1276,moda-calzado,4.6,1,2026-10-06,comprado,amarillo,XL,mujer
u0053,c1517,moda-ropa,4.2,1,2026-01-18,comprado,beige,L,mujer
u0053,c1276,moda-calzado,4.9,3,2026-04-13,comprado,amarillo,XL,mujer
u0053,c0012,moda-ropa,4.2,1,2026-06-07,comprado,varios,M,hombre
u0054,c1578,moda-ropa,3.0,1,2026-07-22,comprado,varios,S,mujer
u0054,c1549,moda-ropa,3.6,1,2026-11-07,comprado,blanco,S,mujer
u0054,c1270,moda-ropa,3.4,4,2026-03-03,reservado->comprado,blanco,S,mujer
u0054,c1404,moda-ropa,3.3,1,2026-07-14,comprado,varios,L,mujer
u0054,c1856,moda-ropa,4.1,6,2026-08-19,reservado->comprado,negro,L,mujer
u0054,c1539,moda-ropa,3.9,1,2026-11-18,comprado,multicolor,M,mujer
u0055,c0902,moda-ropa,4.0,3,2026-05-17,comprado,rojo,M,hombre
u0055,c1502,moda-calzado,3.5,5,2026-02-19,reservado->comprado,azul,L,mujer
u0055,c1742,moda-ropa,4.4,1,2026-03-08,comprado,azul,M,mujer
u0055,c1633,moda-ropa,3.4,5,2026-01-05,reservado->comprado,negro,M,mujer
u0055,c0889,moda-ropa,4.4,2,2026-05-17,comprado,multicolor,M,hombre
u0056,c1661,moda-ropa,2.8,3,2026-08-01,reservado->comprado,blanco,XL,mujer
u0056,c1079,moda-ropa,4.0,5,2026-09-12,reservado->comprado,negro,S,mujer
u0056,c1831,moda-ropa,4.3,1,2026-02-22,comprado,rosa,S,mujer
u0056,c1301,moda-accesorio,4.0,1,2026-07-01,comprado,negro,S,mujer
u0056,c1021,moda-accesorio,4.6,1,2026-12-16,comprado,rojo,XL,mujer
u0057,c1504,moda-ropa,3.8,1,2026-04-27,comprado,gris,M,mujer
u0057,c1240,moda-ropa,2.9,2,2026-08-25,comprado,naranja,L,mujer
u0057,c1667,moda-ropa,4.1,1,2026-02-21,comprado,amarillo,S,mujer
u0057,c1185,moda-ropa,3.5,5,2026-10-26,reservado->comprado,negro,M,mujer
u0057,c1742,moda-ropa,3.5,1,2026-10-19,comprado,azul,M,mujer
u0058,c1312,moda-calzado,4.1,1,2026-03-12,comprado,amarillo,M,mujer
u0058,c0738,moda-ropa,3.9,4,2026-04-09,reservado->comprado,azul,M,hombre
u0058,c1301,moda-accesorio,4.7,3,2026-04-07,comprado,negro,S,mujer
u0058,c0087,moda-ropa,4.0,2,2026-08-14,comprado,rojo,M,hombre
u0058,c0395,moda-ropa,4.4,3,2026-02-01,comprado,rosa,S,hombre
u0058,c1176,moda-accesorio,4.2,1,2026-01-05,comprado,verde,M,mujer
u0059,c0550,moda-ropa,3.7,3,2026-08-19,comprado,rojo,S,hombre
u0059,c1071,moda-accesorio,4.5,2,2026-12-20,comprado,varios,XL,mujer
u0059,c1291,moda-accesorio,3.4,2,2026-02-18,comprado,rojo,M,mujer
u0059,c0586,moda-ropa,3.7,3,2026-08-23,reservado->comprado,blanco,XL,hombre
u0059,c1125,moda-calzado,4.5,1,2026-05-19,comprado,verde,L,mujer
u0060,c1669,moda-accesorio,3.4,3,2026-01-26,comprado,varios,M,mujer
u0060,c1390,moda-accesorio,3.5,1,2026-03-04,comprado,beige,XL,mujer
u0060,c1450,moda-ropa,4.0,1,2026-06-13,comprado,verde,L,mujer
u0060,c1688,moda-accesorio,4.2,3,2026-05-28,comprado,rojo,L,mujer
u0060,c1208,moda-ropa,3.9,1,2026-02-05,comprado,blanco,L,mujer
u0061,c1429,moda-accesorio,5.0,1,2026-09-19,comprado,amarillo,XL,mujer
u0061,c1136,moda-accesorio,5.0,2,2026-08-19,comprado,amarillo,S,mujer
u0061,c1031,moda-accesorio,4.8,1,2026-12-08,comprado,rosa,M,mujer
u0061,c1723,moda-ropa,4.2,1,2026-04-20,comprado,negro,L,mujer
u0061,c1139,moda-ropa,4.4,3,2026-02-12,comprado,azul,M,mujer
u0061,c1617,moda-ropa,4.6,2,2026-01-16,comprado,multicolor,L,mujer
u0061,c0073,moda-ropa,4.2,1,2026-05-14,comprado,azul,L,hombre
u0062,c1576,moda-calzado,3.5,1,2026-05-01,comprado,negro,XL,mujer
u0062,c1728,moda-ropa,3.4,3,2026-01-02,reservado->comprado,blanco,M,mujer
u0062,c1125,moda-calzado,4.6,3,2026-12-04,comprado,verde,L,mujer
u0062,c1576,moda-calzado,4.2,4,2026-01-23,reservado->comprado,negro,XL,mujer
u0062,c0326,moda-ropa,4.6,2,2026-09-10,comprado,blanco,M,hombre
u0063,c1553,moda-ropa,3.7,1,2026-12-24,comprado,negro,M,mujer
u0063,c1120,moda-ropa,3.9,3,2026-02-05,comprado,naranja,M,mujer
u0063,c1536,moda-ropa,3.7,2,2026-01-07,comprado,azul,M,mujer
u0063,c1091,moda-ropa,3.2,5,2026-07-22,reservado->comprado,varios,M,mujer
u0063,c1232,moda-ropa,3.4,1,2026-02-01,comprado,negro,M,mujer
u0064,c1855,moda-ropa,3.6,1,2026-10-24,comprado,café,S,mujer
u0064,c1671,moda-accesorio,4.3,1,2026-11-08,comprado,rosa,M,mujer
u0064,c1325,moda-ropa,3.3,6,2026-09-14,reservado->comprado,azul,XS,mujer
u0064,c1140,moda-ropa,3.4,1,2026-02-15,comprado,café,L,mujer
u0064,c0968,moda-ropa,3.7,1,2026-02-07,comprado,blanco,S,mujer
u0064,c1810,moda-ropa,4.4,1,2026-07-04,comprado,negro,M,mujer
u0065,c1291,moda-accesorio,4.7,2,2026-05-08,comprado,rojo,M,mujer
u0065,c1218,moda-ropa,4.1,5,2026-04-16,reservado->comprado,blanco,M,mujer
u0065,c1106,moda-ropa,3.2,5,2026-11-10,reservado->comprado,morado,XL,mujer
u0065,c1892,moda-ropa,3.9,1,2026-10-27,comprado,negro,S,mujer
u0065,c1314,moda-ropa,4.3,2,2026-09-06,comprado,negro,S,mujer
u0065,c1417,moda-ropa,4.2,5,2026-01-01,reservado->comprado,morado,M,mujer
u0065,c1218,moda-ropa,4.0,2,2026-02-12,comprado,blanco,M,mujer
u0065,c1398,moda-ropa,4.8,2,2026-05-16,comprado,negro,L,mujer
u0065,c1176,moda-accesorio,4.2,1,2026-10-04,comprado,verde,M,mujer
u0066,c1576,moda-calzado,2.8,3,2026-01-14,reservado->comprado,negro,XL,mujer
u0066,c1538,moda-ropa,4.2,2,2026-12-13,comprado,amarillo,M,mujer
u0066,c1749,moda-calzado,3.4,3,2026-04-01,reservado->comprado,rosa,S,mujer
u0066,c1630,moda-calzado,4.3,2,2026-12-12,comprado,multicolor,XL,mujer
u0066,c1509,moda-ropa,3.6,1,2026-03-20,comprado,amarillo,M,mujer
u0067,c0536,moda-ropa,3.8,1,2026-11-06,comprado,amarillo,M,hombre
u0067,c0324,moda-ropa,3.8,4,2026-09-24,reservado->comprado,verde,S,hombre
u0067,c0617,moda-ropa,3.7,4,2026-11-02,reservado->comprado,azul,S,hombre
u0067,c0285,moda-ropa,3.7,1,2026-05-16,comprado,rojo,L,hombre
u0067,c0646,moda-ropa,4.4,2,2026-11-17,comprado,rojo,S,hombre
u0067,c0559,moda-ropa,4.2,1,2026-09-11,comprado,rojo,L,hombre
u0067,c0420,moda-ropa,3.8,1,2026-05-15,comprado,rojo,L,hombre
u0067,c0628,moda-ropa,5.0,3,2026-11-01,comprado,azul,38,hombre
u0067,c1502,moda-calzado,3.1,5,2026-12-16,reservado->comprado,azul,L,mujer
u0067,c0136,moda-ropa,3.3,4,2026-03-28,reservado->comprado,azul,L,hombre
u0067,c1773,moda-ropa,3.7,3,2026-09-14,reservado->comprado,negro,S,mujer
u0067,c0824,moda-ropa,3.8,3,2026-07-23,comprado,rojo,M,hombre
u0067,c0775,moda-ropa,4.0,1,2026-10-19,comprado,naranja,S,hombre
u0067,c0513,moda-ropa,3.8,1,2026-01-13,comprado,rojo,M,hombre
u0067,c0591,moda-ropa,3.9,3,2026-06-10,comprado,blanco,S,hombre
u0067,c0329,moda-ropa,4.1,1,2026-02-25,comprado,rojo,18,hombre
u0067,c1384,moda-ropa,4.5,3,2026-07-13,comprado,azul,XL,mujer
u0068,c0420,moda-ropa,4.1,1,2026-01-22,comprado,rojo,L,hombre
u0068,c0179,moda-ropa,4.0,1,2026-01-20,comprado,azul,M,hombre
u0068,c0894,moda-ropa,3.7,2,2026-10-18,comprado,azul,M,hombre
u0068,c1202,moda-ropa,4.1,3,2026-10-01,comprado,morado,L,mujer
u0068,c0019,moda-ropa,3.9,1,2026-05-09,comprado,negro,M,hombre
u0069,c1548,moda-ropa,4.1,1,2026-07-13,comprado,azul,L,mujer
u0069,c1313,moda-ropa,4.1,2,2026-07-13,comprado,naranja,XS,mujer
u0069,c0531,moda-ropa,4.2,2,2026-06-26,comprado,rojo,S,hombre
u0069,c0410,moda-ropa,3.3,1,2026-09-18,comprado,negro,XL,hombre
u0070,c1021,moda-accesorio,4.5,2,2026-09-22,comprado,rojo,XL,mujer
u0070,c0775,moda-ropa,4.9,1,2026-08-19,comprado,naranja,S,hombre
u0070,c0929,moda-ropa,5.0,2,2026-06-08,comprado,blanco,S,hombre
u0070,c1891,moda-accesorio,3.9,3,2026-11-22,comprado,multicolor,M,mujer
u0070,c0067,moda-ropa,5.0,1,2026-07-18,comprado,verde,M,hombre
u0071,c0647,moda-ropa,3.3,4,2026-12-14,reservado->comprado,verde,S,hombre
u0071,c0024,moda-ropa,4.1,5,2026-04-23,reservado->comprado,negro,XL,hombre
u0071,c1046,moda-calzado,4.1,3,2026-09-16,comprado,beige,M,mujer
u0071,c0130,moda-ropa,4.7,1,2026-04-28,comprado,blanco,S,hombre
u0071,c1276,moda-calzado,4.5,1,2026-11-05,comprado,amarillo,XL,mujer
u0072,c1180,moda-ropa,3.9,2,2026-08-15,comprado,negro,S,mujer
u0072,c0561,moda-ropa,4.4,3,2026-12-01,comprado,azul,S,hombre
u0072,c0923,moda-ropa,3.7,1,2026-03-09,comprado,rojo,S,hombre
u0072,c1144,moda-ropa,4.5,1,2026-05-21,comprado,morado,L,mujer
u0072,c1185,moda-ropa,3.6,2,2026-10-12,comprado,negro,M,mujer
u0072,c1750,moda-ropa,4.3,2,2026-05-09,comprado,dorado,S,mujer
u0072,c0439,moda-ropa,3.6,5,2026-06-28,reservado->comprado,azul,L,hombre
u0073,c0273,moda-ropa,3.6,3,2026-10-01,comprado,blanco,L,hombre
u0073,c0584,moda-ropa,3.1,2,2026-03-12,comprado,rojo,M,hombre
u0073,c1753,moda-ropa,3.9,1,2026-08-10,comprado,naranja,XS,mujer
u0073,c0948,moda-ropa,3.8,1,2026-08-05,comprado,multicolor,S,hombre
u0073,c1583,moda-calzado,4.4,2,2026-11-05,comprado,azul,L,mujer
u0073,c0968,moda-ropa,4.1,2,2026-08-09,comprado,blanco,S,mujer
u0074,c0615,moda-ropa,4.1,4,2026-08-05,reservado->comprado,rojo,L,hombre
u0074,c1171,moda-accesorio,4.7,1,2026-06-25,comprado,multicolor,M,mujer
u0074,c0868,moda-ropa,3.9,3,2026-11-03,reservado->comprado,café,M,hombre
u0074,c0643,moda-ropa,3.9,5,2026-11-26,reservado->comprado,rojo,M,hombre
u0074,c1107,moda-accesorio,4.4,1,2026-05-04,comprado,morado,M,mujer
u0074,c0674,moda-ropa,4.2,1,2026-01-10,comprado,blanco,L,hombre
u0074,c1136,moda-accesorio,5.0,1,2026-11-02,comprado,amarillo,S,mujer
u0074,c0945,moda-ropa,5.0,1,2026-06-22,comprado,azul,L,hombre
u0074,c1390,moda-accesorio,5.0,1,2026-08-07,comprado,beige,XL,mujer
u0074,c0572,moda-ropa,4.2,1,2026-04-09,comprado,blanco,S,hombre
u0074,c0036,moda-ropa,4.9,1,2026-06-12,comprado,rojo,M,hombre
u0074,c0547,moda-ropa,3.5,3,2026-09-23,reservado->comprado,rojo,L,hombre
u0074,c1036,moda-accesorio,4.9,2,2026-10-25,comprado,verde,L,mujer
u0074,c0768,moda-ropa,4.3,1,2026-10-05,comprado,azul,M,hombre
u0074,c0279,moda-ropa,3.8,2,2026-06-24,comprado,rojo,L,hombre
u0074,c0190,moda-ropa,5.0,3,2026-10-13,comprado,rojo,M,hombre
u0074,c0547,moda-ropa,4.5,1,2026-06-21,comprado,rojo,L,hombre
u0074,c0615,moda-ropa,4.6,5,2026-10-15,reservado->comprado,rojo,L,hombre
u0074,c1107,moda-accesorio,4.5,1,2026-07-06,comprado,morado,M,mujer
u0074,c0722,moda-ropa,4.5,1,2026-06-11,comprado,blanco,XL,hombre
u0074,c0328,moda-ropa,3.9,1,2026-02-28,comprado,rojo,L,hombre
u0074,c0299,moda-ropa,3.6,4,2026-11-15,reservado->comprado,varios,L,hombre
u0074,c1390,moda-accesorio,3.9,3,2026-05-20,comprado,beige,XL,mujer
u0074,c1291,moda-accesorio,3.6,1,2026-10-22,comprado,rojo,M,mujer
u0074,c0468,moda-ropa,4.0,1,2026-11-10,comprado,rojo,M,hombre
u0074,c0989,moda-ropa,4.6,2,2026-02-01,comprado,rosa,L,mujer
u0074,c0211,moda-ropa,4.0,4,2026-08-16,reservado->comprado,rojo,M,hombre
u0074,c0619,moda-ropa,4.1,1,2026-04-06,comprado,verde,M,hombre
u0074,c0260,moda-ropa,4.1,4,2026-10-18,reservado->comprado,azul,L,hombre
u0074,c1069,moda-ropa,3.9,4,2026-01-21,reservado->comprado,rosa,L,mujer
u0074,c0411,moda-ropa,4.3,2,2026-10-24,comprado,negro,S,hombre
u0075,c0688,moda-ropa,2.9,1,2026-07-23,comprado,rojo,M,hombre
u0075,c0892,moda-ropa,4.0,1,2026-07-14,comprado,azul,M,hombre
u0075,c0679,moda-ropa,3.3,6,2026-06-08,reservado->comprado,naranja,M,hombre
u0075,c1238,moda-ropa,3.1,3,2026-11-15,comprado,verde,XL,mujer
u0075,c0443,moda-ropa,3.9,1,2026-07-08,comprado,multicolor,M,hombre
u0076,c1046,moda-calzado,4.0,1,2026-06-01,comprado,beige,M,mujer
u0076,c0955,moda-accesorio,3.8,1,2026-05-08,comprado,morado,M,mujer
u0076,c1576,moda-calzado,4.5,1,2026-06-05,comprado,negro,XL,mujer
u0076,c1429,moda-accesorio,3.0,6,2026-02-01,reservado->comprado,amarillo,XL,mujer
u0076,c1749,moda-calzado,4.1,1,2026-04-28,comprado,rosa,S,mujer
u0077,c1768,moda-ropa,4.3,5,2026-07-20,reservado->comprado,azul,XL,mujer
u0077,c1583,moda-calzado,4.6,1,2026-04-16,comprado,azul,L,mujer
u0077,c1458,moda-accesorio,4.2,1,2026-09-15,comprado,blanco,S,mujer
u0077,c1312,moda-calzado,5.0,1,2026-07-01,comprado,amarillo,M,mujer
u0077,c1409,moda-ropa,4.9,1,2026-05-15,comprado,negro,L,mujer
u0077,c1276,moda-calzado,3.6,5,2026-05-08,reservado->comprado,amarillo,XL,mujer
u0078,c1046,moda-calzado,4.1,1,2026-10-17,comprado,beige,M,mujer
u0078,c1535,moda-ropa,5.0,1,2026-06-09,comprado,rosa,S,mujer
u0078,c1576,moda-calzado,3.4,5,2026-03-10,reservado->comprado,negro,XL,mujer
u0078,c0603,moda-ropa,3.7,5,2026-11-09,reservado->comprado,blanco,L,hombre
u0078,c1807,moda-ropa,3.7,1,2026-01-17,comprado,negro,XL,mujer
u0079,c1055,moda-ropa,2.9,6,2026-04-27,reservado->comprado,rojo,M,mujer
u0079,c1284,moda-ropa,3.5,3,2026-02-18,reservado->comprado,multicolor,M,mujer
u0079,c1868,moda-ropa,3.4,4,2026-03-26,reservado->comprado,blanco,M,mujer
u0079,c1006,moda-ropa,3.5,1,2026-08-13,comprado,negro,50,mujer
u0079,c0962,moda-ropa,2.8,4,2026-02-14,reservado->comprado,varios,S,mujer
u0079,c1891,moda-accesorio,3.4,1,2026-11-10,comprado,multicolor,M,mujer
u0079,c1595,moda-ropa,3.6,1,2026-02-04,comprado,multicolor,XS,mujer
u0080,c1242,moda-ropa,3.7,4,2026-10-05,reservado->comprado,morado,38,mujer
u0080,c1107,moda-accesorio,4.1,6,2026-01-12,reservado->comprado,morado,M,mujer
u0080,c1495,moda-calzado,3.9,1,2026-04-21,comprado,negro,S,mujer
u0080,c1353,moda-ropa,4.6,2,2026-04-08,comprado,naranja,XS,mujer
u0080,c1139,moda-ropa,4.5,1,2026-06-06,comprado,azul,M,mujer
u0081,c0626,moda-ropa,2.9,1,2026-04-02,comprado,rojo,M,hombre
u0081,c1447,moda-accesorio,3.6,1,2026-02-15,comprado,negro,S,mujer
u0081,c0247,moda-ropa,4.1,2,2026-06-27,comprado,blanco,L,hombre
u0081,c0468,moda-ropa,3.5,2,2026-06-06,comprado,rojo,M,hombre
u0081,c0279,moda-ropa,3.5,3,2026-09-20,comprado,rojo,L,hombre
u0081,c0223,moda-ropa,3.5,1,2026-09-20,comprado,azul,M,hombre
u0082,c1330,moda-ropa,3.1,5,2026-05-13,reservado->comprado,verde,S,mujer
u0082,c1576,moda-calzado,4.7,1,2026-05-08,comprado,negro,XL,mujer
u0082,c1402,moda-ropa,4.5,1,2026-07-01,comprado,gris,S,mujer
u0082,c1545,moda-ropa,3.7,5,2026-11-13,reservado->comprado,azul,L,mujer
u0082,c1132,moda-ropa,4.1,2,2026-05-20,comprado,varios,M,mujer
u0083,c0628,moda-ropa,4.8,1,2026-12-20,comprado,azul,38,hombre
u0083,c0971,moda-ropa,4.2,2,2026-11-22,comprado,multicolor,L,mujer
u0083,c0502,moda-ropa,3.8,3,2026-12-09,comprado,varios,M,hombre
u0083,c1611,moda-accesorio,4.0,1,2026-06-28,comprado,rosa,M,mujer
u0083,c0768,moda-ropa,4.2,3,2026-06-18,comprado,azul,M,hombre
u0083,c0697,moda-ropa,4.1,1,2026-05-01,comprado,verde,L,hombre
u0083,c1455,moda-accesorio,4.1,1,2026-01-15,comprado,azul,L,mujer
u0083,c0488,moda-ropa,4.4,1,2026-06-03,comprado,negro,L,hombre
u0083,c0658,moda-ropa,4.4,1,2026-04-13,comprado,azul,M,hombre
u0083,c0011,moda-ropa,3.9,1,2026-09-13,comprado,blanco,S,hombre
u0083,c0608,moda-ropa,3.3,1,2026-04-05,comprado,rojo,M,hombre
u0083,c0609,moda-ropa,3.7,1,2026-08-13,comprado,multicolor,S,hombre
u0083,c1904,moda-ropa,4.6,2,2026-02-16,comprado,negro,L,mujer
u0083,c1429,moda-accesorio,3.8,2,2026-10-04,comprado,amarillo,XL,mujer
u0083,c0467,moda-ropa,3.9,1,2026-12-26,comprado,amarillo,M,hombre
u0083,c0127,moda-ropa,3.7,6,2026-07-17,reservado->comprado,rojo,M,hombre
u0083,c0797,moda-ropa,3.4,7,2026-03-26,reservado->comprado,negro,M,hombre
u0083,c1618,moda-ropa,4.4,2,2026-02-26,comprado,azul,L,mujer
u0083,c0716,moda-ropa,3.9,1,2026-10-20,comprado,negro,XL,hombre
u0084,c0108,moda-ropa,4.3,1,2026-03-28,comprado,blanco,S,hombre
u0084,c0293,moda-ropa,3.8,1,2026-01-24,comprado,negro,M,hombre
u0084,c1749,moda-calzado,3.9,1,2026-03-21,comprado,rosa,S,mujer
u0084,c0744,moda-ropa,4.9,5,2026-06-11,reservado->comprado,multicolor,XL,hombre
u0084,c1493,moda-ropa,5.0,1,2026-06-15,comprado,varios,L,mujer
u0085,c0815,moda-ropa,3.4,1,2026-04-05,comprado,blanco,M,hombre
u0085,c0015,moda-ropa,2.5,5,2026-07-14,reservado->comprado,rojo,L,hombre
u0085,c0552,moda-ropa,3.2,1,2026-12-15,comprado,negro,M,hombre
u0085,c0779,moda-ropa,3.7,2,2026-07-23,comprado,rojo,XL,hombre
u0085,c1291,moda-accesorio,3.8,3,2026-02-06,comprado,rojo,M,mujer
u0086,c1891,moda-accesorio,4.0,2,2026-01-22,comprado,multicolor,M,mujer
u0086,c1078,moda-ropa,4.3,1,2026-07-28,comprado,negro,M,mujer
u0086,c1202,moda-ropa,3.4,4,2026-07-23,reservado->comprado,morado,L,mujer
u0086,c1121,moda-ropa,4.1,2,2026-08-23,comprado,varios,M,mujer
u0086,c1125,moda-calzado,3.7,4,2026-05-16,reservado->comprado,verde,L,mujer
u0086,c1502,moda-calzado,3.8,2,2026-03-08,comprado,azul,L,mujer
u0087,c1438,moda-ropa,3.9,2,2026-05-02,comprado,negro,XL,mujer
u0087,c1547,moda-ropa,4.1,1,2026-01-21,comprado,verde,42,mujer
u0087,c0192,moda-ropa,4.9,1,2026-11-14,comprado,rojo,L,hombre
u0087,c1202,moda-ropa,3.8,3,2026-07-23,reservado->comprado,morado,L,mujer
u0087,c1608,moda-ropa,4.5,2,2026-07-10,comprado,azul,XS,mujer
u0088,c1036,moda-accesorio,2.8,5,2026-01-14,reservado->comprado,verde,L,mujer
u0088,c1301,moda-accesorio,4.0,2,2026-04-20,comprado,negro,S,mujer
u0088,c1749,moda-calzado,3.9,1,2026-12-11,comprado,rosa,S,mujer
u0088,c0453,moda-ropa,4.0,1,2026-11-04,comprado,negro,18,hombre
u0088,c0897,moda-ropa,3.4,5,2026-09-06,reservado->comprado,naranja,XL,hombre
u0088,c0914,moda-ropa,3.1,1,2026-07-07,comprado,verde,M,hombre
u0088,c1312,moda-calzado,3.2,4,2026-02-17,reservado->comprado,amarillo,M,mujer
u0088,c1312,moda-calzado,4.6,1,2026-07-13,comprado,amarillo,M,mujer
u0089,c1611,moda-accesorio,3.5,5,2026-10-14,reservado->comprado,rosa,M,mujer
u0089,c1176,moda-accesorio,4.5,1,2026-06-11,comprado,verde,M,mujer
u0089,c1031,moda-accesorio,4.5,2,2026-12-15,comprado,rosa,M,mujer
u0089,c1603,moda-ropa,5.0,1,2026-07-15,comprado,negro,L,mujer
u0089,c0477,moda-ropa,3.6,4,2026-02-07,reservado->comprado,negro,S,hombre
u0089,c1725,moda-ropa,3.9,1,2026-11-21,comprado,gris,M,mujer
u0090,c0330,moda-ropa,3.1,3,2026-02-25,reservado->comprado,rojo,L,hombre
u0090,c0863,moda-ropa,4.0,1,2026-06-08,comprado,blanco,XL,hombre
u0090,c1316,moda-accesorio,3.4,2,2026-12-10,comprado,verde,L,mujer
u0090,c0503,moda-ropa,4.2,1,2026-09-24,comprado,verde,M,hombre
u0090,c0341,moda-ropa,3.7,1,2026-04-25,comprado,verde,S,hombre
u0090,c1867,moda-calzado,3.8,3,2026-12-26,comprado,azul,M,mujer
u0090,c0265,moda-ropa,4.5,2,2026-05-16,comprado,blanco,L,hombre
u0090,c1867,moda-calzado,3.3,2,2026-11-23,comprado,azul,M,mujer
u0090,c1108,moda-accesorio,3.7,1,2026-10-09,comprado,verde,M,mujer
u0090,c0827,moda-ropa,4.3,1,2026-11-01,comprado,verde,M,hombre
u0090,c0258,moda-ropa,3.9,3,2026-02-22,comprado,negro,L,hombre
u0091,c1546,moda-ropa,4.0,1,2026-11-06,comprado,negro,34,mujer
u0091,c1675,moda-ropa,4.6,3,2026-08-28,comprado,blanco,S,mujer
u0091,c1071,moda-accesorio,3.7,1,2026-08-22,comprado,varios,XL,mujer
u0091,c1475,moda-ropa,4.4,3,2026-05-12,comprado,rosa,M,mujer
u0091,c1891,moda-accesorio,3.5,2,2026-09-19,comprado,multicolor,M,mujer
u0091,c1671,moda-accesorio,4.2,1,2026-06-01,comprado,rosa,M,mujer
u0091,c1592,moda-ropa,3.1,4,2026-12-20,reservado->comprado,negro,42,mujer
u0092,c1075,moda-ropa,4.6,1,2026-09-14,comprado,negro,L,mujer
u0092,c0646,moda-ropa,4.7,2,2026-04-15,comprado,rojo,S,hombre
u0092,c1228,moda-ropa,4.7,1,2026-12-25,comprado,azul,XL,mujer
u0092,c1879,moda-ropa,4.2,6,2026-12-17,reservado->comprado,negro,L,mujer
u0092,c0306,moda-ropa,4.3,2,2026-11-06,comprado,blanco,M,hombre
u0092,c1753,moda-ropa,3.8,5,2026-08-23,reservado->comprado,naranja,XS,mujer
u0093,c0641,moda-ropa,4.1,2,2026-03-25,comprado,azul,L,hombre
u0093,c0926,moda-ropa,3.4,5,2026-02-28,reservado->comprado,verde,L,hombre
u0093,c0873,moda-ropa,3.5,2,2026-04-10,comprado,multicolor,S,hombre
u0093,c1171,moda-accesorio,4.7,3,2026-09-26,comprado,multicolor,M,mujer
u0093,c1046,moda-calzado,4.6,2,2026-11-21,comprado,beige,M,mujer
u0094,c0530,moda-ropa,3.7,1,2026-06-19,comprado,rojo,L,hombre
u0094,c0948,moda-ropa,3.9,2,2026-02-25,comprado,multicolor,S,hombre
u0094,c0315,moda-ropa,3.6,1,2026-08-10,comprado,blanco,M,hombre
u0094,c0100,moda-ropa,4.5,2,2026-03-05,comprado,negro,S,hombre
u0094,c0118,moda-ropa,3.3,1,2026-01-10,comprado,rojo,M,hombre
u0094,c1046,moda-calzado,4.0,1,2026-03-06,comprado,beige,M,mujer
u0094,c0805,moda-ropa,2.8,5,2026-11-12,reservado->comprado,verde,M,hombre
u0094,c0843,moda-ropa,4.4,3,2026-02-12,comprado,negro,XL,hombre
u0094,c0164,moda-calzado,3.6,1,2026-05-11,comprado,negro,L,hombre
u0094,c0834,moda-ropa,3.9,1,2026-11-08,comprado,multicolor,M,hombre
u0094,c0036,moda-ropa,2.8,3,2026-10-25,reservado->comprado,rojo,M,hombre
u0095,c1125,moda-calzado,4.5,1,2026-05-12,comprado,verde,L,mujer
u0095,c1775,moda-ropa,4.2,2,2026-10-24,comprado,multicolor,L,mujer
u0095,c0749,moda-ropa,4.5,1,2026-11-22,comprado,verde,18,hombre
u0095,c1686,moda-ropa,5.0,1,2026-05-24,comprado,rosa,L,mujer
u0095,c1238,moda-ropa,4.1,4,2026-10-13,reservado->comprado,verde,XL,mujer
u0096,c0811,moda-ropa,4.4,1,2026-05-10,comprado,negro,M,hombre
u0096,c0141,moda-ropa,3.7,2,2026-10-02,comprado,azul,XL,hombre
u0096,c0486,moda-ropa,3.9,1,2026-02-09,comprado,azul,L,hombre
u0096,c0608,moda-ropa,3.7,2,2026-03-22,comprado,rojo,M,hombre
u0096,c0650,moda-ropa,4.3,1,2026-01-07,comprado,azul,S,hombre
u0096,c0525,moda-ropa,2.9,3,2026-07-18,reservado->comprado,morado,L,hombre
u0097,c0187,moda-ropa,3.9,3,2026-03-16,comprado,blanco,L,hombre
u0097,c0014,moda-calzado,3.8,1,2026-11-15,comprado,blanco,L,hombre
u0097,c0154,moda-ropa,4.5,2,2026-06-03,comprado,verde,L,hombre
u0097,c0083,moda-ropa,4.2,1,2026-08-01,comprado,negro,18,hombre
u0097,c0426,moda-ropa,4.4,1,2026-10-08,comprado,azul,L,hombre
u0098,c0745,moda-ropa,4.5,1,2026-12-20,comprado,blanco,S,hombre
u0098,c0850,moda-ropa,4.1,4,2026-12-27,reservado->comprado,negro,S,hombre
u0098,c0953,moda-ropa,4.3,2,2026-03-16,comprado,rojo,S,hombre
u0098,c0723,moda-ropa,3.8,4,2026-10-28,reservado->comprado,rojo,L,hombre
u0098,c0857,moda-ropa,4.5,1,2026-06-06,comprado,blanco,L,hombre
u0098,c1251,moda-ropa,4.2,4,2026-09-15,reservado->comprado,varios,XL,mujer
u0098,c1576,moda-calzado,4.7,2,2026-05-20,comprado,negro,XL,mujer
u0098,c0799,moda-ropa,5.0,2,2026-03-22,comprado,varios,M,hombre
u0098,c0867,moda-ropa,4.4,2,2026-03-10,comprado,azul,L,hombre
u0099,c0020,moda-ropa,4.2,1,2026-08-08,comprado,verde,L,hombre
u0099,c0011,moda-ropa,3.0,4,2026-06-04,reservado->comprado,blanco,S,hombre
u0099,c0708,moda-ropa,4.1,1,2026-09-25,comprado,gris,L,hombre
u0099,c0165,moda-ropa,3.7,1,2026-07-08,comprado,blanco,M,hombre
u0099,c0509,moda-ropa,3.3,2,2026-11-04,comprado,negro,XL,hombre
u0099,c0392,moda-ropa,4.4,1,2026-06-15,comprado,azul,M,hombre
u0100,c1071,moda-accesorio,4.2,1,2026-11-11,comprado,varios,XL,mujer
u0100,c1390,moda-accesorio,3.5,3,2026-02-24,comprado,beige,XL,mujer
u0100,c1176,moda-accesorio,4.4,1,2026-12-08,comprado,verde,M,mujer
u0100,c1298,moda-ropa,4.1,1,2026-09-28,comprado,azul,XS,mujer
u0100,c1455,moda-accesorio,3.5,1,2026-06-25,comprado,azul,L,mujer
u0100,c1171,moda-accesorio,2.3,6,2026-06-07,reservado->comprado,multicolor,M,mujer
u0100,c0075,moda-ropa,4.5,1,2026-05-02,comprado,negro,L,hombre
u0100,c1021,moda-accesorio,4.1,1,2026-05-21,comprado,rojo,XL,mujer
u0101,c1583,moda-calzado,4.0,1,2026-06-15,comprado,azul,L,mujer
u0101,c0504,moda-ropa,4.7,1,2026-04-22,comprado,azul,L,hombre
u0101,c1312,moda-calzado,4.5,1,2026-03-07,comprado,amarillo,M,mujer
u0101,c1524,moda-ropa,3.8,2,2026-06-22,comprado,varios,L,mujer
u0101,c0427,moda-ropa,3.6,1,2026-11-28,comprado,azul,M,hombre
u0101,c1368,moda-ropa,4.1,1,2026-11-19,comprado,verde,S,mujer
u0101,c1639,moda-ropa,3.9,1,2026-03-07,comprado,negro,L,mujer
u0101,c0973,moda-ropa,3.2,4,2026-07-18,reservado->comprado,negro,M,mujer
u0101,c1613,moda-ropa,3.4,1,2026-11-02,comprado,verde,L,mujer
u0101,c1125,moda-calzado,4.2,1,2026-11-19,comprado,verde,L,mujer
u0101,c1251,moda-ropa,3.8,2,2026-07-06,comprado,varios,XL,mujer
u0101,c1389,moda-ropa,3.5,2,2026-01-14,comprado,blanco,L,mujer
u0101,c1294,moda-ropa,2.9,5,2026-05-16,reservado->comprado,verde,M,mujer
u0101,c0490,moda-ropa,3.2,5,2026-08-13,reservado->comprado,verde,S,hombre
u0101,c1337,moda-ropa,3.4,1,2026-08-15,comprado,morado,M,mujer
u0101,c0369,moda-ropa,4.4,1,2026-10-14,comprado,rosa,S,hombre
u0102,c1291,moda-accesorio,4.8,2,2026-08-23,comprado,rojo,M,mujer
u0102,c1312,moda-calzado,4.0,5,2026-01-02,reservado->comprado,amarillo,M,mujer
u0102,c1046,moda-calzado,4.6,1,2026-07-25,comprado,beige,M,mujer
u0102,c0208,moda-ropa,3.9,1,2026-02-12,comprado,verde,18,hombre
u0102,c0234,moda-ropa,4.9,1,2026-08-28,comprado,negro,L,hombre
u0103,c1495,moda-calzado,4.0,1,2026-04-28,comprado,negro,S,mujer
u0103,c1152,moda-ropa,3.1,4,2026-02-06,reservado->comprado,amarillo,M,mujer
u0103,c0014,moda-calzado,4.2,1,2026-05-11,comprado,blanco,L,hombre
u0103,c0563,moda-ropa,4.5,3,2026-08-07,comprado,rosa,S,hombre
u0103,c0202,moda-ropa,4.0,1,2026-05-12,comprado,blanco,S,hombre
u0103,c1112,moda-ropa,3.6,1,2026-07-22,comprado,rojo,50,mujer
u0103,c1125,moda-calzado,4.1,2,2026-11-10,comprado,verde,L,mujer
u0103,c1307,moda-accesorio,4.2,2,2026-08-24,comprado,rosa,M,mujer
u0104,c1415,moda-ropa,3.7,1,2026-10-24,comprado,negro,M,mujer
u0104,c0653,moda-ropa,3.4,2,2026-03-10,comprado,azul,S,hombre
u0104,c1046,moda-calzado,3.3,1,2026-08-12,comprado,beige,M,mujer
u0104,c1439,moda-ropa,3.7,2,2026-10-16,comprado,negro,L,mujer
u0104,c1072,moda-ropa,3.9,3,2026-03-06,comprado,verde,S,mujer
u0104,c1241,moda-ropa,3.8,3,2026-12-15,comprado,negro,M,mujer
u0105,c0072,moda-ropa,4.0,3,2026-07-08,comprado,azul,L,hombre
u0105,c1478,moda-ropa,3.7,1,2026-06-02,comprado,verde,L,mujer
u0105,c1585,moda-ropa,3.3,4,2026-01-12,reservado->comprado,varios,M,mujer
u0105,c1265,moda-ropa,4.4,3,2026-06-27,comprado,negro,L,mujer
u0105,c1541,moda-ropa,4.8,1,2026-08-09,comprado,café,M,mujer
u0105,c1671,moda-accesorio,4.9,1,2026-08-21,comprado,rosa,M,mujer
u0105,c1121,moda-ropa,3.9,5,2026-07-13,reservado->comprado,varios,M,mujer
u0105,c1584,moda-ropa,4.4,1,2026-02-25,comprado,azul,M,mujer
u0106,c1096,moda-calzado,4.3,6,2026-02-25,reservado->comprado,beige,M,mujer
u0106,c1211,moda-ropa,4.5,1,2026-05-28,comprado,azul,L,mujer
u0106,c1200,moda-ropa,4.1,1,2026-08-01,comprado,naranja,M,mujer
u0106,c1011,moda-accesorio,3.7,5,2026-03-04,reservado->comprado,rosa,L,mujer
u0106,c1877,moda-ropa,4.1,1,2026-08-02,comprado,varios,M,mujer
u0106,c1429,moda-accesorio,4.8,1,2026-02-13,comprado,amarillo,XL,mujer
u0107,c0340,moda-ropa,4.0,2,2026-03-01,comprado,azul,M,hombre
u0107,c0873,moda-ropa,4.4,2,2026-09-06,comprado,multicolor,S,hombre
u0107,c0607,moda-ropa,3.2,4,2026-02-09,reservado->comprado,rojo,L,hombre
u0107,c0822,moda-ropa,3.9,1,2026-08-16,comprado,rojo,M,hombre
u0107,c0098,moda-ropa,3.1,3,2026-10-13,reservado->comprado,verde,L,hombre
u0108,c0495,moda-ropa,4.0,2,2026-03-12,comprado,rojo,M,hombre
u0108,c0147,moda-ropa,4.1,5,2026-11-04,reservado->comprado,verde,M,hombre
u0108,c1429,moda-accesorio,4.0,3,2026-11-12,comprado,amarillo,XL,mujer
u0108,c1749,moda-calzado,3.2,6,2026-10-27,reservado->comprado,rosa,S,mujer
u0108,c1226,moda-calzado,3.1,3,2026-10-18,reservado->comprado,amarillo,XL,mujer
u0109,c1036,moda-accesorio,3.5,2,2026-11-28,comprado,verde,L,mujer
u0109,c1116,moda-ropa,3.2,1,2026-09-16,comprado,negro,S,mujer
u0109,c1171,moda-accesorio,2.9,4,2026-12-17,reservado->comprado,multicolor,M,mujer
u0109,c0563,moda-ropa,4.0,1,2026-12-10,comprado,rosa,S,hombre
u0109,c0256,moda-ropa,3.9,6,2026-01-12,reservado->comprado,rojo,M,hombre
u0109,c1519,moda-ropa,4.0,1,2026-08-10,comprado,negro,M,mujer
u0109,c1096,moda-calzado,3.3,1,2026-12-17,comprado,beige,M,mujer
u0109,c1465,moda-ropa,3.1,3,2026-10-10,reservado->comprado,azul,41,mujer
u0109,c1107,moda-accesorio,4.3,1,2026-04-18,comprado,morado,M,mujer
u0109,c1661,moda-ropa,3.7,6,2026-09-04,reservado->comprado,blanco,XL,mujer
u0109,c1191,moda-accesorio,4.3,2,2026-10-22,comprado,amarillo,M,mujer
u0109,c1136,moda-accesorio,3.6,2,2026-06-12,comprado,amarillo,S,mujer
u0109,c1233,moda-ropa,3.7,3,2026-06-27,comprado,negro,S,mujer
u0109,c1630,moda-calzado,3.8,1,2026-06-28,comprado,multicolor,XL,mujer
u0109,c1502,moda-calzado,4.6,1,2026-09-21,comprado,azul,L,mujer
u0110,c1802,moda-accesorio,4.7,2,2026-03-19,comprado,multicolor,XL,mujer
u0110,c1036,moda-accesorio,3.7,2,2026-06-11,comprado,verde,L,mujer
u0110,c1068,moda-ropa,4.0,1,2026-06-09,comprado,amarillo,M,mujer
u0110,c1266,moda-ropa,4.1,1,2026-08-11,comprado,blanco,36,mujer
u0110,c1455,moda-accesorio,4.7,1,2026-10-07,comprado,azul,L,mujer
u0111,c0739,moda-ropa,3.6,1,2026-05-01,comprado,rojo,M,hombre
u0111,c0042,moda-ropa,3.9,1,2026-05-22,comprado,blanco,L,hombre
u0111,c0164,moda-calzado,4.4,2,2026-08-19,comprado,negro,L,hombre
u0111,c0885,moda-ropa,4.5,2,2026-04-12,comprado,verde,L,hombre
u0111,c0483,moda-ropa,3.3,7,2026-10-05,reservado->comprado,azul,L,hombre
u0112,c0890,moda-ropa,4.0,1,2026-04-21,comprado,morado,XL,hombre
u0112,c0512,moda-ropa,4.5,2,2026-11-05,comprado,amarillo,XL,hombre
u0112,c0168,moda-ropa,4.8,1,2026-03-04,comprado,rosa,L,hombre
u0112,c0060,moda-ropa,3.8,4,2026-01-09,reservado->comprado,azul,S,hombre
u0112,c0772,moda-ropa,4.1,1,2026-05-18,comprado,azul,M,hombre
u0112,c0390,moda-ropa,4.5,1,2026-12-06,comprado,blanco,L,hombre
u0112,c1910,moda-ropa,3.7,4,2026-05-27,reservado->comprado,multicolor,L,mujer
u0112,c1611,moda-accesorio,3.6,5,2026-08-21,reservado->comprado,rosa,M,mujer
u0112,c0444,moda-ropa,5.0,3,2026-05-08,comprado,verde,L,hombre
u0112,c0217,moda-ropa,4.7,1,2026-01-18,comprado,verde,M,hombre
u0113,c0983,moda-ropa,4.2,2,2026-03-05,comprado,negro,L,mujer
u0113,c1521,moda-ropa,4.0,1,2026-05-04,comprado,negro,M,mujer
u0113,c1416,moda-ropa,3.2,4,2026-08-13,reservado->comprado,multicolor,S,mujer
u0113,c1125,moda-calzado,4.7,1,2026-02-06,comprado,verde,L,mujer
u0113,c1171,moda-accesorio,3.9,1,2026-11-10,comprado,multicolor,M,mujer
u0114,c0284,moda-ropa,4.1,6,2026-07-01,reservado->comprado,rojo,S,hombre
u0114,c1089,moda-ropa,4.6,2,2026-04-22,comprado,negro,L,mujer
u0114,c0640,moda-ropa,3.6,4,2026-03-07,reservado->comprado,rojo,M,hombre
u0114,c0631,moda-ropa,4.6,2,2026-04-05,comprado,rojo,XL,hombre
u0114,c0599,moda-ropa,3.2,5,2026-10-07,reservado->comprado,rojo,S,hombre
u0114,c0702,moda-ropa,4.2,1,2026-03-23,comprado,blanco,M,hombre
u0114,c1671,moda-accesorio,3.0,5,2026-08-19,reservado->comprado,rosa,M,mujer
u0114,c1447,moda-accesorio,4.9,1,2026-12-21,comprado,negro,S,mujer
u0114,c1316,moda-accesorio,4.5,1,2026-12-18,comprado,verde,L,mujer
u0114,c1316,moda-accesorio,3.8,4,2026-08-19,reservado->comprado,verde,L,mujer
u0115,c0786,moda-ropa,3.9,3,2026-01-15,comprado,rojo,S,hombre
u0115,c1048,moda-ropa,4.4,1,2026-04-20,comprado,azul,XS,mujer
u0115,c0537,moda-ropa,4.4,2,2026-11-07,comprado,azul,M,hombre
u0115,c1146,moda-ropa,2.5,3,2026-04-16,reservado->comprado,negro,S,mujer
u0115,c1227,moda-ropa,3.8,2,2026-08-22,comprado,azul,M,mujer
u0115,c0455,moda-ropa,3.0,4,2026-02-02,reservado->comprado,verde,M,hombre
u0116,c1205,moda-ropa,4.5,1,2026-02-23,comprado,negro,M,mujer
u0116,c1210,moda-ropa,4.1,2,2026-08-24,comprado,negro,S,mujer
u0116,c1031,moda-accesorio,3.9,1,2026-09-17,comprado,rosa,M,mujer
u0116,c1875,moda-ropa,3.7,2,2026-03-05,comprado,rosa,M,mujer
u0116,c1081,moda-ropa,4.0,3,2026-02-02,reservado->comprado,azul,XS,mujer
u0117,c1589,moda-ropa,4.0,3,2026-09-11,comprado,amarillo,M,mujer
u0117,c1552,moda-ropa,4.6,6,2026-04-22,reservado->comprado,blanco,L,mujer
u0117,c0698,moda-ropa,4.1,6,2026-06-24,reservado->comprado,rojo,M,hombre
u0117,c0968,moda-ropa,4.7,3,2026-04-16,comprado,blanco,S,mujer
u0117,c1474,moda-ropa,4.7,1,2026-11-05,comprado,negro,S,mujer
u0118,c0183,moda-ropa,2.9,5,2026-07-03,reservado->comprado,rojo,L,hombre
u0118,c1481,moda-ropa,3.5,2,2026-01-25,comprado,blanco,M,mujer
u0118,c1429,moda-accesorio,2.6,4,2026-03-28,reservado->comprado,amarillo,XL,mujer
u0118,c1659,moda-ropa,2.7,5,2026-09-25,reservado->comprado,azul,M,mujer
u0118,c1429,moda-accesorio,3.8,3,2026-04-09,comprado,amarillo,XL,mujer
u0118,c1293,moda-ropa,4.2,1,2026-06-27,comprado,verde,M,mujer
u0118,c1748,moda-ropa,3.7,2,2026-01-18,comprado,negro,M,mujer
u0118,c1292,moda-ropa,3.4,5,2026-12-12,reservado->comprado,negro,XL,mujer
u0118,c1882,moda-ropa,3.8,2,2026-04-22,comprado,rojo,M,mujer
u0118,c0268,moda-ropa,4.1,1,2026-01-02,comprado,gris,M,hombre
u0118,c1417,moda-ropa,4.4,1,2026-09-12,comprado,morado,M,mujer
u0118,c1171,moda-accesorio,2.7,2,2026-02-25,comprado,multicolor,M,mujer
u0118,c1262,moda-ropa,2.3,4,2026-09-16,reservado->comprado,verde,M,mujer
u0119,c1908,moda-ropa,4.6,1,2026-02-21,comprado,blanco,42,mujer
u0119,c1630,moda-calzado,4.5,2,2026-02-20,comprado,multicolor,XL,mujer
u0119,c1814,moda-ropa,4.7,1,2026-10-17,comprado,verde,L,mujer
u0119,c1824,moda-ropa,4.7,2,2026-09-22,comprado,morado,L,mujer
u0119,c1279,moda-ropa,4.6,2,2026-09-11,comprado,negro,L,mujer
u0119,c1013,moda-ropa,4.1,5,2026-09-14,reservado->comprado,verde,L,mujer
u0120,c1255,moda-ropa,4.4,2,2026-05-14,comprado,multicolor,M,mujer
u0120,c1645,moda-ropa,3.1,6,2026-03-10,reservado->comprado,rosa,41,mujer
u0120,c1749,moda-calzado,3.6,2,2026-04-18,comprado,rosa,S,mujer
u0120,c1749,moda-calzado,3.4,1,2026-07-08,comprado,rosa,S,mujer
u0120,c1315,moda-ropa,3.5,1,2026-02-25,comprado,blanco,M,mujer
u0121,c1630,moda-calzado,4.2,5,2026-06-02,reservado->comprado,multicolor,XL,mujer
u0121,c0962,moda-ropa,4.4,1,2026-06-17,comprado,varios,S,mujer
u0121,c1398,moda-ropa,3.5,1,2026-05-24,comprado,negro,L,mujer
u0121,c1160,moda-ropa,4.6,1,2026-03-17,comprado,naranja,S,mujer
u0121,c1068,moda-ropa,4.8,2,2026-06-05,comprado,amarillo,M,mujer
u0122,c1356,moda-ropa,4.0,1,2026-12-11,comprado,rojo,S,mujer
u0122,c1837,moda-ropa,3.5,2,2026-02-10,comprado,morado,M,mujer
u0122,c0493,moda-ropa,4.1,1,2026-02-24,comprado,rojo,XL,hombre
u0122,c0196,moda-ropa,3.9,5,2026-10-23,reservado->comprado,rojo,M,hombre
u0122,c1502,moda-calzado,4.3,1,2026-10-04,comprado,azul,L,mujer
u0123,c0504,moda-ropa,3.3,2,2026-11-22,comprado,azul,L,hombre
u0123,c0508,moda-ropa,2.9,5,2026-10-09,reservado->comprado,blanco,M,hombre
u0123,c0477,moda-ropa,4.3,3,2026-10-07,comprado,negro,S,hombre
u0123,c0043,moda-ropa,4.0,1,2026-02-08,comprado,varios,S,hombre
u0123,c0541,moda-ropa,4.3,2,2026-05-07,comprado,naranja,S,hombre
u0124,c0449,moda-ropa,4.0,4,2026-07-11,reservado->comprado,rojo,L,hombre
u0124,c0227,moda-ropa,4.3,1,2026-06-15,comprado,verde,M,hombre
u0124,c0410,moda-ropa,3.7,4,2026-04-25,reservado->comprado,negro,XL,hombre
u0124,c0013,moda-ropa,4.3,2,2026-03-07,comprado,gris,L,hombre
u0124,c0332,moda-ropa,4.3,1,2026-08-11,comprado,rojo,S,hombre
u0125,c1604,moda-ropa,4.6,1,2026-10-01,comprado,multicolor,L,mujer
u0125,c1592,moda-ropa,5.0,1,2026-08-19,comprado,negro,42,mujer
u0125,c1341,moda-ropa,4.0,1,2026-05-19,comprado,negro,L,mujer
u0125,c0872,moda-ropa,5.0,1,2026-11-22,comprado,negro,L,hombre
u0125,c1226,moda-calzado,4.8,1,2026-10-17,comprado,amarillo,XL,mujer
u0125,c1499,moda-ropa,4.8,2,2026-12-24,comprado,multicolor,XL,mujer
u0125,c1448,moda-ropa,4.1,1,2026-03-18,comprado,amarillo,M,mujer
u0125,c1904,moda-ropa,5.0,2,2026-02-20,comprado,negro,L,mujer
u0125,c1576,moda-calzado,4.7,2,2026-02-03,comprado,negro,XL,mujer
u0125,c1789,moda-ropa,5.0,1,2026-06-11,comprado,negro,XL,mujer
u0125,c1218,moda-ropa,4.8,3,2026-01-13,comprado,blanco,M,mujer
u0125,c1828,moda-ropa,4.4,1,2026-10-01,comprado,blanco,M,mujer
u0126,c0504,moda-ropa,3.7,4,2026-07-21,reservado->comprado,azul,L,hombre
u0126,c1583,moda-calzado,3.6,3,2026-12-04,reservado->comprado,azul,L,mujer
u0126,c1749,moda-calzado,3.9,1,2026-04-05,comprado,rosa,S,mujer
u0126,c0911,moda-ropa,3.9,1,2026-11-01,comprado,blanco,M,hombre
u0126,c0164,moda-calzado,3.3,3,2026-02-23,reservado->comprado,negro,L,hombre
u0126,c1171,moda-accesorio,3.6,5,2026-03-05,reservado->comprado,multicolor,M,mujer
u0127,c0920,moda-ropa,3.3,1,2026-01-21,comprado,rojo,M,hombre
u0127,c0048,moda-ropa,3.4,3,2026-08-21,comprado,azul,M,hombre
u0127,c0357,moda-ropa,4.0,1,2026-07-16,comprado,rojo,L,hombre
u0127,c1630,moda-calzado,3.7,3,2026-03-28,comprado,multicolor,XL,mujer
u0127,c0893,moda-ropa,3.7,4,2026-06-08,reservado->comprado,rojo,M,hombre
u0128,c0727,moda-ropa,3.8,1,2026-03-02,comprado,verde,XL,hombre
u0128,c1171,moda-accesorio,3.7,4,2026-03-28,reservado->comprado,multicolor,M,mujer
u0128,c0005,moda-ropa,4.1,2,2026-04-21,comprado,negro,L,hombre
u0128,c0799,moda-ropa,3.6,1,2026-03-25,comprado,varios,M,hombre
u0128,c0174,moda-ropa,3.5,4,2026-08-08,reservado->comprado,blanco,XL,hombre
u0129,c1455,moda-accesorio,3.9,2,2026-03-11,comprado,azul,L,mujer
u0129,c1155,moda-ropa,3.6,1,2026-02-08,comprado,azul,M,mujer
u0129,c0014,moda-calzado,3.9,2,2026-07-08,comprado,blanco,L,hombre
u0129,c1458,moda-accesorio,4.1,2,2026-06-19,comprado,blanco,S,mujer
u0129,c1894,moda-ropa,4.1,1,2026-03-28,comprado,verde,M,mujer
u0130,c0354,moda-ropa,3.7,2,2026-08-19,comprado,azul,38,hombre
u0130,c1576,moda-calzado,4.3,2,2026-10-18,comprado,negro,XL,mujer
u0130,c0838,moda-ropa,3.7,1,2026-03-03,comprado,azul,S,hombre
u0130,c0396,moda-ropa,4.3,3,2026-01-15,comprado,rojo,L,hombre
u0130,c0804,moda-ropa,3.7,1,2026-09-26,comprado,azul,L,hombre
u0130,c0029,moda-ropa,4.7,1,2026-08-17,comprado,negro,M,hombre
u0130,c0634,moda-ropa,3.6,1,2026-07-16,comprado,azul,M,hombre
u0130,c0416,moda-ropa,3.0,1,2026-07-15,comprado,blanco,L,hombre
u0130,c0147,moda-ropa,3.1,1,2026-04-13,comprado,verde,M,hombre
u0130,c1669,moda-accesorio,4.3,1,2026-03-18,comprado,varios,M,mujer
u0130,c1312,moda-calzado,3.8,1,2026-07-12,comprado,amarillo,M,mujer
u0130,c0035,moda-ropa,3.4,6,2026-12-10,reservado->comprado,negro,L,hombre
u0130,c1036,moda-accesorio,4.1,1,2026-03-09,comprado,verde,L,mujer
u0130,c1669,moda-accesorio,3.9,1,2026-02-03,comprado,varios,M,mujer
u0130,c0844,moda-ropa,3.5,1,2026-05-24,comprado,blanco,M,hombre
u0130,c0014,moda-calzado,3.3,3,2026-03-18,reservado->comprado,blanco,L,hombre
u0130,c0566,moda-ropa,4.5,1,2026-08-19,comprado,azul,M,hombre
u0130,c1108,moda-accesorio,4.3,1,2026-12-24,comprado,verde,M,mujer
u0130,c0201,moda-ropa,4.7,3,2026-12-15,comprado,rosa,M,hombre
u0130,c1802,moda-accesorio,3.2,6,2026-04-23,reservado->comprado,multicolor,XL,mujer
u0130,c0414,moda-ropa,3.2,5,2026-11-15,reservado->comprado,rojo,M,hombre
u0131,c0128,moda-ropa,4.7,1,2026-05-10,comprado,blanco,L,hombre
u0131,c1618,moda-ropa,4.9,1,2026-01-15,comprado,azul,L,mujer
u0131,c1227,moda-ropa,4.8,1,2026-08-21,comprado,azul,M,mujer
u0131,c1176,moda-accesorio,4.0,2,2026-03-08,comprado,verde,M,mujer
u0131,c0771,moda-ropa,4.6,2,2026-11-11,comprado,morado,M,hombre
u0131,c0880,moda-ropa,4.3,3,2026-02-28,comprado,azul,M,hombre
u0131,c1732,moda-ropa,3.8,2,2026-12-27,comprado,blanco,M,mujer
u0131,c1414,moda-ropa,4.6,3,2026-09-03,comprado,negro,M,mujer
u0131,c1460,moda-ropa,4.3,1,2026-06-27,comprado,azul,L,mujer
u0131,c1082,moda-ropa,3.6,1,2026-05-13,comprado,beige,S,mujer
u0131,c0246,moda-ropa,4.0,1,2026-05-16,comprado,negro,L,hombre
u0131,c1340,moda-ropa,4.3,1,2026-05-09,comprado,azul,XL,mujer
u0131,c1570,moda-ropa,4.3,3,2026-06-11,comprado,varios,S,mujer
u0131,c1259,moda-ropa,4.7,1,2026-02-04,comprado,azul,S,mujer
u0131,c0801,moda-ropa,5.0,1,2026-02-06,comprado,rojo,XL,hombre
u0131,c0861,moda-ropa,3.5,6,2026-07-23,reservado->comprado,rojo,S,hombre
u0132,c0956,moda-ropa,3.9,3,2026-02-06,comprado,azul,L,mujer
u0132,c1358,moda-ropa,3.9,1,2026-01-14,comprado,blanco,M,mujer
u0132,c1861,moda-ropa,3.7,1,2026-02-25,comprado,negro,M,mujer
u0132,c1549,moda-ropa,4.1,2,2026-07-08,comprado,blanco,S,mujer
u0132,c1030,moda-ropa,4.0,1,2026-12-04,comprado,multicolor,M,mujer
u0132,c1257,moda-ropa,4.1,2,2026-02-19,comprado,negro,M,mujer
u0132,c1326,moda-ropa,4.3,2,2026-09-14,comprado,verde,M,mujer
u0133,c0775,moda-ropa,3.9,1,2026-01-20,comprado,naranja,S,hombre
u0133,c0052,moda-ropa,3.4,1,2026-04-08,comprado,negro,M,hombre
u0133,c0636,moda-ropa,3.6,1,2026-02-20,comprado,negro,M,hombre
u0133,c1576,moda-calzado,4.7,2,2026-05-24,comprado,negro,XL,mujer
u0133,c1191,moda-accesorio,4.3,3,2026-09-16,comprado,amarillo,M,mujer
u0134,c1711,moda-ropa,3.7,2,2026-02-14,comprado,varios,M,mujer
u0134,c1862,moda-ropa,4.1,1,2026-01-19,comprado,verde,L,mujer
u0134,c0489,moda-ropa,4.6,2,2026-07-05,comprado,negro,L,hombre
u0134,c1583,moda-calzado,4.2,1,2026-06-07,comprado,azul,L,mujer
u0134,c1516,moda-ropa,3.7,3,2026-12-22,comprado,varios,M,mujer
u0135,c1458,moda-accesorio,3.7,5,2026-03-22,reservado->comprado,blanco,S,mujer
u0135,c0607,moda-ropa,4.5,1,2026-09-10,comprado,rojo,L,hombre
u0135,c0289,moda-ropa,3.7,3,2026-05-05,reservado->comprado,negro,M,hombre
u0135,c0953,moda-ropa,4.9,1,2026-04-08,comprado,rojo,S,hombre
u0135,c0014,moda-calzado,4.0,1,2026-06-04,comprado,blanco,L,hombre
u0135,c0883,moda-ropa,4.3,1,2026-09-05,comprado,verde,XL,hombre
u0136,c0098,moda-ropa,5.0,1,2026-07-09,comprado,verde,L,hombre
u0136,c1749,moda-calzado,4.0,3,2026-06-24,reservado->comprado,rosa,S,mujer
u0136,c1096,moda-calzado,4.0,1,2026-02-04,comprado,beige,M,mujer
u0136,c1781,moda-ropa,4.4,1,2026-09-18,comprado,azul,M,mujer
u0136,c0014,moda-calzado,5.0,2,2026-07-11,comprado,blanco,L,hombre
u0137,c1566,moda-ropa,5.0,2,2026-03-05,comprado,negro,M,mujer
u0137,c1495,moda-calzado,4.5,3,2026-01-10,comprado,negro,S,mujer
u0137,c1191,moda-accesorio,5.0,3,2026-06-22,comprado,amarillo,M,mujer
u0137,c1288,moda-ropa,4.1,4,2026-01-24,reservado->comprado,negro,M,mujer
u0137,c1063,moda-ropa,5.0,1,2026-08-25,comprado,blanco,L,mujer
u0138,c0963,moda-ropa,4.3,1,2026-03-28,comprado,negro,S,mujer
u0138,c1127,moda-ropa,4.4,1,2026-11-17,comprado,morado,S,mujer
u0138,c1729,moda-ropa,4.2,1,2026-03-26,comprado,varios,L,mujer
u0138,c0378,moda-ropa,4.3,2,2026-08-02,comprado,negro,L,hombre
u0138,c1513,moda-ropa,4.6,1,2026-12-20,comprado,naranja,XS,mujer
u0139,c0022,moda-ropa,4.2,2,2026-02-03,comprado,gris,XL,hombre
u0139,c0895,moda-ropa,4.7,2,2026-11-17,comprado,verde,M,hombre
u0139,c0943,moda-ropa,4.1,1,2026-02-17,comprado,rojo,M,hombre
u0139,c0794,moda-ropa,3.6,3,2026-04-04,comprado,verde,S,hombre
u0139,c0685,moda-ropa,5.0,1,2026-09-03,comprado,blanco,M,hombre
u0139,c0183,moda-ropa,4.2,1,2026-06-13,comprado,rojo,L,hombre
u0139,c0325,moda-ropa,4.6,1,2026-06-03,comprado,azul,M,hombre
u0139,c0923,moda-ropa,4.6,1,2026-08-09,comprado,rojo,S,hombre
u0139,c0662,moda-ropa,4.5,1,2026-07-22,comprado,rojo,M,hombre
u0139,c0690,moda-ropa,4.3,1,2026-06-14,comprado,blanco,L,hombre
u0139,c1750,moda-ropa,3.9,3,2026-03-02,comprado,dorado,S,mujer
u0139,c0116,moda-ropa,4.1,4,2026-08-13,reservado->comprado,rojo,XL,hombre
u0139,c1689,moda-ropa,3.3,2,2026-04-11,comprado,varios,M,mujer
u0139,c1312,moda-calzado,4.2,1,2026-08-01,comprado,amarillo,M,mujer
u0139,c0361,moda-ropa,4.4,1,2026-04-01,comprado,negro,S,hombre
u0139,c1089,moda-ropa,4.7,1,2026-10-24,comprado,negro,L,mujer
u0139,c0584,moda-ropa,4.3,6,2026-03-23,reservado->comprado,rojo,M,hombre
u0140,c1301,moda-accesorio,2.3,4,2026-08-03,reservado->comprado,negro,S,mujer
u0140,c0350,moda-ropa,4.0,2,2026-01-17,comprado,rojo,M,hombre
u0140,c1826,moda-ropa,4.3,3,2026-04-12,comprado,rosa,S,mujer
u0140,c1208,moda-ropa,3.6,2,2026-08-19,comprado,blanco,L,mujer
u0140,c1226,moda-calzado,3.7,1,2026-06-02,comprado,amarillo,XL,mujer
u0140,c1288,moda-ropa,3.9,1,2026-07-11,comprado,negro,M,mujer
u0140,c1147,moda-ropa,4.3,1,2026-05-02,comprado,beige,L,mujer
u0140,c1322,moda-ropa,3.4,1,2026-02-13,comprado,morado,L,mujer
u0141,c1765,moda-ropa,4.2,2,2026-02-18,comprado,rosa,M,mujer
u0141,c1046,moda-calzado,3.8,1,2026-06-12,comprado,beige,M,mujer
u0141,c1764,moda-ropa,4.3,2,2026-05-22,comprado,negro,M,mujer
u0141,c1458,moda-accesorio,3.6,1,2026-08-09,comprado,blanco,S,mujer
u0141,c1651,moda-ropa,2.7,5,2026-08-06,reservado->comprado,rosa,M,mujer
u0141,c1429,moda-accesorio,4.5,1,2026-06-01,comprado,amarillo,XL,mujer
u0141,c0014,moda-calzado,5.0,2,2026-02-21,comprado,blanco,L,hombre
u0141,c1107,moda-accesorio,4.3,1,2026-11-05,comprado,morado,M,mujer
u0141,c1891,moda-accesorio,3.3,2,2026-07-28,comprado,multicolor,M,mujer
u0141,c1199,moda-ropa,3.6,4,2026-01-12,reservado->comprado,negro,L,mujer
u0141,c1891,moda-accesorio,3.9,2,2026-06-12,comprado,multicolor,M,mujer
u0141,c1717,moda-accesorio,3.9,1,2026-03-07,comprado,multicolor,M,mujer
u0141,c1176,moda-accesorio,3.9,1,2026-02-09,comprado,verde,M,mujer
u0141,c1293,moda-ropa,4.7,2,2026-07-20,comprado,verde,M,mujer
u0141,c1072,moda-ropa,3.8,1,2026-05-27,comprado,verde,S,mujer
u0141,c1891,moda-accesorio,3.1,4,2026-06-12,reservado->comprado,multicolor,M,mujer
u0141,c1867,moda-calzado,4.0,1,2026-10-18,comprado,azul,M,mujer
u0141,c1136,moda-accesorio,3.8,3,2026-02-03,reservado->comprado,amarillo,S,mujer
u0142,c1226,moda-calzado,4.4,2,2026-11-09,comprado,amarillo,XL,mujer
u0142,c1583,moda-calzado,3.7,3,2026-08-11,comprado,azul,L,mujer
u0142,c1264,moda-ropa,4.4,2,2026-10-25,comprado,rosa,XS,mujer
u0142,c1125,moda-calzado,4.5,2,2026-02-23,comprado,verde,L,mujer
u0142,c1052,moda-ropa,3.4,4,2026-07-26,reservado->comprado,rojo,50,mujer
u0143,c0508,moda-ropa,4.1,2,2026-09-01,comprado,blanco,M,hombre
u0143,c1822,moda-ropa,4.5,2,2026-12-14,comprado,blanco,L,mujer
u0143,c1176,moda-accesorio,4.0,2,2026-12-21,comprado,verde,M,mujer
u0143,c1316,moda-accesorio,3.9,1,2026-11-18,comprado,verde,L,mujer
u0143,c1208,moda-ropa,3.7,1,2026-04-07,comprado,blanco,L,mujer
u0144,c1593,moda-ropa,4.9,1,2026-02-24,comprado,negro,M,mujer
u0144,c1458,moda-accesorio,4.6,1,2026-10-24,comprado,blanco,S,mujer
u0144,c1866,moda-ropa,4.6,1,2026-10-23,comprado,negro,M,mujer
u0144,c1802,moda-accesorio,4.2,2,2026-12-09,comprado,multicolor,XL,mujer
u0144,c0014,moda-calzado,3.3,5,2026-02-03,reservado->comprado,blanco,L,hombre
u0144,c1201,moda-ropa,4.3,2,2026-11-21,comprado,negro,S,mujer
u0144,c1583,moda-calzado,4.1,3,2026-07-17,comprado,azul,L,mujer
u0144,c1276,moda-calzado,4.3,1,2026-04-01,comprado,amarillo,XL,mujer
u0144,c1834,moda-ropa,3.9,6,2026-09-07,reservado->comprado,naranja,XS,mujer
u0144,c1458,moda-accesorio,2.4,4,2026-07-28,reservado->comprado,blanco,S,mujer
u0144,c1842,moda-ropa,3.6,4,2026-04-17,reservado->comprado,negro,S,mujer
u0144,c1749,moda-calzado,3.8,3,2026-03-13,reservado->comprado,rosa,S,mujer
u0144,c1036,moda-accesorio,4.4,3,2026-02-07,comprado,verde,L,mujer
u0144,c1842,moda-ropa,3.5,3,2026-12-28,reservado->comprado,negro,S,mujer
u0144,c1876,moda-ropa,4.5,1,2026-12-28,comprado,negro,S,mujer
u0144,c1900,moda-ropa,3.5,4,2026-04-24,reservado->comprado,amarillo,M,mujer
u0145,c0387,moda-ropa,4.2,1,2026-05-11,comprado,verde,M,hombre
u0145,c1867,moda-calzado,3.4,2,2026-02-19,comprado,azul,M,mujer
u0145,c0379,moda-ropa,3.3,1,2026-07-23,comprado,negro,S,hombre
u0145,c0217,moda-ropa,4.1,2,2026-04-24,comprado,verde,M,hombre
u0145,c0895,moda-ropa,3.5,2,2026-08-06,comprado,verde,M,hombre
u0146,c1598,moda-ropa,3.6,2,2026-01-08,comprado,morado,L,mujer
u0146,c0074,moda-ropa,3.1,3,2026-10-08,reservado->comprado,negro,S,hombre
u0146,c0760,moda-ropa,3.8,4,2026-12-16,reservado->comprado,negro,XL,hombre
u0146,c0888,moda-ropa,3.9,2,2026-12-02,comprado,azul,M,hombre
u0146,c1106,moda-ropa,4.2,1,2026-05-09,comprado,morado,XL,mujer
u0147,c1108,moda-accesorio,5.0,1,2026-10-13,comprado,verde,M,mujer
u0147,c1888,moda-ropa,4.8,1,2026-06-28,comprado,negro,S,mujer
u0147,c1307,moda-accesorio,4.7,2,2026-02-23,comprado,rosa,M,mujer
u0147,c1107,moda-accesorio,4.4,7,2026-07-21,reservado->comprado,morado,M,mujer
u0147,c1455,moda-accesorio,3.8,2,2026-01-21,comprado,azul,L,mujer
u0147,c1630,moda-calzado,4.3,3,2026-11-27,comprado,multicolor,XL,mujer
u0147,c1905,moda-ropa,4.9,2,2026-08-12,comprado,azul,M,mujer
u0148,c1424,moda-ropa,4.2,4,2026-04-16,reservado->comprado,amarillo,M,mujer
u0148,c1226,moda-calzado,3.4,5,2026-12-28,reservado->comprado,amarillo,XL,mujer
u0148,c1838,moda-ropa,3.7,2,2026-05-10,comprado,rojo,L,mujer
u0148,c1908,moda-ropa,4.2,1,2026-04-16,comprado,blanco,42,mujer
u0148,c1585,moda-ropa,4.0,1,2026-05-23,comprado,varios,M,mujer
u0149,c0164,moda-calzado,4.8,1,2026-05-16,comprado,negro,L,hombre
u0149,c0937,moda-ropa,5.0,1,2026-11-05,comprado,rojo,M,hombre
u0149,c0934,moda-ropa,4.0,2,2026-10-16,comprado,verde,L,hombre
u0149,c1749,moda-calzado,5.0,1,2026-09-08,comprado,rosa,S,mujer
u0149,c0204,moda-ropa,4.1,6,2026-02-21,reservado->comprado,negro,M,hombre
u0150,c1045,moda-ropa,3.8,3,2026-10-17,reservado->comprado,negro,M,mujer
u0150,c1461,moda-ropa,4.5,2,2026-08-27,comprado,varios,XL,mujer
u0150,c1270,moda-ropa,4.8,3,2026-10-04,comprado,blanco,S,mujer
u0150,c1860,moda-ropa,3.7,1,2026-08-09,comprado,amarillo,M,mujer
u0150,c1772,moda-ropa,4.4,4,2026-11-26,reservado->comprado,rosa,M,mujer
u0150,c0916,moda-ropa,4.3,1,2026-10-22,comprado,negro,M,hombre
u0150,c1493,moda-ropa,4.9,3,2026-09-11,comprado,varios,L,mujer
u0150,c0955,moda-accesorio,4.5,2,2026-03-22,comprado,morado,M,mujer
u0150,c1158,moda-ropa,4.5,2,2026-01-03,comprado,multicolor,M,mujer
u0150,c1094,moda-ropa,4.2,2,2026-12-27,comprado,varios,XL,mujer
u0151,c0248,moda-ropa,3.2,6,2026-08-28,reservado->comprado,blanco,M,hombre
u0151,c1184,moda-ropa,3.9,1,2026-11-22,comprado,blanco,M,mujer
u0151,c1261,moda-ropa,3.8,1,2026-01-03,comprado,café,L,mujer
u0151,c0326,moda-ropa,5.0,1,2026-05-04,comprado,blanco,M,hombre
u0151,c0769,moda-ropa,3.7,5,2026-12-01,reservado->comprado,multicolor,L,hombre
u0151,c0877,moda-ropa,3.6,5,2026-12-23,reservado->comprado,varios,XL,hombre
u0152,c0605,moda-ropa,3.8,6,2026-06-11,reservado->comprado,negro,M,hombre
u0152,c0888,moda-ropa,4.1,1,2026-11-01,comprado,azul,M,hombre
u0152,c0126,moda-ropa,4.3,3,2026-03-02,comprado,negro,M,hombre
u0152,c0017,moda-ropa,3.9,1,2026-05-09,comprado,azul,M,hombre
u0152,c0124,moda-ropa,4.0,2,2026-02-14,comprado,varios,L,hombre
u0153,c1316,moda-accesorio,3.6,3,2026-06-11,comprado,verde,L,mujer
u0153,c1743,moda-ropa,3.7,5,2026-11-26,reservado->comprado,morado,41,mujer
u0153,c1749,moda-calzado,3.5,1,2026-07-19,comprado,rosa,S,mujer
u0153,c1191,moda-accesorio,3.7,1,2026-06-18,comprado,amarillo,M,mujer
u0153,c1317,moda-ropa,3.2,5,2026-07-22,reservado->comprado,multicolor,M,mujer
u0153,c1077,moda-ropa,3.3,1,2026-02-07,comprado,negro,L,mujer
u0153,c1749,moda-calzado,3.9,1,2026-08-28,comprado,rosa,S,mujer
u0153,c1295,moda-ropa,3.9,1,2026-04-07,comprado,multicolor,36,mujer
u0154,c0397,moda-ropa,3.9,2,2026-09-03,comprado,verde,XL,hombre
u0154,c1630,moda-calzado,4.0,7,2026-06-06,reservado->comprado,multicolor,XL,mujer
u0154,c0092,moda-ropa,4.4,1,2026-02-21,comprado,negro,XL,hombre
u0154,c0303,moda-ropa,4.0,3,2026-12-24,comprado,blanco,L,hombre
u0154,c0252,moda-ropa,4.1,5,2026-02-14,reservado->comprado,naranja,L,hombre
u0155,c1576,moda-calzado,4.1,5,2026-08-22,reservado->comprado,negro,XL,mujer
u0155,c1569,moda-ropa,3.9,1,2026-02-17,comprado,multicolor,S,mujer
u0155,c1436,moda-ropa,4.2,1,2026-09-10,comprado,rosa,L,mujer
u0155,c1583,moda-calzado,3.9,3,2026-01-10,comprado,azul,L,mujer
u0155,c0957,moda-ropa,4.9,2,2026-05-05,comprado,multicolor,L,mujer
u0155,c1736,moda-ropa,4.6,1,2026-06-02,comprado,rojo,M,mujer
u0155,c1414,moda-ropa,4.2,1,2026-04-26,comprado,negro,M,mujer
u0156,c0280,moda-ropa,3.5,3,2026-01-06,reservado->comprado,negro,M,hombre
u0156,c1273,moda-ropa,4.2,1,2026-09-16,comprado,negro,L,mujer
u0156,c0631,moda-ropa,4.3,1,2026-05-13,comprado,rojo,XL,hombre
u0156,c1802,moda-accesorio,4.9,2,2026-01-17,comprado,multicolor,XL,mujer
u0156,c0294,moda-ropa,5.0,2,2026-01-22,comprado,negro,XL,hombre
u0157,c1802,moda-accesorio,3.5,1,2026-01-27,comprado,multicolor,XL,mujer
u0157,c1114,moda-ropa,4.2,2,2026-09-11,comprado,naranja,XS,mujer
u0157,c1688,moda-accesorio,4.5,1,2026-02-08,comprado,rojo,L,mujer
u0157,c1273,moda-ropa,3.5,1,2026-03-08,comprado,negro,L,mujer
u0157,c1156,moda-ropa,3.8,2,2026-08-26,comprado,morado,M,mujer
u0157,c1246,moda-ropa,3.5,3,2026-11-16,reservado->comprado,rosa,M,mujer
u0158,c1108,moda-accesorio,4.0,3,2026-04-26,comprado,verde,M,mujer
u0158,c1073,moda-ropa,4.0,1,2026-02-28,comprado,negro,M,mujer
u0158,c0164,moda-calzado,4.4,2,2026-11-04,comprado,negro,L,hombre
u0158,c1864,moda-ropa,3.8,6,2026-11-19,reservado->comprado,azul,S,mujer
u0158,c0980,moda-ropa,4.6,2,2026-07-05,comprado,azul,S,mujer
u0158,c1226,moda-calzado,4.8,7,2026-08-10,reservado->comprado,amarillo,XL,mujer
u0158,c1717,moda-accesorio,4.6,2,2026-10-27,comprado,multicolor,M,mujer
u0159,c1867,moda-calzado,3.9,1,2026-06-17,comprado,azul,M,mujer
u0159,c1611,moda-accesorio,2.8,5,2026-11-12,reservado->comprado,rosa,M,mujer
u0159,c1176,moda-accesorio,4.5,2,2026-05-10,comprado,verde,M,mujer
u0159,c1867,moda-calzado,4.0,2,2026-11-13,comprado,azul,M,mujer
u0159,c1056,moda-ropa,3.0,6,2026-11-27,reservado->comprado,verde,M,mujer
u0159,c1000,moda-ropa,4.5,3,2026-08-17,comprado,naranja,M,mujer
u0160,c1312,moda-calzado,3.7,6,2026-01-10,reservado->comprado,amarillo,M,mujer
u0160,c1096,moda-calzado,4.0,5,2026-04-28,reservado->comprado,beige,M,mujer
u0160,c0668,moda-ropa,4.0,3,2026-10-06,reservado->comprado,blanco,M,hombre
u0160,c0756,moda-ropa,4.8,1,2026-03-28,comprado,negro,M,hombre
u0160,c1046,moda-calzado,4.5,2,2026-06-11,comprado,beige,M,mujer
u0161,c1390,moda-accesorio,3.2,1,2026-05-08,comprado,beige,XL,mujer
u0161,c1312,moda-calzado,3.7,2,2026-12-16,comprado,amarillo,M,mujer
u0161,c0864,moda-ropa,2.9,1,2026-05-19,comprado,morado,XL,hombre
u0161,c0086,moda-ropa,3.0,1,2026-01-27,comprado,negro,L,hombre
u0161,c1125,moda-calzado,3.9,1,2026-04-07,comprado,verde,L,mujer
u0162,c1276,moda-calzado,3.1,1,2026-08-13,comprado,amarillo,XL,mujer
u0162,c1276,moda-calzado,4.0,1,2026-04-07,comprado,amarillo,XL,mujer
u0162,c0024,moda-ropa,3.6,2,2026-07-13,comprado,negro,XL,hombre
u0162,c1096,moda-calzado,3.6,3,2026-01-27,comprado,beige,M,mujer
u0162,c0375,moda-ropa,3.9,1,2026-10-19,comprado,blanco,XL,hombre
u0163,c0229,moda-ropa,4.7,1,2026-04-03,comprado,blanco,L,hombre
u0163,c0746,moda-ropa,5.0,3,2026-06-07,comprado,rojo,M,hombre
u0163,c0750,moda-ropa,4.1,1,2026-07-23,comprado,beige,M,hombre
u0163,c0185,moda-ropa,4.9,1,2026-11-02,comprado,blanco,M,hombre
u0163,c0867,moda-ropa,4.6,2,2026-11-10,comprado,azul,L,hombre
u0163,c0646,moda-ropa,4.4,1,2026-04-24,comprado,rojo,S,hombre
u0163,c1867,moda-calzado,3.6,5,2026-10-03,reservado->comprado,azul,M,mujer
u0163,c1276,moda-calzado,3.9,6,2026-03-15,reservado->comprado,amarillo,XL,mujer
u0163,c0674,moda-ropa,4.0,1,2026-04-11,comprado,blanco,L,hombre
u0163,c1630,moda-calzado,4.4,1,2026-05-20,comprado,multicolor,XL,mujer
u0163,c0766,moda-ropa,4.4,2,2026-05-02,comprado,rojo,M,hombre
u0163,c0232,moda-ropa,3.8,1,2026-08-23,comprado,azul,XL,hombre
u0163,c0102,moda-ropa,4.7,2,2026-03-20,comprado,azul,L,hombre
u0163,c0323,moda-ropa,3.9,6,2026-09-17,reservado->comprado,blanco,L,hombre
u0163,c0239,moda-ropa,3.7,2,2026-05-28,comprado,rosa,M,hombre
u0163,c1495,moda-calzado,4.7,1,2026-07-28,comprado,negro,S,mujer
u0163,c0275,moda-ropa,4.1,1,2026-02-28,comprado,negro,L,hombre
u0163,c0392,moda-ropa,3.7,1,2026-09-08,comprado,azul,M,hombre
u0163,c0583,moda-ropa,4.2,1,2026-04-21,comprado,azul,M,hombre
u0163,c0066,moda-ropa,4.1,1,2026-12-09,comprado,rojo,L,hombre
u0163,c1027,moda-ropa,4.4,2,2026-11-14,comprado,negro,XL,mujer
u0163,c0369,moda-ropa,4.8,2,2026-01-21,comprado,rosa,S,hombre
u0163,c0667,moda-ropa,4.3,2,2026-02-21,comprado,azul,L,hombre
u0163,c0442,moda-ropa,4.6,2,2026-11-01,comprado,verde,S,hombre
u0163,c0806,moda-ropa,4.6,1,2026-02-02,comprado,azul,M,hombre
u0163,c1312,moda-calzado,4.7,1,2026-12-03,comprado,amarillo,M,mujer
u0163,c0314,moda-ropa,4.2,1,2026-05-07,comprado,multicolor,M,hombre
u0163,c1004,moda-ropa,4.5,1,2026-09-05,comprado,multicolor,S,mujer
u0163,c1102,moda-ropa,4.2,7,2026-04-11,reservado->comprado,café,L,mujer
u0163,c0734,moda-ropa,4.9,1,2026-08-11,comprado,verde,S,hombre
u0163,c0590,moda-ropa,4.6,3,2026-02-04,comprado,multicolor,S,hombre
u0163,c1749,moda-calzado,4.7,3,2026-07-02,comprado,rosa,S,mujer
u0163,c0545,moda-ropa,5.0,2,2026-08-27,comprado,beige,M,hombre
u0163,c0549,moda-ropa,3.6,3,2026-01-07,reservado->comprado,multicolor,M,hombre
u0163,c1583,moda-calzado,4.2,4,2026-01-09,reservado->comprado,azul,L,mujer
u0163,c0041,moda-ropa,4.9,1,2026-03-21,comprado,negro,M,hombre
u0163,c0346,moda-ropa,4.3,1,2026-09-27,comprado,blanco,S,hombre
u0163,c0427,moda-ropa,4.0,2,2026-11-08,comprado,azul,M,hombre
u0163,c1630,moda-calzado,3.8,1,2026-09-12,comprado,multicolor,XL,mujer
u0163,c0099,moda-ropa,4.3,2,2026-11-20,comprado,gris,L,hombre
u0164,c1443,moda-ropa,3.8,4,2026-02-14,reservado->comprado,naranja,S,mujer
u0164,c1447,moda-accesorio,4.7,3,2026-11-12,comprado,negro,S,mujer
u0164,c1820,moda-ropa,4.4,3,2026-05-28,comprado,morado,M,mujer
u0164,c1736,moda-ropa,4.7,2,2026-12-14,comprado,rojo,M,mujer
u0164,c1108,moda-accesorio,4.4,1,2026-02-04,comprado,verde,M,mujer
u0165,c1053,moda-ropa,4.0,1,2026-05-01,comprado,verde,M,mujer
u0165,c1495,moda-calzado,4.1,2,2026-02-17,comprado,negro,S,mujer
u0165,c1576,moda-calzado,3.9,1,2026-08-07,comprado,negro,XL,mujer
u0165,c1125,moda-calzado,4.3,1,2026-07-08,comprado,verde,L,mujer
u0165,c0419,moda-ropa,4.3,1,2026-03-26,comprado,negro,L,hombre
u0166,c1091,moda-ropa,4.1,1,2026-07-20,comprado,varios,M,mujer
u0166,c1784,moda-ropa,3.0,5,2026-03-01,reservado->comprado,azul,36,mujer
u0166,c1347,moda-ropa,3.5,1,2026-09-21,comprado,negro,XL,mujer
u0166,c1427,moda-ropa,4.6,2,2026-09-27,comprado,morado,S,mujer
u0166,c0955,moda-accesorio,4.2,1,2026-08-25,comprado,morado,M,mujer
u0166,c1031,moda-accesorio,4.1,2,2026-03-13,comprado,rosa,M,mujer
u0166,c1854,moda-ropa,4.0,1,2026-04-28,comprado,verde,L,mujer
u0166,c1887,moda-ropa,4.2,3,2026-03-03,comprado,azul,S,mujer
u0166,c1422,moda-ropa,3.6,3,2026-08-06,comprado,negro,M,mujer
u0166,c1575,moda-ropa,3.4,5,2026-11-27,reservado->comprado,verde,M,mujer
u0166,c1178,moda-ropa,5.0,1,2026-02-03,comprado,rosa,L,mujer
u0166,c1207,moda-ropa,3.9,1,2026-11-15,comprado,azul,S,mujer
u0166,c1036,moda-accesorio,3.5,4,2026-09-07,reservado->comprado,verde,L,mujer
u0167,c1390,moda-accesorio,5.0,1,2026-11-27,comprado,beige,XL,mujer
u0167,c1663,moda-ropa,3.8,1,2026-12-07,comprado,varios,M,mujer
u0167,c1334,moda-ropa,4.2,2,2026-11-06,comprado,negro,M,mujer
u0167,c1350,moda-ropa,4.2,2,2026-06-28,comprado,negro,M,mujer
u0167,c0955,moda-accesorio,4.7,1,2026-10-02,comprado,morado,M,mujer
u0168,c0156,moda-ropa,3.8,1,2026-04-20,comprado,verde,L,hombre
u0168,c1717,moda-accesorio,3.7,4,2026-11-03,reservado->comprado,multicolor,M,mujer
u0168,c0654,moda-ropa,5.0,2,2026-07-09,comprado,rojo,M,hombre
u0168,c0928,moda-ropa,4.6,1,2026-09-11,comprado,blanco,XL,hombre
u0168,c0292,moda-ropa,4.6,2,2026-03-23,comprado,blanco,M,hombre
u0168,c0656,moda-ropa,4.7,3,2026-09-20,comprado,verde,L,hombre
u0169,c1096,moda-calzado,4.5,1,2026-07-24,comprado,beige,M,mujer
u0169,c0487,moda-ropa,4.0,3,2026-12-28,reservado->comprado,amarillo,S,hombre
u0169,c1276,moda-calzado,4.7,3,2026-10-02,comprado,amarillo,XL,mujer
u0169,c1046,moda-calzado,4.3,1,2026-07-13,comprado,beige,M,mujer
u0169,c0856,moda-ropa,4.4,1,2026-09-17,comprado,blanco,XL,hombre
u0170,c1125,moda-calzado,4.4,3,2026-12-22,comprado,verde,L,mujer
u0170,c0637,moda-ropa,3.1,5,2026-07-04,reservado->comprado,negro,M,hombre
u0170,c0395,moda-ropa,4.0,1,2026-02-26,comprado,rosa,S,hombre
u0170,c0768,moda-ropa,3.7,7,2026-06-19,reservado->comprado,azul,M,hombre
u0170,c0584,moda-ropa,3.7,3,2026-12-01,comprado,rojo,M,hombre
u0171,c1807,moda-ropa,4.7,3,2026-01-09,comprado,negro,XL,mujer
u0171,c1303,moda-ropa,3.5,4,2026-05-02,reservado->comprado,multicolor,L,mujer
u0171,c1004,moda-ropa,4.8,2,2026-01-20,comprado,multicolor,S,mujer
u0171,c1107,moda-accesorio,4.5,2,2026-07-11,comprado,morado,M,mujer
u0171,c1797,moda-ropa,4.8,3,2026-08-27,comprado,rojo,XL,mujer
u0171,c1171,moda-accesorio,3.9,1,2026-04-28,comprado,multicolor,M,mujer
u0172,c1583,moda-calzado,3.9,1,2026-12-02,comprado,azul,L,mujer
u0172,c0565,moda-ropa,3.9,3,2026-05-11,reservado->comprado,blanco,L,hombre
u0172,c0872,moda-ropa,4.1,3,2026-02-13,comprado,negro,L,hombre
u0172,c0777,moda-ropa,4.7,1,2026-12-01,comprado,verde,M,hombre
u0172,c1226,moda-calzado,3.7,5,2026-10-24,reservado->comprado,amarillo,XL,mujer
u0173,c1749,moda-calzado,4.3,1,2026-03-09,comprado,rosa,S,mujer
u0173,c0688,moda-ropa,4.1,1,2026-12-22,comprado,rojo,M,hombre
u0173,c0819,moda-ropa,3.9,6,2026-11-22,reservado->comprado,rojo,L,hombre
u0173,c1241,moda-ropa,3.5,1,2026-10-03,comprado,negro,M,mujer
u0173,c1046,moda-calzado,4.2,2,2026-03-11,comprado,beige,M,mujer
u0173,c0895,moda-ropa,3.5,2,2026-02-26,comprado,verde,M,hombre
u0173,c0678,moda-ropa,4.2,1,2026-03-01,comprado,blanco,M,hombre
u0173,c1687,moda-ropa,3.6,1,2026-07-15,comprado,azul,S,mujer
u0173,c0164,moda-calzado,3.7,1,2026-10-05,comprado,negro,L,hombre
u0173,c0820,moda-ropa,4.0,3,2026-05-25,comprado,varios,L,hombre
u0173,c0228,moda-ropa,3.2,4,2026-07-08,reservado->comprado,rosa,M,hombre
u0173,c1018,moda-ropa,3.9,2,2026-07-12,comprado,blanco,XL,mujer
u0174,c0801,moda-ropa,4.3,3,2026-02-28,reservado->comprado,rojo,XL,hombre
u0174,c0558,moda-ropa,4.4,1,2026-07-11,comprado,verde,M,hombre
u0174,c0427,moda-ropa,3.6,1,2026-09-22,comprado,azul,M,hombre
u0174,c1312,moda-calzado,4.1,5,2026-11-20,reservado->comprado,amarillo,M,mujer
u0174,c0889,moda-ropa,4.7,3,2026-09-20,comprado,multicolor,M,hombre
u0175,c0607,moda-ropa,3.5,3,2026-12-24,comprado,rojo,L,hombre
u0175,c0220,moda-ropa,4.6,2,2026-04-19,comprado,verde,L,hombre
u0175,c0986,moda-ropa,3.9,3,2026-10-17,comprado,negro,L,mujer
u0175,c0565,moda-ropa,3.8,2,2026-11-22,comprado,blanco,L,hombre
u0175,c0380,moda-ropa,3.4,1,2026-10-21,comprado,azul,L,hombre
u0175,c0728,moda-ropa,3.7,3,2026-10-01,comprado,café,XL,hombre
u0175,c0164,moda-calzado,4.0,3,2026-08-03,comprado,negro,L,hombre
u0176,c0559,moda-ropa,3.8,2,2026-11-01,comprado,rojo,L,hombre
u0176,c1171,moda-accesorio,3.7,1,2026-11-01,comprado,multicolor,M,mujer
u0176,c1327,moda-ropa,3.9,1,2026-03-23,comprado,negro,S,mujer
u0176,c1102,moda-ropa,3.6,2,2026-04-13,comprado,café,L,mujer
u0176,c0196,moda-ropa,3.0,4,2026-10-16,reservado->comprado,rojo,M,hombre
u0177,c1021,moda-accesorio,3.0,7,2026-11-12,reservado->comprado,rojo,XL,mujer
u0177,c1301,moda-accesorio,3.0,5,2026-07-11,reservado->comprado,negro,S,mujer
u0177,c1583,moda-calzado,3.8,2,2026-02-10,comprado,azul,L,mujer
u0177,c0534,moda-ropa,3.5,3,2026-04-09,comprado,verde,L,hombre
u0177,c0564,moda-ropa,3.4,2,2026-12-18,comprado,negro,L,hombre
u0177,c0955,moda-accesorio,3.9,1,2026-02-21,comprado,morado,M,mujer
u0177,c1851,moda-ropa,3.9,2,2026-03-20,comprado,blanco,M,mujer
u0177,c0014,moda-calzado,4.0,5,2026-09-18,reservado->comprado,blanco,L,hombre
u0177,c1583,moda-calzado,3.0,1,2026-02-17,comprado,azul,L,mujer
u0177,c1630,moda-calzado,2.9,2,2026-05-26,comprado,multicolor,XL,mujer
u0177,c1171,moda-accesorio,3.8,2,2026-08-16,comprado,multicolor,M,mujer
u0177,c1358,moda-ropa,2.7,2,2026-06-09,comprado,blanco,M,mujer
u0177,c1826,moda-ropa,3.5,1,2026-11-13,comprado,rosa,S,mujer
u0177,c0703,moda-ropa,3.4,2,2026-05-18,comprado,rojo,M,hombre
u0177,c1191,moda-accesorio,3.7,1,2026-09-01,comprado,amarillo,M,mujer
u0177,c1046,moda-calzado,3.7,1,2026-04-15,comprado,beige,M,mujer
u0177,c1171,moda-accesorio,3.2,4,2026-06-27,reservado->comprado,multicolor,M,mujer
u0177,c1219,moda-ropa,3.5,1,2026-03-03,comprado,azul,M,mujer
u0177,c1429,moda-accesorio,3.4,1,2026-11-16,comprado,amarillo,XL,mujer
u0177,c0687,moda-ropa,3.5,1,2026-12-28,comprado,verde,L,hombre
u0177,c0425,moda-ropa,3.5,6,2026-08-25,reservado->comprado,rojo,M,hombre
u0177,c1583,moda-calzado,3.9,1,2026-07-25,comprado,azul,L,mujer
u0177,c1021,moda-accesorio,3.8,1,2026-03-23,comprado,rojo,XL,mujer
u0177,c1096,moda-calzado,3.7,1,2026-05-10,comprado,beige,M,mujer
u0177,c1278,moda-accesorio,3.4,1,2026-02-21,comprado,multicolor,M,mujer
u0177,c0750,moda-ropa,3.2,3,2026-03-02,comprado,beige,M,hombre
u0177,c1853,moda-ropa,3.8,1,2026-05-12,comprado,verde,M,mujer
u0177,c0880,moda-ropa,3.1,3,2026-05-04,comprado,azul,M,hombre
u0178,c1671,moda-accesorio,3.9,1,2026-06-26,comprado,rosa,M,mujer
u0178,c1897,moda-ropa,3.6,1,2026-06-20,comprado,negro,L,mujer
u0178,c1011,moda-accesorio,4.1,3,2026-06-06,comprado,rosa,L,mujer
u0178,c1611,moda-accesorio,4.2,2,2026-09-20,comprado,rosa,M,mujer
u0178,c1482,moda-ropa,4.0,1,2026-09-04,comprado,multicolor,M,mujer
u0178,c0318,moda-ropa,4.0,1,2026-01-16,comprado,verde,XL,hombre
u0179,c1163,moda-ropa,4.2,1,2026-02-07,comprado,negro,L,mujer
u0179,c1062,moda-ropa,3.8,4,2026-06-04,reservado->comprado,rosa,44,mujer
u0179,c1356,moda-ropa,3.7,4,2026-09-14,reservado->comprado,rojo,S,mujer
u0179,c1176,moda-accesorio,3.7,3,2026-08-02,reservado->comprado,verde,M,mujer
u0179,c1395,moda-ropa,4.4,2,2026-10-09,comprado,café,48,mujer
u0180,c0209,moda-ropa,4.6,1,2026-02-01,comprado,rojo,M,hombre
u0180,c1015,moda-ropa,4.9,1,2026-10-16,comprado,negro,M,mujer
u0180,c1429,moda-accesorio,4.5,6,2026-03-21,reservado->comprado,amarillo,XL,mujer
u0180,c1385,moda-ropa,5.0,3,2026-01-22,comprado,café,M,mujer
u0180,c1276,moda-calzado,5.0,2,2026-04-04,comprado,amarillo,XL,mujer
u0180,c0940,moda-ropa,4.2,1,2026-02-26,comprado,rojo,M,hombre
u0180,c1139,moda-ropa,5.0,1,2026-09-12,comprado,azul,M,mujer
u0180,c1495,moda-calzado,4.0,3,2026-12-16,reservado->comprado,negro,S,mujer
u0180,c0982,moda-accesorio,4.2,2,2026-03-09,comprado,verde,M,mujer
u0180,c1191,moda-accesorio,5.0,1,2026-02-14,comprado,amarillo,M,mujer
u0180,c1011,moda-accesorio,5.0,2,2026-08-23,comprado,rosa,L,mujer
u0180,c1693,moda-ropa,4.3,2,2026-05-17,comprado,verde,L,mujer
u0181,c0259,moda-ropa,4.1,1,2026-12-06,comprado,amarillo,M,hombre
u0181,c1502,moda-calzado,4.5,3,2026-01-26,comprado,azul,L,mujer
u0181,c1226,moda-calzado,4.9,3,2026-08-10,comprado,amarillo,XL,mujer
u0181,c1071,moda-accesorio,4.0,1,2026-10-03,comprado,varios,XL,mujer
u0181,c1891,moda-accesorio,3.9,2,2026-11-15,comprado,multicolor,M,mujer
u0181,c0014,moda-calzado,3.9,1,2026-01-17,comprado,blanco,L,hombre
u0181,c1086,moda-ropa,4.4,2,2026-12-05,comprado,blanco,XL,mujer
u0181,c0756,moda-ropa,3.1,4,2026-04-22,reservado->comprado,negro,M,hombre
u0181,c1316,moda-accesorio,3.9,3,2026-04-11,comprado,verde,L,mujer
u0182,c1526,moda-ropa,3.7,3,2026-12-08,comprado,negro,M,mujer
u0182,c1712,moda-ropa,4.4,2,2026-05-01,comprado,azul,L,mujer
u0182,c1018,moda-ropa,4.4,1,2026-06-19,comprado,blanco,XL,mujer
u0182,c0031,moda-ropa,4.2,1,2026-10-09,comprado,blanco,M,hombre
u0182,c1036,moda-accesorio,4.1,2,2026-04-27,comprado,verde,L,mujer
u0182,c1093,moda-ropa,3.6,4,2026-04-17,reservado->comprado,verde,L,mujer
u0182,c1235,moda-ropa,4.2,2,2026-10-07,comprado,multicolor,M,mujer
u0182,c1188,moda-ropa,3.8,1,2026-12-09,comprado,negro,S,mujer
u0183,c0860,moda-ropa,4.9,1,2026-11-12,comprado,blanco,M,hombre
u0183,c0671,moda-ropa,4.1,1,2026-03-08,comprado,rojo,M,hombre
u0183,c0592,moda-ropa,4.2,1,2026-12-07,comprado,rojo,XL,hombre
u0183,c1191,moda-accesorio,4.9,1,2026-01-10,comprado,amarillo,M,mujer
u0183,c0240,moda-ropa,5.0,1,2026-09-20,comprado,rosa,L,hombre
u0184,c1545,moda-ropa,3.3,1,2026-11-01,comprado,azul,L,mujer
u0184,c0260,moda-ropa,2.8,3,2026-10-25,reservado->comprado,azul,L,hombre
u0184,c1707,moda-ropa,3.9,1,2026-06-05,comprado,amarillo,L,mujer
u0184,c1410,moda-ropa,4.3,1,2026-04-21,comprado,verde,M,mujer
u0184,c1307,moda-accesorio,4.5,1,2026-01-28,comprado,rosa,M,mujer
u0184,c1429,moda-accesorio,3.0,4,2026-06-09,reservado->comprado,amarillo,XL,mujer
u0184,c1409,moda-ropa,4.3,2,2026-11-24,comprado,negro,L,mujer
u0184,c1008,moda-ropa,3.0,7,2026-09-09,reservado->comprado,negro,M,mujer
u0184,c0608,moda-ropa,4.0,2,2026-08-28,comprado,rojo,M,hombre
u0184,c0133,moda-ropa,3.8,3,2026-01-26,comprado,blanco,M,hombre
u0185,c1671,moda-accesorio,3.4,3,2026-10-18,comprado,rosa,M,mujer
u0185,c0989,moda-ropa,3.9,4,2026-10-20,reservado->comprado,rosa,L,mujer
u0185,c1781,moda-ropa,3.4,5,2026-11-20,reservado->comprado,azul,M,mujer
u0185,c1161,moda-ropa,4.2,2,2026-12-03,comprado,verde,S,mujer
u0185,c1301,moda-accesorio,4.7,3,2026-04-13,comprado,negro,S,mujer
u0185,c1419,moda-ropa,3.4,2,2026-12-01,comprado,multicolor,S,mujer
u0186,c1125,moda-calzado,3.3,3,2026-06-10,comprado,verde,L,mujer
u0186,c0534,moda-ropa,2.9,5,2026-05-20,reservado->comprado,verde,L,hombre
u0186,c0579,moda-ropa,4.2,1,2026-06-28,comprado,verde,M,hombre
u0186,c0368,moda-ropa,4.4,2,2026-07-08,comprado,rosa,M,hombre
u0186,c1096,moda-calzado,3.6,6,2026-12-24,reservado->comprado,beige,M,mujer
u0186,c0172,moda-ropa,3.8,6,2026-04-11,reservado->comprado,rojo,S,hombre
u0186,c0650,moda-ropa,4.2,5,2026-08-04,reservado->comprado,azul,S,hombre
u0187,c0014,moda-calzado,3.7,1,2026-07-11,comprado,blanco,L,hombre
u0187,c0842,moda-ropa,3.6,3,2026-08-23,reservado->comprado,rojo,M,hombre
u0187,c0882,moda-ropa,5.0,1,2026-08-27,comprado,rojo,L,hombre
u0187,c1669,moda-accesorio,4.2,2,2026-06-08,comprado,varios,M,mujer
u0187,c0925,moda-ropa,4.7,2,2026-07-21,comprado,azul,M,hombre
u0188,c1384,moda-ropa,3.8,1,2026-09-14,comprado,azul,XL,mujer
u0188,c1341,moda-ropa,3.6,6,2026-12-18,reservado->comprado,negro,L,mujer
u0188,c1836,moda-ropa,4.8,1,2026-02-25,comprado,azul,L,mujer
u0188,c1294,moda-ropa,4.6,2,2026-08-01,comprado,verde,M,mujer
u0188,c1043,moda-ropa,4.7,1,2026-05-20,comprado,negro,L,mujer
u0189,c0301,moda-ropa,3.6,1,2026-01-19,comprado,verde,L,hombre
u0189,c1096,moda-calzado,3.3,1,2026-03-04,comprado,beige,M,mujer
u0189,c0658,moda-ropa,4.4,1,2026-07-02,comprado,azul,M,hombre
u0189,c0872,moda-ropa,4.3,1,2026-01-10,comprado,negro,L,hombre
u0189,c1316,moda-accesorio,2.9,1,2026-12-18,comprado,verde,L,mujer
u0190,c0327,moda-ropa,4.1,7,2026-12-04,reservado->comprado,rojo,L,hombre
u0190,c0630,moda-ropa,3.7,1,2026-01-18,comprado,gris,L,hombre
u0190,c0240,moda-ropa,4.4,2,2026-12-11,comprado,rosa,L,hombre
u0190,c1442,moda-ropa,3.4,1,2026-08-08,comprado,amarillo,L,mujer
u0190,c0755,moda-ropa,3.9,1,2026-07-21,comprado,blanco,M,hombre
u0190,c1419,moda-ropa,4.3,1,2026-06-22,comprado,multicolor,S,mujer
u0191,c1802,moda-accesorio,3.9,1,2026-06-04,comprado,multicolor,XL,mujer
u0191,c1867,moda-calzado,2.8,2,2026-09-05,comprado,azul,M,mujer
u0191,c0071,moda-ropa,4.4,1,2026-05-28,comprado,rojo,S,hombre
u0191,c1583,moda-calzado,4.0,1,2026-10-18,comprado,azul,L,mujer
u0191,c1583,moda-calzado,4.1,1,2026-02-07,comprado,azul,L,mujer
u0191,c0014,moda-calzado,4.8,1,2026-04-22,comprado,blanco,L,hombre
u0191,c1291,moda-accesorio,4.4,2,2026-06-05,comprado,rojo,M,mujer
u0191,c0790,moda-ropa,3.4,2,2026-04-24,comprado,rojo,XL,hombre
u0191,c0193,moda-ropa,4.0,1,2026-11-12,comprado,varios,M,hombre
u0192,c0164,moda-calzado,5.0,3,2026-09-14,comprado,negro,L,hombre
u0192,c0865,moda-ropa,5.0,3,2026-02-18,comprado,verde,L,hombre
u0192,c0639,moda-ropa,4.5,5,2026-12-26,reservado->comprado,rojo,M,hombre
u0192,c1312,moda-calzado,3.6,3,2026-02-17,reservado->comprado,amarillo,M,mujer
u0192,c0832,moda-ropa,3.6,3,2026-11-23,reservado->comprado,negro,M,hombre
u0192,c0671,moda-ropa,4.6,1,2026-09-27,comprado,rojo,M,hombre
u0193,c1709,moda-ropa,3.3,1,2026-10-14,comprado,negro,M,mujer
u0193,c1226,moda-calzado,3.9,1,2026-09-16,comprado,amarillo,XL,mujer
u0193,c1046,moda-calzado,4.1,3,2026-10-10,comprado,beige,M,mujer
u0193,c1075,moda-ropa,4.3,1,2026-09-10,comprado,negro,L,mujer
u0193,c1604,moda-ropa,3.4,1,2026-07-02,comprado,multicolor,L,mujer
u0193,c0089,moda-ropa,3.2,2,2026-05-19,comprado,morado,L,hombre
u0194,c0523,moda-ropa,3.6,4,2026-11-10,reservado->comprado,verde,M,hombre
u0194,c0000,moda-ropa,4.0,2,2026-05-21,comprado,negro,L,hombre
u0194,c0021,moda-ropa,4.6,2,2026-03-20,comprado,azul,M,hombre
u0194,c1230,moda-ropa,3.8,1,2026-09-08,comprado,negro,M,mujer
u0194,c1312,moda-calzado,4.3,1,2026-05-20,comprado,amarillo,M,mujer
u0195,c0735,moda-ropa,4.9,3,2026-07-17,comprado,varios,L,hombre
u0195,c1036,moda-accesorio,4.3,1,2026-11-14,comprado,verde,L,mujer
u0195,c0447,moda-ropa,4.3,1,2026-12-25,comprado,rojo,L,hombre
u0195,c0845,moda-ropa,4.3,5,2026-11-08,reservado->comprado,verde,L,hombre
u0195,c1096,moda-calzado,4.1,3,2026-09-01,comprado,beige,M,mujer
u0196,c1579,moda-ropa,4.3,2,2026-06-22,comprado,azul,S,mujer
u0196,c1749,moda-calzado,3.8,1,2026-08-02,comprado,rosa,S,mujer
u0196,c1190,moda-ropa,4.1,1,2026-06-28,comprado,verde,XL,mujer
u0196,c1280,moda-ropa,3.6,5,2026-12-22,reservado->comprado,naranja,M,mujer
u0196,c1190,moda-ropa,3.7,1,2026-09-21,comprado,verde,XL,mujer
u0197,c0523,moda-ropa,4.3,1,2026-07-05,comprado,verde,M,hombre
u0197,c1343,moda-ropa,4.5,2,2026-05-08,comprado,rojo,S,mujer
u0197,c0487,moda-ropa,4.7,3,2026-03-10,comprado,amarillo,S,hombre
u0197,c0164,moda-calzado,3.0,4,2026-01-06,reservado->comprado,negro,L,hombre
u0197,c1749,moda-calzado,5.0,3,2026-02-11,reservado->comprado,rosa,S,mujer
u0198,c1096,moda-calzado,4.5,1,2026-02-01,comprado,beige,M,mujer
u0198,c0275,moda-ropa,3.7,2,2026-12-18,comprado,negro,L,hombre
u0198,c1307,moda-accesorio,4.2,2,2026-05-17,comprado,rosa,M,mujer
u0198,c0164,moda-calzado,4.7,3,2026-07-17,comprado,negro,L,hombre
u0198,c1191,moda-accesorio,3.1,4,2026-10-03,reservado->comprado,amarillo,M,mujer
u0199,c1316,moda-accesorio,3.4,5,2026-11-18,reservado->comprado,verde,L,mujer
u0199,c0440,moda-ropa,3.7,6,2026-03-13,reservado->comprado,negro,L,hombre
u0199,c1036,moda-accesorio,4.4,3,2026-05-11,comprado,verde,L,mujer
u0199,c0812,moda-ropa,4.1,1,2026-11-23,comprado,azul,L,hombre
u0199,c0164,moda-calzado,4.0,5,2026-02-08,reservado->comprado,negro,L,hombre
u0199,c1802,moda-accesorio,4.6,3,2026-11-10,comprado,multicolor,XL,mujer
u0199,c0230,moda-ropa,4.0,7,2026-11-27,reservado->comprado,blanco,M,hombre
u0200,c1714,moda-ropa,3.1,1,2026-09-27,comprado,naranja,XS,mujer
u0200,c0055,moda-ropa,3.3,3,2026-09-11,reservado->comprado,verde,L,hombre
u0200,c1418,moda-ropa,3.9,1,2026-09-15,comprado,negro,M,mujer
u0200,c1867,moda-calzado,3.9,2,2026-07-09,comprado,azul,M,mujer
u0200,c1026,moda-ropa,4.0,1,2026-04-21,comprado,negro,L,mujer
u0200,c0272,moda-ropa,3.0,1,2026-08-03,comprado,negro,XL,hombre
u0201,c0636,moda-ropa,4.5,1,2026-11-25,comprado,negro,M,hombre
u0201,c1278,moda-accesorio,4.5,2,2026-02-27,comprado,multicolor,M,mujer
u0201,c0943,moda-ropa,4.8,1,2026-03-15,comprado,rojo,M,hombre
u0201,c1176,moda-accesorio,4.9,6,2026-07-05,reservado->comprado,verde,M,mujer
u0201,c1010,moda-ropa,5.0,2,2026-11-18,comprado,negro,M,mujer
u0201,c0290,moda-ropa,4.2,4,2026-02-17,reservado->comprado,rojo,S,hombre
u0201,c1416,moda-ropa,3.8,2,2026-09-21,comprado,multicolor,S,mujer
u0201,c1501,moda-ropa,4.2,3,2026-06-19,comprado,varios,L,mujer
u0201,c1071,moda-accesorio,4.7,2,2026-04-01,comprado,varios,XL,mujer
u0201,c1584,moda-ropa,3.4,7,2026-12-03,reservado->comprado,azul,M,mujer
u0201,c0972,moda-ropa,4.1,1,2026-06-02,comprado,multicolor,M,mujer
u0201,c0564,moda-ropa,4.7,3,2026-02-13,comprado,negro,L,hombre
u0201,c1568,moda-ropa,4.5,1,2026-08-11,comprado,azul,M,mujer
u0201,c0779,moda-ropa,4.0,6,2026-04-28,reservado->comprado,rojo,XL,hombre
u0201,c1108,moda-accesorio,4.3,3,2026-07-15,comprado,verde,M,mujer
u0201,c0309,moda-ropa,4.7,1,2026-08-04,comprado,verde,L,hombre
u0201,c0776,moda-ropa,4.5,1,2026-08-04,comprado,azul,S,hombre
u0201,c1671,moda-accesorio,3.2,3,2026-06-02,reservado->comprado,rosa,M,mujer
u0201,c0355,moda-ropa,4.2,1,2026-11-14,comprado,multicolor,M,hombre
u0201,c0601,moda-ropa,3.7,3,2026-03-28,reservado->comprado,rojo,S,hombre
u0201,c0613,moda-ropa,4.0,3,2026-02-20,comprado,verde,M,hombre
u0201,c1301,moda-accesorio,3.7,2,2026-05-19,comprado,negro,S,mujer
u0201,c0003,moda-ropa,4.3,4,2026-01-02,reservado->comprado,azul,M,hombre
u0201,c1396,moda-ropa,5.0,2,2026-11-23,comprado,negro,XL,mujer
u0201,c0675,moda-ropa,4.9,1,2026-08-06,comprado,amarillo,M,hombre
u0201,c0720,moda-ropa,2.7,5,2026-01-13,reservado->comprado,negro,M,hombre
u0201,c0542,moda-ropa,4.3,2,2026-07-28,comprado,negro,XL,hombre
u0201,c1107,moda-accesorio,4.2,2,2026-08-18,comprado,morado,M,mujer
u0202,c1814,moda-ropa,3.9,2,2026-08-02,comprado,verde,L,mujer
u0202,c1457,moda-ropa,4.1,1,2026-01-21,comprado,verde,L,mujer
u0202,c1010,moda-ropa,4.3,2,2026-07-12,comprado,negro,M,mujer
u0202,c1619,moda-ropa,4.2,2,2026-05-16,comprado,azul,M,mujer
u0202,c1348,moda-ropa,3.6,2,2026-02-09,comprado,negro,L,mujer
u0203,c0111,moda-ropa,3.8,1,2026-07-17,comprado,blanco,XL,hombre
u0203,c1502,moda-calzado,4.0,3,2026-11-02,reservado->comprado,azul,L,mujer
u0203,c0955,moda-accesorio,4.5,1,2026-03-12,comprado,morado,M,mujer
u0203,c1576,moda-calzado,4.6,1,2026-03-25,comprado,negro,XL,mujer
u0203,c0036,moda-ropa,4.3,1,2026-06-13,comprado,rojo,M,hombre
u0203,c0364,moda-ropa,4.2,1,2026-03-01,comprado,negro,S,hombre
u0203,c0090,moda-ropa,3.6,3,2026-11-20,comprado,blanco,S,hombre
u0203,c0509,moda-ropa,3.7,6,2026-06-24,reservado->comprado,negro,XL,hombre
u0204,c1455,moda-accesorio,4.1,1,2026-07-05,comprado,azul,L,mujer
u0204,c1802,moda-accesorio,3.9,1,2026-11-06,comprado,multicolor,XL,mujer
u0204,c0542,moda-ropa,4.0,1,2026-07-11,comprado,negro,XL,hombre
u0204,c0361,moda-ropa,4.3,1,2026-10-05,comprado,negro,S,hombre
u0204,c0898,moda-ropa,4.0,1,2026-08-05,comprado,rojo,M,hombre
u0204,c0477,moda-ropa,3.2,7,2026-01-27,reservado->comprado,negro,S,hombre
u0205,c0982,moda-accesorio,3.2,2,2026-04-07,comprado,verde,M,mujer
u0205,c0143,moda-ropa,4.4,1,2026-10-08,comprado,rojo,M,hombre
u0205,c0337,moda-ropa,4.7,1,2026-05-07,comprado,azul,L,hombre
u0205,c1611,moda-accesorio,3.2,5,2026-07-22,reservado->comprado,rosa,M,mujer
u0205,c1171,moda-accesorio,4.1,2,2026-07-27,comprado,multicolor,M,mujer
u0205,c1011,moda-accesorio,4.3,4,2026-11-15,reservado->comprado,rosa,L,mujer
u0206,c0522,moda-ropa,4.4,1,2026-07-18,comprado,blanco,L,hombre
u0206,c0951,moda-ropa,3.6,2,2026-04-09,comprado,negro,S,hombre
u0206,c1291,moda-accesorio,5.0,2,2026-03-21,comprado,rojo,M,mujer
u0206,c1455,moda-accesorio,4.5,5,2026-06-15,reservado->comprado,azul,L,mujer
u0206,c1291,moda-accesorio,3.9,5,2026-04-04,reservado->comprado,rojo,M,mujer
u0207,c1071,moda-accesorio,4.6,2,2026-05-09,comprado,varios,XL,mujer
u0207,c1107,moda-accesorio,4.8,1,2026-12-01,comprado,morado,M,mujer
u0207,c1291,moda-accesorio,4.2,1,2026-03-21,comprado,rojo,M,mujer
u0207,c1069,moda-ropa,3.8,1,2026-05-16,comprado,rosa,L,mujer
u0207,c1091,moda-ropa,3.5,4,2026-08-23,reservado->comprado,varios,M,mujer
u0208,c1171,moda-accesorio,3.0,1,2026-07-20,comprado,multicolor,M,mujer
u0208,c0754,moda-ropa,4.0,1,2026-02-10,comprado,rojo,M,hombre
u0208,c1458,moda-accesorio,4.5,2,2026-12-18,comprado,blanco,S,mujer
u0208,c0323,moda-ropa,4.1,1,2026-06-04,comprado,blanco,L,hombre
u0208,c0020,moda-ropa,2.3,3,2026-05-14,reservado->comprado,verde,L,hombre
u0208,c1071,moda-accesorio,2.6,4,2026-02-11,reservado->comprado,varios,XL,mujer
u0209,c1301,moda-accesorio,3.4,4,2026-12-26,reservado->comprado,negro,S,mujer
u0209,c1291,moda-accesorio,4.2,1,2026-04-27,comprado,rojo,M,mujer
u0209,c1316,moda-accesorio,3.3,5,2026-03-05,reservado->comprado,verde,L,mujer
u0209,c1087,moda-ropa,3.2,2,2026-11-04,comprado,morado,M,mujer
u0209,c1179,moda-ropa,3.3,1,2026-12-01,comprado,azul,L,mujer
u0209,c1136,moda-accesorio,4.1,2,2026-04-12,comprado,amarillo,S,mujer
u0209,c0955,moda-accesorio,3.0,6,2026-05-23,reservado->comprado,morado,M,mujer
u0210,c1891,moda-accesorio,3.8,1,2026-12-23,comprado,multicolor,M,mujer
u0210,c1749,moda-calzado,3.7,3,2026-02-07,comprado,rosa,S,mujer
u0210,c1488,moda-ropa,3.3,2,2026-11-15,comprado,varios,XL,mujer
u0210,c1307,moda-accesorio,3.6,2,2026-03-11,comprado,rosa,M,mujer
u0210,c1448,moda-ropa,4.2,2,2026-07-23,comprado,amarillo,M,mujer
u0211,c1583,moda-calzado,3.5,4,2026-02-25,reservado->comprado,azul,L,mujer
u0211,c1783,moda-ropa,3.7,5,2026-06-28,reservado->comprado,rojo,M,mujer
u0211,c1669,moda-accesorio,4.4,1,2026-10-10,comprado,varios,M,mujer
u0211,c1226,moda-calzado,4.9,1,2026-10-10,comprado,amarillo,XL,mujer
u0211,c0954,moda-ropa,3.9,1,2026-06-09,comprado,naranja,XS,mujer
u0212,c0047,moda-ropa,3.5,3,2026-04-01,reservado->comprado,blanco,M,hombre
u0212,c0270,moda-ropa,3.3,1,2026-05-14,comprado,rojo,M,hombre
u0212,c1107,moda-accesorio,3.2,2,2026-03-20,comprado,morado,M,mujer
u0212,c0345,moda-ropa,3.7,1,2026-11-04,comprado,negro,M,hombre
u0212,c0016,moda-ropa,3.3,5,2026-09-01,reservado->comprado,rojo,M,hombre
u0213,c1040,moda-ropa,4.2,2,2026-05-12,comprado,naranja,L,mujer
u0213,c1258,moda-ropa,3.3,1,2026-07-16,comprado,rosa,XL,mujer
u0213,c1733,moda-ropa,3.9,3,2026-02-05,comprado,verde,M,mujer
u0213,c1751,moda-ropa,2.8,5,2026-09-20,reservado->comprado,negro,L,mujer
u0213,c1108,moda-accesorio,4.4,3,2026-04-18,comprado,verde,M,mujer
u0213,c1313,moda-ropa,2.2,4,2026-12-10,reservado->comprado,naranja,XS,mujer
u0214,c1863,moda-ropa,4.0,1,2026-05-26,comprado,azul,39,mujer
u0214,c1502,moda-calzado,3.6,2,2026-11-22,comprado,azul,L,mujer
u0214,c1566,moda-ropa,3.7,1,2026-09-12,comprado,negro,M,mujer
u0214,c1151,moda-ropa,2.6,5,2026-01-01,reservado->comprado,multicolor,S,mujer
u0214,c0014,moda-calzado,3.4,5,2026-01-20,reservado->comprado,blanco,L,hombre
u0214,c1502,moda-calzado,3.5,2,2026-06-21,comprado,azul,L,mujer
u0214,c1372,moda-ropa,4.2,1,2026-01-26,comprado,azul,L,mujer
u0214,c1685,moda-ropa,4.1,1,2026-08-23,comprado,negro,37,mujer
u0215,c1338,moda-ropa,4.2,1,2026-03-09,comprado,azul,XL,mujer
u0215,c1760,moda-ropa,3.0,6,2026-01-23,reservado->comprado,naranja,XL,mujer
u0215,c1136,moda-accesorio,4.1,1,2026-02-25,comprado,amarillo,S,mujer
u0215,c1700,moda-ropa,3.3,3,2026-11-04,comprado,rojo,L,mujer
u0215,c1017,moda-ropa,4.1,1,2026-03-09,comprado,azul,M,mujer
u0216,c0555,moda-ropa,4.5,4,2026-02-21,reservado->comprado,azul,L,hombre
u0216,c0793,moda-ropa,3.7,2,2026-12-22,comprado,blanco,L,hombre
u0216,c0418,moda-ropa,3.8,5,2026-11-08,reservado->comprado,blanco,S,hombre
u0216,c0476,moda-ropa,4.1,2,2026-11-10,comprado,negro,M,hombre
u0216,c1583,moda-calzado,4.6,2,2026-11-28,comprado,azul,L,mujer
u0216,c1032,moda-ropa,5.0,2,2026-02-15,comprado,café,XL,mujer
u0216,c0164,moda-calzado,4.5,4,2026-07-16,reservado->comprado,negro,L,hombre
u0217,c0381,moda-ropa,3.7,2,2026-12-22,comprado,azul,M,hombre
u0217,c0655,moda-ropa,2.8,3,2026-05-06,reservado->comprado,rojo,S,hombre
u0217,c0726,moda-ropa,4.4,2,2026-08-01,comprado,rojo,XL,hombre
u0217,c1143,moda-ropa,3.9,1,2026-04-21,comprado,verde,37,mujer
u0217,c0034,moda-ropa,3.8,1,2026-12-24,comprado,negro,L,hombre
u0217,c0673,moda-ropa,3.6,1,2026-05-14,comprado,negro,M,hombre
u0217,c1312,moda-calzado,3.5,1,2026-04-19,comprado,amarillo,M,mujer
u0217,c1630,moda-calzado,3.3,1,2026-10-20,comprado,multicolor,XL,mujer
u0218,c1515,moda-ropa,4.4,1,2026-10-01,comprado,amarillo,XL,mujer
u0218,c0563,moda-ropa,4.1,2,2026-09-11,comprado,rosa,S,hombre
u0218,c0487,moda-ropa,3.9,2,2026-10-01,comprado,amarillo,S,hombre
u0218,c1125,moda-calzado,4.2,2,2026-09-05,comprado,verde,L,mujer
u0218,c1785,moda-ropa,4.4,2,2026-09-19,comprado,azul,41,mujer
u0219,c1316,moda-accesorio,4.2,5,2026-12-17,reservado->comprado,verde,L,mujer
u0219,c0091,moda-ropa,4.5,2,2026-10-14,comprado,rojo,XL,hombre
u0219,c0254,moda-ropa,4.3,3,2026-04-17,reservado->comprado,blanco,L,hombre
u0219,c0921,moda-ropa,3.7,6,2026-03-19,reservado->comprado,rojo,M,hombre
u0219,c0179,moda-ropa,4.3,1,2026-06-04,comprado,azul,M,hombre
u0219,c0868,moda-ropa,5.0,5,2026-08-08,reservado->comprado,café,M,hombre
u0219,c0502,moda-ropa,4.8,3,2026-12-15,comprado,varios,M,hombre
u0220,c1170,moda-ropa,4.7,1,2026-09-24,comprado,negro,M,mujer
u0220,c0875,moda-ropa,3.5,3,2026-04-10,comprado,negro,M,hombre
u0220,c0753,moda-ropa,3.8,1,2026-05-05,comprado,blanco,L,hombre
u0220,c1867,moda-calzado,4.0,1,2026-07-20,comprado,azul,M,mujer
u0220,c0719,moda-ropa,2.7,5,2026-04-23,reservado->comprado,multicolor,L,hombre
u0220,c1268,moda-ropa,4.1,1,2026-11-14,comprado,blanco,S,mujer
u0221,c0982,moda-accesorio,4.4,2,2026-10-08,comprado,verde,M,mujer
u0221,c1210,moda-ropa,3.9,2,2026-01-28,comprado,negro,S,mujer
u0221,c1429,moda-accesorio,4.7,3,2026-06-10,comprado,amarillo,XL,mujer
u0221,c1316,moda-accesorio,3.9,1,2026-10-26,comprado,verde,L,mujer
u0221,c1301,moda-accesorio,4.7,1,2026-10-10,comprado,negro,S,mujer
u0221,c0970,moda-ropa,4.3,1,2026-02-12,comprado,varios,M,mujer
u0221,c1624,moda-ropa,4.2,2,2026-01-13,comprado,negro,M,mujer
u0222,c1250,moda-ropa,4.1,3,2026-11-26,comprado,negro,L,mujer
u0222,c1579,moda-ropa,3.5,1,2026-10-10,comprado,azul,S,mujer
u0222,c1878,moda-ropa,3.9,2,2026-05-02,comprado,blanco,XL,mujer
u0222,c1107,moda-accesorio,3.5,5,2026-09-07,reservado->comprado,morado,M,mujer
u0222,c1226,moda-calzado,3.4,1,2026-09-26,comprado,amarillo,XL,mujer
u0222,c0014,moda-calzado,4.1,3,2026-03-12,comprado,blanco,L,hombre
u0222,c1630,moda-calzado,3.8,1,2026-03-23,comprado,multicolor,XL,mujer
u0222,c1276,moda-calzado,3.5,6,2026-04-08,reservado->comprado,amarillo,XL,mujer
u0222,c1850,moda-ropa,3.8,1,2026-08-23,comprado,negro,M,mujer
u0222,c1276,moda-calzado,3.8,1,2026-03-22,comprado,amarillo,XL,mujer
u0222,c1692,moda-ropa,3.1,2,2026-06-04,comprado,verde,M,mujer
u0223,c0359,moda-ropa,3.4,1,2026-10-11,comprado,varios,L,hombre
u0223,c1534,moda-ropa,3.3,1,2026-04-26,comprado,negro,XL,mujer
u0223,c1688,moda-accesorio,3.4,1,2026-09-04,comprado,rojo,L,mujer
u0223,c1867,moda-calzado,4.2,1,2026-10-06,comprado,azul,M,mujer
u0223,c0977,moda-ropa,3.6,1,2026-08-06,comprado,morado,M,mujer
u0224,c0567,moda-ropa,3.5,1,2026-11-05,comprado,negro,L,hombre
u0224,c0651,moda-ropa,3.8,2,2026-08-05,comprado,azul,XL,hombre
u0224,c1502,moda-calzado,4.0,1,2026-09-28,comprado,azul,L,mujer
u0224,c0859,moda-ropa,4.2,2,2026-04-25,comprado,varios,L,hombre
u0224,c0354,moda-ropa,3.5,2,2026-04-10,comprado,azul,38,hombre
u0225,c1046,moda-calzado,4.1,1,2026-11-20,comprado,beige,M,mujer
u0225,c0307,moda-ropa,3.3,5,2026-07-28,reservado->comprado,rojo,M,hombre
u0225,c1819,moda-ropa,4.5,1,2026-08-04,comprado,azul,M,mujer
u0225,c0344,moda-ropa,4.3,1,2026-01-22,comprado,rojo,M,hombre
u0225,c0908,moda-ropa,3.3,1,2026-06-12,comprado,rosa,M,hombre
u0225,c1630,moda-calzado,4.3,2,2026-07-15,comprado,multicolor,XL,mujer
u0225,c1312,moda-calzado,3.7,3,2026-08-15,comprado,amarillo,M,mujer
u0225,c0156,moda-ropa,3.4,5,2026-01-17,reservado->comprado,verde,L,hombre
u0225,c1457,moda-ropa,4.4,1,2026-05-19,comprado,verde,L,mujer
u0225,c1867,moda-calzado,4.5,2,2026-06-19,comprado,azul,M,mujer
u0226,c1447,moda-accesorio,4.0,2,2026-04-01,comprado,negro,S,mujer
u0226,c0016,moda-ropa,3.2,1,2026-11-05,comprado,rojo,M,hombre
u0226,c1455,moda-accesorio,3.7,2,2026-02-26,comprado,azul,L,mujer
u0226,c0296,moda-ropa,4.3,1,2026-09-14,comprado,verde,L,hombre
u0226,c0442,moda-ropa,3.7,1,2026-08-27,comprado,verde,S,hombre
u0227,c1738,moda-ropa,4.3,2,2026-10-12,comprado,varios,L,mujer
u0227,c1185,moda-ropa,4.8,1,2026-04-24,comprado,negro,M,mujer
u0227,c1371,moda-ropa,4.0,3,2026-06-17,comprado,azul,XL,mujer
u0227,c1131,moda-ropa,3.9,2,2026-02-09,comprado,verde,L,mujer
u0227,c1511,moda-ropa,4.6,1,2026-10-13,comprado,negro,42,mujer
u0228,c1696,moda-ropa,4.4,2,2026-11-06,comprado,amarillo,L,mujer
u0228,c1129,moda-ropa,3.4,3,2026-04-15,comprado,varios,L,mujer
u0228,c1787,moda-ropa,3.1,3,2026-12-08,reservado->comprado,azul,M,mujer
u0228,c1031,moda-accesorio,3.3,1,2026-02-06,comprado,rosa,M,mujer
u0228,c0105,moda-ropa,3.9,2,2026-02-05,comprado,blanco,XL,hombre
u0228,c0045,moda-ropa,3.8,1,2026-04-18,comprado,negro,M,hombre
u0228,c1455,moda-accesorio,2.8,1,2026-04-18,comprado,azul,L,mujer
u0228,c0226,moda-ropa,4.2,3,2026-04-28,comprado,azul,XL,hombre
u0228,c1054,moda-ropa,3.6,2,2026-08-20,comprado,verde,XL,mujer
u0228,c1278,moda-accesorio,4.1,1,2026-02-09,comprado,multicolor,M,mujer
u0228,c1035,moda-ropa,3.3,2,2026-01-25,comprado,amarillo,XL,mujer
u0228,c0786,moda-ropa,4.0,2,2026-08-01,comprado,rojo,S,hombre
u0228,c0727,moda-ropa,4.0,1,2026-01-07,comprado,verde,XL,hombre
u0228,c0464,moda-ropa,4.1,1,2026-09-07,comprado,verde,M,hombre
u0229,c0444,moda-ropa,4.0,1,2026-10-12,comprado,verde,L,hombre
u0229,c0520,moda-ropa,3.6,6,2026-12-16,reservado->comprado,negro,L,hombre
u0229,c1312,moda-calzado,4.7,2,2026-04-02,comprado,amarillo,M,mujer
u0229,c0221,moda-ropa,4.2,1,2026-03-24,comprado,azul,M,hombre
u0229,c1749,moda-calzado,4.1,1,2026-10-24,comprado,rosa,S,mujer
u0229,c0689,moda-ropa,4.2,3,2026-04-03,comprado,rojo,M,hombre
u0230,c0043,moda-ropa,2.6,4,2026-04-20,reservado->comprado,varios,S,hombre
u0230,c0384,moda-ropa,3.9,5,2026-01-23,reservado->comprado,blanco,M,hombre
u0230,c1191,moda-accesorio,3.4,2,2026-08-26,comprado,amarillo,M,mujer
u0230,c0888,moda-ropa,3.6,2,2026-02-01,comprado,azul,M,hombre
u0230,c1365,moda-ropa,3.4,1,2026-08-06,comprado,verde,M,mujer
u0230,c1713,moda-ropa,4.3,1,2026-08-23,comprado,negro,M,mujer
u0230,c0833,moda-ropa,3.3,5,2026-08-18,reservado->comprado,rojo,M,hombre
u0230,c1251,moda-ropa,3.4,1,2026-07-13,comprado,varios,XL,mujer
u0230,c1802,moda-accesorio,3.9,1,2026-04-06,comprado,multicolor,XL,mujer
u0230,c1171,moda-accesorio,3.6,3,2026-11-28,comprado,multicolor,M,mujer
u0230,c0920,moda-ropa,3.0,1,2026-12-06,comprado,rojo,M,hombre
u0230,c1307,moda-accesorio,3.4,4,2026-12-24,reservado->comprado,rosa,M,mujer
u0230,c1107,moda-accesorio,4.0,1,2026-11-12,comprado,morado,M,mujer
u0230,c0580,moda-ropa,3.1,5,2026-07-02,reservado->comprado,blanco,S,hombre
u0230,c0322,moda-ropa,2.1,6,2026-03-10,reservado->comprado,verde,S,hombre
u0230,c1027,moda-ropa,3.3,2,2026-08-15,comprado,negro,XL,mujer
u0230,c1066,moda-ropa,4.2,1,2026-05-05,comprado,morado,M,mujer
u0230,c0867,moda-ropa,3.3,3,2026-10-21,comprado,azul,L,hombre
u0230,c1429,moda-accesorio,4.6,3,2026-08-16,comprado,amarillo,XL,mujer
u0230,c1108,moda-accesorio,4.1,2,2026-09-15,comprado,verde,M,mujer
u0230,c0810,moda-ropa,4.0,3,2026-09-20,comprado,multicolor,L,hombre
u0230,c0920,moda-ropa,4.2,1,2026-12-24,comprado,rojo,M,hombre
u0230,c0707,moda-ropa,3.4,3,2026-11-15,comprado,verde,XL,hombre
u0230,c0971,moda-ropa,3.2,2,2026-05-24,comprado,multicolor,L,mujer
u0230,c0035,moda-ropa,3.9,2,2026-09-16,comprado,negro,L,hombre
u0230,c0767,moda-ropa,4.6,1,2026-09-04,comprado,verde,L,hombre
u0230,c0784,moda-ropa,3.9,2,2026-02-07,comprado,rojo,M,hombre
u0230,c0153,moda-ropa,3.8,2,2026-02-07,comprado,naranja,S,hombre
u0230,c0049,moda-ropa,3.8,1,2026-05-09,comprado,azul,M,hombre
u0230,c0755,moda-ropa,4.3,1,2026-02-18,comprado,blanco,M,hombre
u0230,c0912,moda-ropa,4.2,1,2026-09-22,comprado,rojo,M,hombre
u0230,c1036,moda-accesorio,3.7,1,2026-11-28,comprado,verde,L,mujer
u0230,c1688,moda-accesorio,3.8,2,2026-11-07,comprado,rojo,L,mujer
u0230,c0456,moda-ropa,3.7,1,2026-01-20,comprado,verde,L,hombre
u0230,c0641,moda-ropa,3.4,1,2026-11-19,comprado,azul,L,hombre
u0230,c0324,moda-ropa,4.9,1,2026-10-13,comprado,verde,S,hombre
u0230,c0702,moda-ropa,3.6,4,2026-04-19,reservado->comprado,blanco,M,hombre
u0230,c0038,moda-ropa,4.4,3,2026-06-03,comprado,rojo,L,hombre
u0230,c0525,moda-ropa,4.2,1,2026-02-10,comprado,morado,L,hombre
u0230,c0924,moda-ropa,3.2,1,2026-10-16,comprado,verde,M,hombre
u0230,c0429,moda-ropa,3.7,3,2026-12-11,comprado,negro,M,hombre
u0230,c0456,moda-ropa,3.8,2,2026-02-01,comprado,verde,L,hombre
u0230,c1021,moda-accesorio,3.4,4,2026-09-19,reservado->comprado,rojo,XL,mujer
u0230,c0132,moda-ropa,3.8,1,2026-01-01,comprado,naranja,18,hombre
u0230,c1036,moda-accesorio,3.9,1,2026-03-21,comprado,verde,L,mujer
u0230,c1669,moda-accesorio,3.1,1,2026-01-25,comprado,varios,M,mujer
u0230,c1011,moda-accesorio,3.4,2,2026-11-27,comprado,rosa,L,mujer
u0230,c0759,moda-ropa,4.0,3,2026-06-24,comprado,rojo,S,hombre
u0231,c0014,moda-calzado,4.3,3,2026-05-15,comprado,blanco,L,hombre
u0231,c0556,moda-ropa,3.5,2,2026-02-09,comprado,rojo,XL,hombre
u0231,c0617,moda-ropa,4.5,3,2026-02-25,reservado->comprado,azul,S,hombre
u0231,c1749,moda-calzado,3.6,3,2026-01-15,reservado->comprado,rosa,S,mujer
u0231,c0164,moda-calzado,4.7,2,2026-09-09,comprado,negro,L,hombre
u0232,c0175,moda-ropa,4.4,2,2026-07-11,comprado,rojo,L,hombre
u0232,c1470,moda-ropa,3.5,4,2026-02-09,reservado->comprado,blanco,XS,mujer
u0232,c1422,moda-ropa,4.6,6,2026-01-28,reservado->comprado,negro,M,mujer
u0232,c1717,moda-accesorio,4.7,2,2026-06-19,comprado,multicolor,M,mujer
u0232,c0262,moda-ropa,4.1,2,2026-11-24,comprado,verde,M,hombre
u0233,c1424,moda-ropa,3.2,2,2026-04-07,comprado,amarillo,M,mujer
u0233,c1721,moda-ropa,3.8,1,2026-01-01,comprado,rosa,L,mujer
u0233,c1576,moda-calzado,3.9,1,2026-11-21,comprado,negro,XL,mujer
u0233,c1502,moda-calzado,3.4,5,2026-04-09,reservado->comprado,azul,L,mujer
u0233,c1096,moda-calzado,3.2,5,2026-02-15,reservado->comprado,beige,M,mujer
u0234,c1301,moda-accesorio,3.7,7,2026-04-10,reservado->comprado,negro,S,mujer
u0234,c1839,moda-ropa,3.9,2,2026-04-11,comprado,negro,XL,mujer
u0234,c0916,moda-ropa,3.2,2,2026-09-25,comprado,negro,M,hombre
u0234,c1301,moda-accesorio,3.8,3,2026-10-24,comprado,negro,S,mujer
u0234,c1107,moda-accesorio,3.8,1,2026-03-07,comprado,morado,M,mujer
u0234,c1056,moda-ropa,3.1,5,2026-03-04,reservado->comprado,verde,M,mujer
u0235,c1369,moda-ropa,3.5,3,2026-05-19,comprado,negro,L,mujer
u0235,c0927,moda-ropa,4.0,3,2026-01-26,comprado,azul,L,hombre
u0235,c1536,moda-ropa,2.6,1,2026-07-01,comprado,azul,M,mujer
u0235,c1444,moda-ropa,3.5,5,2026-04-06,reservado->comprado,varios,M,mujer
u0235,c1214,moda-ropa,3.6,2,2026-09-05,comprado,verde,M,mujer
u0236,c1722,moda-ropa,3.1,3,2026-09-05,reservado->comprado,azul,M,mujer
u0236,c0376,moda-ropa,2.8,6,2026-06-18,reservado->comprado,verde,M,hombre
u0236,c1447,moda-accesorio,3.4,6,2026-06-18,reservado->comprado,negro,S,mujer
u0236,c1657,moda-ropa,2.8,6,2026-11-02,reservado->comprado,negro,M,mujer
u0237,c1242,moda-ropa,4.1,1,2026-06-13,comprado,morado,38,mujer
u0237,c1705,moda-ropa,3.8,4,2026-09-05,reservado->comprado,rojo,S,mujer
u0237,c1352,moda-ropa,4.1,1,2026-06-23,comprado,multicolor,M,mujer
u0237,c0518,moda-ropa,3.4,7,2026-12-23,reservado->comprado,negro,M,hombre
u0237,c1240,moda-ropa,3.6,1,2026-03-12,comprado,naranja,L,mujer
u0238,c0189,moda-ropa,3.1,2,2026-01-03,comprado,azul,M,hombre
u0238,c0903,moda-ropa,4.2,3,2026-12-21,comprado,verde,M,hombre
u0238,c0226,moda-ropa,2.6,4,2026-11-27,reservado->comprado,azul,XL,hombre
u0238,c1502,moda-calzado,3.3,4,2026-02-24,reservado->comprado,azul,L,mujer
u0238,c0455,moda-ropa,4.4,2,2026-05-25,comprado,verde,M,hombre
u0239,c0392,moda-ropa,3.5,4,2026-11-08,reservado->comprado,azul,M,hombre
u0239,c0325,moda-ropa,3.4,1,2026-11-10,comprado,azul,M,hombre
u0239,c0084,moda-ropa,3.1,7,2026-01-03,reservado->comprado,rojo,S,hombre
u0239,c1162,moda-ropa,3.5,2,2026-04-25,comprado,amarillo,L,mujer
u0239,c0583,moda-ropa,4.2,1,2026-10-23,comprado,azul,M,hombre
u0239,c0037,moda-ropa,2.8,5,2026-11-20,reservado->comprado,azul,XL,hombre
u0239,c1312,moda-calzado,3.1,5,2026-09-08,reservado->comprado,amarillo,M,mujer
u0239,c1749,moda-calzado,4.0,2,2026-11-03,comprado,rosa,S,mujer
u0239,c0930,moda-ropa,3.0,1,2026-03-28,comprado,negro,L,hombre
u0240,c1638,moda-ropa,3.9,2,2026-07-23,comprado,azul,S,mujer
u0240,c1803,moda-ropa,2.5,6,2026-04-24,reservado->comprado,negro,M,mujer
u0240,c0318,moda-ropa,4.5,1,2026-02-14,comprado,verde,XL,hombre
u0240,c1899,moda-ropa,3.3,1,2026-08-02,comprado,azul,M,mujer
u0240,c1450,moda-ropa,4.1,1,2026-11-07,comprado,verde,L,mujer
u0241,c1154,moda-ropa,4.5,1,2026-01-08,comprado,naranja,XS,mujer
u0241,c1502,moda-calzado,4.8,1,2026-10-10,comprado,azul,L,mujer
u0241,c1364,moda-ropa,4.1,2,2026-08-10,comprado,varios,S,mujer
u0241,c1046,moda-calzado,4.6,2,2026-11-04,comprado,beige,M,mujer
u0242,c1749,moda-calzado,4.7,1,2026-08-04,comprado,rosa,S,mujer
u0242,c0421,moda-ropa,4.9,1,2026-09-21,comprado,verde,XL,hombre
u0242,c1630,moda-calzado,4.4,1,2026-03-26,comprado,multicolor,XL,mujer
u0242,c0652,moda-ropa,3.7,5,2026-07-16,reservado->comprado,azul,M,hombre
u0242,c1136,moda-accesorio,4.4,3,2026-02-28,comprado,amarillo,S,mujer
u0243,c1062,moda-ropa,3.7,3,2026-10-19,comprado,rosa,44,mujer
u0243,c1858,moda-ropa,4.2,2,2026-05-22,comprado,verde,M,mujer
u0243,c1039,moda-ropa,4.3,3,2026-08-06,comprado,negro,M,mujer
u0243,c1226,moda-calzado,3.4,4,2026-01-08,reservado->comprado,amarillo,XL,mujer
u0243,c0151,moda-ropa,3.1,5,2026-04-05,reservado->comprado,azul,M,hombre
u0244,c1708,moda-ropa,3.5,2,2026-03-09,comprado,multicolor,L,mujer
u0244,c1125,moda-calzado,3.4,2,2026-01-15,comprado,verde,L,mujer
u0244,c0984,moda-ropa,3.7,2,2026-06-11,comprado,café,S,mujer
u0244,c0706,moda-ropa,3.1,5,2026-03-18,reservado->comprado,rojo,XL,hombre
u0244,c1306,moda-ropa,4.4,1,2026-07-12,comprado,rojo,L,mujer
u0244,c1753,moda-ropa,3.6,2,2026-10-06,comprado,naranja,XS,mujer
u0245,c1688,moda-accesorio,3.9,1,2026-10-25,comprado,rojo,L,mujer
u0245,c1630,moda-calzado,3.7,1,2026-09-16,comprado,multicolor,XL,mujer
u0245,c1280,moda-ropa,3.3,1,2026-07-07,comprado,naranja,M,mujer
u0245,c1312,moda-calzado,3.4,1,2026-12-13,comprado,amarillo,M,mujer
u0245,c1630,moda-calzado,4.4,1,2026-05-08,comprado,multicolor,XL,mujer
u0245,c1071,moda-accesorio,3.9,1,2026-08-08,comprado,varios,XL,mujer
u0246,c1136,moda-accesorio,4.1,2,2026-10-22,comprado,amarillo,S,mujer
u0246,c1151,moda-ropa,4.4,1,2026-08-03,comprado,multicolor,S,mujer
u0246,c1502,moda-calzado,3.8,4,2026-05-21,reservado->comprado,azul,L,mujer
u0246,c1762,moda-ropa,3.8,2,2026-07-28,comprado,blanco,S,mujer
u0246,c1482,moda-ropa,4.7,1,2026-08-22,comprado,multicolor,M,mujer
u0246,c1312,moda-calzado,2.9,7,2026-10-11,reservado->comprado,amarillo,M,mujer
u0246,c1169,moda-ropa,3.3,2,2026-11-04,comprado,varios,M,mujer
u0246,c1011,moda-accesorio,4.1,3,2026-07-12,comprado,rosa,L,mujer
u0247,c0571,moda-ropa,3.5,3,2026-04-01,comprado,blanco,L,hombre
u0247,c0781,moda-ropa,4.0,3,2026-09-09,comprado,rojo,M,hombre
u0247,c1387,moda-ropa,3.7,1,2026-06-26,comprado,morado,L,mujer
u0247,c0141,moda-ropa,4.5,2,2026-09-01,comprado,azul,XL,hombre
u0247,c0192,moda-ropa,4.0,2,2026-07-14,comprado,rojo,L,hombre
u0247,c0215,moda-ropa,4.2,1,2026-01-27,comprado,azul,L,hombre
u0248,c1226,moda-calzado,4.5,1,2026-01-03,comprado,amarillo,XL,mujer
u0248,c1867,moda-calzado,4.7,1,2026-08-02,comprado,azul,M,mujer
u0248,c0638,moda-ropa,4.3,1,2026-06-09,comprado,rojo,S,hombre
u0248,c0789,moda-ropa,5.0,2,2026-09-09,comprado,azul,L,hombre
u0248,c0642,moda-ropa,4.1,5,2026-12-25,reservado->comprado,blanco,L,hombre
u0248,c0009,moda-ropa,4.6,2,2026-06-07,comprado,blanco,XL,hombre
u0248,c0226,moda-ropa,4.2,1,2026-03-22,comprado,azul,XL,hombre
u0248,c1125,moda-calzado,4.1,1,2026-12-07,comprado,verde,L,mujer
u0248,c0899,moda-ropa,3.8,1,2026-03-14,comprado,negro,M,hombre
u0248,c0254,moda-ropa,4.4,2,2026-10-01,comprado,blanco,L,hombre
u0248,c1502,moda-calzado,4.2,1,2026-07-14,comprado,azul,L,mujer
u0248,c0205,moda-ropa,3.3,3,2026-04-08,reservado->comprado,blanco,L,hombre
u0248,c0448,moda-ropa,3.6,1,2026-05-16,comprado,azul,M,hombre
u0248,c0435,moda-ropa,4.8,2,2026-12-26,comprado,rosa,L,hombre
u0248,c1630,moda-calzado,3.8,1,2026-05-25,comprado,multicolor,XL,mujer
u0248,c1019,moda-ropa,3.2,5,2026-07-11,reservado->comprado,azul,L,mujer
u0248,c0173,moda-ropa,4.5,2,2026-01-23,comprado,blanco,XL,hombre
u0248,c1583,moda-calzado,4.5,3,2026-04-23,comprado,azul,L,mujer
u0248,c0102,moda-ropa,4.5,1,2026-05-17,comprado,azul,L,hombre
u0249,c1111,moda-ropa,4.4,3,2026-07-03,comprado,café,XS,mujer
u0249,c1241,moda-ropa,3.7,2,2026-04-07,comprado,negro,M,mujer
u0249,c1546,moda-ropa,4.3,3,2026-03-24,comprado,negro,34,mujer
u0249,c1290,moda-ropa,4.7,2,2026-12-18,comprado,negro,XL,mujer
u0249,c1594,moda-ropa,4.0,2,2026-12-21,comprado,naranja,XS,mujer
u0250,c1495,moda-calzado,4.1,2,2026-09-08,comprado,negro,S,mujer
u0250,c1596,moda-ropa,3.5,3,2026-11-25,comprado,rosa,XL,mujer
u0250,c0398,moda-ropa,3.8,1,2026-07-12,comprado,verde,18,hombre
u0250,c1226,moda-calzado,4.3,1,2026-02-15,comprado,amarillo,XL,mujer
u0250,c1374,moda-ropa,3.4,5,2026-11-22,reservado->comprado,negro,M,mujer
u0251,c0085,moda-ropa,3.8,5,2026-10-07,reservado->comprado,azul,S,hombre
u0251,c1810,moda-ropa,4.6,1,2026-09-06,comprado,negro,M,mujer
u0251,c0635,moda-ropa,4.1,1,2026-01-03,comprado,azul,S,hombre
u0251,c1876,moda-ropa,4.1,3,2026-06-19,comprado,negro,S,mujer
u0251,c0989,moda-ropa,3.4,4,2026-04-09,reservado->comprado,rosa,L,mujer
u0251,c1745,moda-ropa,5.0,1,2026-09-15,comprado,rosa,L,mujer
u0252,c1834,moda-ropa,3.9,2,2026-05-26,comprado,naranja,XS,mujer
u0252,c1450,moda-ropa,3.4,1,2026-05-08,comprado,verde,L,mujer
u0252,c1456,moda-ropa,4.3,3,2026-04-02,comprado,negro,XS,mujer
u0252,c1434,moda-ropa,4.2,6,2026-01-26,reservado->comprado,negro,M,mujer
u0252,c1898,moda-ropa,4.5,1,2026-04-23,comprado,varios,M,mujer
u0253,c0536,moda-ropa,4.6,1,2026-05-12,comprado,amarillo,M,hombre
u0253,c0596,moda-ropa,4.7,3,2026-06-15,comprado,azul,M,hombre
u0253,c1495,moda-calzado,3.5,5,2026-12-09,reservado->comprado,negro,S,mujer
u0253,c0813,moda-ropa,4.5,1,2026-08-17,comprado,rojo,XL,hombre
u0253,c0670,moda-ropa,3.4,5,2026-12-22,reservado->comprado,blanco,M,hombre
u0253,c1867,moda-calzado,3.8,1,2026-05-02,comprado,azul,M,mujer
u0253,c0164,moda-calzado,5.0,1,2026-04-19,comprado,negro,L,hombre
u0253,c1749,moda-calzado,3.7,5,2026-11-02,reservado->comprado,rosa,S,mujer
u0254,c0410,moda-ropa,4.2,3,2026-04-25,comprado,negro,XL,hombre
u0254,c1688,moda-accesorio,4.0,2,2026-09-05,comprado,rojo,L,mujer
u0254,c1312,moda-calzado,5.0,1,2026-04-11,comprado,amarillo,M,mujer
u0254,c0593,moda-ropa,4.2,6,2026-06-18,reservado->comprado,rojo,L,hombre
u0254,c0848,moda-ropa,4.1,2,2026-06-28,comprado,blanco,M,hombre
u0255,c1710,moda-ropa,3.9,2,2026-06-09,comprado,varios,L,mujer
u0255,c1114,moda-ropa,3.4,2,2026-09-03,comprado,naranja,XS,mujer
u0255,c1469,moda-ropa,3.9,7,2026-06-28,reservado->comprado,azul,XS,mujer
u0255,c1095,moda-ropa,3.0,6,2026-01-15,reservado->comprado,rosa,S,mujer
u0255,c1035,moda-ropa,3.9,1,2026-10-21,comprado,amarillo,XL,mujer
u0255,c1313,moda-ropa,4.1,2,2026-10-26,comprado,naranja,XS,mujer
u0256,c1641,moda-ropa,2.9,5,2026-07-02,reservado->comprado,blanco,S,mujer
u0256,c1301,moda-accesorio,4.3,1,2026-04-24,comprado,negro,S,mujer
u0256,c1071,moda-accesorio,2.4,6,2026-12-05,reservado->comprado,varios,XL,mujer
u0256,c1421,moda-ropa,3.3,3,2026-01-18,comprado,negro,S,mujer
u0256,c1219,moda-ropa,4.1,1,2026-04-16,comprado,azul,M,mujer
u0256,c1344,moda-ropa,4.1,1,2026-06-16,comprado,rojo,M,mujer
u0256,c1429,moda-accesorio,3.6,2,2026-12-28,comprado,amarillo,XL,mujer
u0256,c1328,moda-ropa,2.4,4,2026-08-09,reservado->comprado,azul,S,mujer
u0256,c1084,moda-ropa,3.7,1,2026-07-05,comprado,multicolor,M,mujer
u0256,c1561,moda-ropa,3.3,2,2026-10-10,comprado,blanco,S,mujer
u0256,c1556,moda-ropa,3.6,1,2026-01-10,comprado,blanco,L,mujer
u0256,c0982,moda-accesorio,3.4,3,2026-05-14,comprado,verde,M,mujer
u0256,c1430,moda-ropa,3.7,2,2026-05-11,comprado,blanco,L,mujer
u0257,c0482,moda-ropa,4.3,3,2026-05-25,reservado->comprado,rojo,S,hombre
u0257,c0668,moda-ropa,3.9,5,2026-04-26,reservado->comprado,blanco,M,hombre
u0257,c0461,moda-ropa,5.0,2,2026-06-19,comprado,rojo,M,hombre
u0257,c0798,moda-ropa,4.0,2,2026-10-10,comprado,azul,XL,hombre
u0257,c0498,moda-ropa,4.4,1,2026-11-04,comprado,rojo,M,hombre
u0258,c1620,moda-ropa,3.8,2,2026-01-20,comprado,morado,S,mujer
u0258,c0398,moda-ropa,3.7,6,2026-02-06,reservado->comprado,verde,18,hombre
u0258,c0483,moda-ropa,3.8,6,2026-03-26,reservado->comprado,azul,L,hombre
u0258,c0743,moda-ropa,4.5,2,2026-06-13,comprado,rojo,M,hombre
u0258,c0506,moda-ropa,4.5,3,2026-07-08,comprado,azul,M,hombre
u0259,c1283,moda-ropa,4.4,2,2026-05-16,comprado,negro,XL,mujer
u0259,c1191,moda-accesorio,4.3,1,2026-10-12,comprado,amarillo,M,mujer
u0259,c1148,moda-ropa,4.5,3,2026-08-13,comprado,multicolor,M,mujer
u0259,c1905,moda-ropa,4.2,2,2026-04-18,comprado,azul,M,mujer
u0259,c1290,moda-ropa,4.1,4,2026-09-23,reservado->comprado,negro,XL,mujer
u0260,c1278,moda-accesorio,4.2,1,2026-10-11,comprado,multicolor,M,mujer
u0260,c0179,moda-ropa,3.4,4,2026-09-16,reservado->comprado,azul,M,hombre
u0260,c1314,moda-ropa,3.6,1,2026-04-14,comprado,negro,S,mujer
u0260,c0682,moda-ropa,2.9,1,2026-09-25,comprado,blanco,S,hombre
u0260,c1316,moda-accesorio,4.3,1,2026-10-13,comprado,verde,L,mujer
u0260,c0148,moda-ropa,4.5,1,2026-03-13,comprado,azul,M,hombre
u0260,c0621,moda-ropa,3.2,1,2026-06-26,comprado,verde,S,hombre
u0260,c0879,moda-ropa,4.6,1,2026-10-18,comprado,azul,M,hombre
u0260,c1769,moda-ropa,3.0,4,2026-03-08,reservado->comprado,verde,M,mujer
u0260,c0858,moda-ropa,2.8,3,2026-03-06,reservado->comprado,blanco,S,hombre
u0260,c1020,moda-ropa,4.6,1,2026-04-01,comprado,verde,L,mujer
u0260,c1301,moda-accesorio,3.5,5,2026-09-22,reservado->comprado,negro,S,mujer
u0260,c0337,moda-ropa,4.1,1,2026-07-14,comprado,azul,L,hombre
u0260,c0068,moda-ropa,3.6,1,2026-09-17,comprado,rojo,XL,hombre
u0260,c1234,moda-ropa,3.9,3,2026-11-21,comprado,naranja,XS,mujer
u0260,c0910,moda-ropa,4.3,2,2026-08-03,comprado,azul,S,hombre
u0260,c0982,moda-accesorio,4.1,3,2026-08-25,comprado,verde,M,mujer
u0261,c1883,moda-ropa,3.5,4,2026-10-01,reservado->comprado,negro,M,mujer
u0261,c1867,moda-calzado,4.2,1,2026-01-24,comprado,azul,M,mujer
u0261,c1361,moda-ropa,3.7,1,2026-10-01,comprado,rosa,M,mujer
u0261,c1707,moda-ropa,4.4,1,2026-11-23,comprado,amarillo,L,mujer
u0261,c1170,moda-ropa,3.4,2,2026-07-23,comprado,negro,M,mujer
u0261,c1379,moda-ropa,3.9,2,2026-11-20,comprado,multicolor,XL,mujer
u0262,c0164,moda-calzado,3.6,1,2026-11-04,comprado,negro,L,hombre
u0262,c1583,moda-calzado,4.4,1,2026-04-07,comprado,azul,L,mujer
u0262,c1096,moda-calzado,3.5,4,2026-08-11,reservado->comprado,beige,M,mujer
u0262,c1583,moda-calzado,3.7,3,2026-12-27,comprado,azul,L,mujer
u0262,c1576,moda-calzado,4.0,1,2026-08-19,comprado,negro,XL,mujer
u0262,c0417,moda-ropa,3.3,4,2026-06-26,reservado->comprado,rojo,L,hombre
u0262,c0014,moda-calzado,3.3,1,2026-06-17,comprado,blanco,L,hombre
u0262,c0208,moda-ropa,3.8,3,2026-02-17,comprado,verde,18,hombre
u0262,c1312,moda-calzado,4.4,2,2026-12-01,comprado,amarillo,M,mujer
u0262,c0137,moda-ropa,3.8,2,2026-09-28,comprado,rojo,XL,hombre
u0262,c0489,moda-ropa,3.0,5,2026-07-15,reservado->comprado,negro,L,hombre
u0262,c0014,moda-calzado,4.2,1,2026-02-21,comprado,blanco,L,hombre
u0263,c0049,moda-ropa,4.5,3,2026-06-07,comprado,azul,M,hombre
u0263,c1108,moda-accesorio,4.3,2,2026-08-01,comprado,verde,M,mujer
u0263,c0079,moda-ropa,4.9,2,2026-03-06,comprado,negro,L,hombre
u0263,c0349,moda-ropa,3.8,2,2026-07-17,comprado,verde,S,hombre
u0263,c0482,moda-ropa,3.5,5,2026-08-14,reservado->comprado,rojo,S,hombre
u0263,c0244,moda-ropa,4.2,3,2026-08-10,comprado,negro,M,hombre
u0263,c0746,moda-ropa,4.3,1,2026-05-02,comprado,rojo,M,hombre
u0263,c0164,moda-calzado,3.2,1,2026-03-20,comprado,negro,L,hombre
u0263,c0402,moda-ropa,4.6,1,2026-03-05,comprado,azul,L,hombre
u0263,c1429,moda-accesorio,4.2,1,2026-06-14,comprado,amarillo,XL,mujer
u0264,c1630,moda-calzado,4.5,2,2026-05-22,comprado,multicolor,XL,mujer
u0264,c1630,moda-calzado,4.2,3,2026-05-05,comprado,multicolor,XL,mujer
u0264,c1758,moda-ropa,4.1,2,2026-05-26,comprado,negro,M,mujer
u0264,c1576,moda-calzado,3.5,5,2026-09-24,reservado->comprado,negro,XL,mujer
u0264,c1669,moda-accesorio,4.6,3,2026-06-18,comprado,varios,M,mujer
u0264,c1125,moda-calzado,4.4,2,2026-08-13,comprado,verde,L,mujer
u0264,c0994,moda-ropa,4.8,1,2026-08-21,comprado,naranja,XS,mujer
u0264,c0440,moda-ropa,4.3,1,2026-02-20,comprado,negro,L,hombre
u0264,c1505,moda-ropa,4.6,1,2026-07-10,comprado,naranja,S,mujer
u0264,c1366,moda-ropa,3.7,5,2026-01-06,reservado->comprado,negro,M,mujer
u0265,c1021,moda-accesorio,3.3,1,2026-04-04,comprado,rojo,XL,mujer
u0265,c0696,moda-ropa,3.5,1,2026-08-16,comprado,azul,L,hombre
u0265,c0680,moda-ropa,3.0,5,2026-03-12,reservado->comprado,naranja,M,hombre
u0265,c0489,moda-ropa,3.3,6,2026-12-09,reservado->comprado,negro,L,hombre
u0265,c0033,moda-ropa,4.0,2,2026-08-19,comprado,rojo,M,hombre
u0266,c0116,moda-ropa,3.8,1,2026-06-04,comprado,rojo,XL,hombre
u0266,c0139,moda-ropa,3.8,3,2026-03-09,comprado,rosa,L,hombre
u0266,c1447,moda-accesorio,3.7,2,2026-12-16,comprado,negro,S,mujer
u0266,c1447,moda-accesorio,3.1,1,2026-03-24,comprado,negro,S,mujer
u0266,c0874,moda-ropa,3.9,2,2026-05-14,comprado,blanco,S,hombre
u0267,c0028,moda-ropa,3.7,1,2026-07-17,comprado,rojo,M,hombre
u0267,c0222,moda-ropa,3.9,5,2026-02-27,reservado->comprado,verde,M,hombre
u0267,c0716,moda-ropa,4.4,3,2026-06-17,comprado,negro,XL,hombre
u0267,c0074,moda-ropa,3.2,1,2026-10-05,comprado,negro,S,hombre
u0267,c1630,moda-calzado,2.8,5,2026-08-17,reservado->comprado,multicolor,XL,mujer
u0267,c0663,moda-ropa,4.0,1,2026-11-05,comprado,rojo,M,hombre
u0267,c0324,moda-ropa,3.9,1,2026-06-27,comprado,verde,S,hombre
u0268,c0284,moda-ropa,3.8,2,2026-10-12,comprado,rojo,S,hombre
u0268,c0532,moda-ropa,3.3,3,2026-04-17,reservado->comprado,café,M,hombre
u0268,c0505,moda-ropa,3.5,1,2026-04-14,comprado,azul,S,hombre
u0268,c0326,moda-ropa,3.5,2,2026-01-15,comprado,blanco,M,hombre
u0268,c0951,moda-ropa,4.1,1,2026-07-14,comprado,negro,S,hombre
u0269,c1031,moda-accesorio,3.9,1,2026-11-06,comprado,rosa,M,mujer
u0269,c0014,moda-calzado,3.7,2,2026-04-27,comprado,blanco,L,hombre
u0269,c0577,moda-ropa,3.5,1,2026-02-09,comprado,verde,S,hombre
u0269,c1669,moda-accesorio,3.8,2,2026-04-13,comprado,varios,M,mujer
u0269,c0033,moda-ropa,4.2,3,2026-10-24,comprado,rojo,M,hombre
u0270,c0183,moda-ropa,4.4,2,2026-12-24,comprado,rojo,L,hombre
u0270,c0342,moda-ropa,3.1,5,2026-09-15,reservado->comprado,blanco,M,hombre
u0270,c0835,moda-ropa,3.3,5,2026-08-09,reservado->comprado,negro,M,hombre
u0270,c1495,moda-calzado,3.7,3,2026-09-07,comprado,negro,S,mujer
u0270,c0486,moda-ropa,4.2,1,2026-06-21,comprado,azul,L,hombre
u0270,c1867,moda-calzado,4.0,3,2026-02-08,comprado,azul,M,mujer
u0270,c0601,moda-ropa,3.9,2,2026-03-16,comprado,rojo,S,hombre
u0271,c0170,moda-ropa,4.3,1,2026-04-14,comprado,rojo,M,hombre
u0271,c0164,moda-calzado,3.8,5,2026-05-11,reservado->comprado,negro,L,hombre
u0271,c0378,moda-ropa,4.8,1,2026-06-03,comprado,negro,L,hombre
u0271,c0441,moda-ropa,4.7,2,2026-11-02,comprado,blanco,S,hombre
u0271,c1077,moda-ropa,3.4,2,2026-06-06,comprado,negro,L,mujer
u0272,c0096,moda-ropa,3.6,1,2026-08-01,comprado,rojo,M,hombre
u0272,c1064,moda-ropa,3.1,7,2026-04-22,reservado->comprado,gris,L,mujer
u0272,c0529,moda-ropa,4.2,1,2026-01-28,comprado,azul,L,hombre
u0272,c0002,moda-ropa,4.0,1,2026-07-15,comprado,gris,S,hombre
u0272,c1301,moda-accesorio,3.6,5,2026-06-03,reservado->comprado,negro,S,mujer
u0273,c1226,moda-calzado,4.4,2,2026-07-05,comprado,amarillo,XL,mujer
u0273,c1905,moda-ropa,4.0,2,2026-10-10,comprado,azul,M,mujer
u0273,c1164,moda-ropa,4.1,1,2026-08-17,comprado,multicolor,S,mujer
u0273,c1409,moda-ropa,4.2,2,2026-12-11,comprado,negro,L,mujer
u0273,c1739,moda-ropa,4.5,1,2026-07-04,comprado,azul,M,mujer
u0274,c1824,moda-ropa,4.3,2,2026-08-25,comprado,morado,L,mujer
u0274,c1422,moda-ropa,3.5,5,2026-01-10,reservado->comprado,negro,M,mujer
u0274,c1530,moda-ropa,3.8,4,2026-10-14,reservado->comprado,verde,M,mujer
u0274,c1071,moda-accesorio,4.4,6,2026-08-28,reservado->comprado,varios,XL,mujer
u0274,c1488,moda-ropa,4.7,1,2026-01-21,comprado,varios,XL,mujer
u0275,c1226,moda-calzado,3.6,1,2026-05-24,comprado,amarillo,XL,mujer
u0275,c0027,moda-ropa,4.2,1,2026-09-27,comprado,rojo,M,hombre
u0275,c1096,moda-calzado,4.4,1,2026-06-24,comprado,beige,M,mujer
u0275,c1125,moda-calzado,3.5,1,2026-04-25,comprado,verde,L,mujer
u0275,c0657,moda-ropa,3.6,7,2026-06-24,reservado->comprado,blanco,L,hombre
u0276,c0124,moda-ropa,4.4,1,2026-06-12,comprado,varios,L,hombre
u0276,c0005,moda-ropa,2.5,5,2026-09-24,reservado->comprado,negro,L,hombre
u0276,c0888,moda-ropa,4.4,3,2026-07-14,comprado,azul,M,hombre
u0276,c1802,moda-accesorio,4.2,2,2026-01-18,comprado,multicolor,XL,mujer
u0276,c0058,moda-ropa,3.5,1,2026-02-01,comprado,rojo,L,hombre
u0276,c0365,moda-ropa,2.7,6,2026-05-02,reservado->comprado,amarillo,18,hombre
u0276,c1096,moda-calzado,3.8,1,2026-08-01,comprado,beige,M,mujer
u0276,c1031,moda-accesorio,3.9,2,2026-01-25,comprado,rosa,M,mujer
u0276,c0139,moda-ropa,3.9,5,2026-06-21,reservado->comprado,rosa,L,hombre
u0276,c1749,moda-calzado,3.9,1,2026-06-22,comprado,rosa,S,mujer
u0276,c1276,moda-calzado,2.4,6,2026-04-24,reservado->comprado,amarillo,XL,mujer
u0276,c1312,moda-calzado,3.5,1,2026-06-15,comprado,amarillo,M,mujer
u0276,c0507,moda-ropa,3.5,1,2026-10-22,comprado,verde,S,hombre
u0276,c1031,moda-accesorio,3.4,3,2026-05-14,comprado,rosa,M,mujer
u0276,c0325,moda-ropa,4.2,1,2026-12-02,comprado,azul,M,hombre
u0276,c0470,moda-ropa,3.7,3,2026-11-11,comprado,blanco,S,hombre
u0276,c0513,moda-ropa,3.4,1,2026-10-27,comprado,rojo,M,hombre
u0276,c0816,moda-ropa,3.8,2,2026-08-22,comprado,verde,XL,hombre
u0276,c1021,moda-accesorio,2.9,1,2026-05-17,comprado,rojo,XL,mujer
u0276,c0887,moda-ropa,3.6,2,2026-04-20,comprado,rojo,M,hombre
u0277,c1673,moda-ropa,3.4,1,2026-09-15,comprado,negro,M,mujer
u0277,c1583,moda-calzado,4.5,2,2026-04-26,comprado,azul,L,mujer
u0277,c1388,moda-ropa,4.5,1,2026-06-02,comprado,verde,S,mujer
u0277,c0164,moda-calzado,3.6,2,2026-02-21,comprado,negro,L,hombre
u0277,c1130,moda-ropa,4.8,3,2026-01-05,comprado,negro,L,mujer
u0277,c1469,moda-ropa,4.0,3,2026-12-10,reservado->comprado,azul,XS,mujer
u0277,c0867,moda-ropa,4.7,1,2026-09-06,comprado,azul,L,hombre
u0278,c0353,moda-ropa,3.4,1,2026-03-28,comprado,rojo,S,hombre
u0278,c1272,moda-ropa,3.7,3,2026-05-14,comprado,dorado,M,mujer
u0278,c1596,moda-ropa,3.7,1,2026-07-15,comprado,rosa,XL,mujer
u0278,c0640,moda-ropa,3.5,3,2026-06-01,comprado,rojo,M,hombre
u0278,c1669,moda-accesorio,4.0,1,2026-05-05,comprado,varios,M,mujer
u0279,c1301,moda-accesorio,3.2,2,2026-05-19,comprado,negro,S,mujer
u0279,c1226,moda-calzado,3.0,1,2026-01-06,comprado,amarillo,XL,mujer
u0279,c1385,moda-ropa,3.5,2,2026-07-09,comprado,café,M,mujer
u0279,c1432,moda-ropa,4.2,1,2026-05-04,comprado,rosa,S,mujer
u0279,c1851,moda-ropa,3.9,5,2026-08-26,reservado->comprado,blanco,M,mujer
u0280,c1307,moda-accesorio,3.9,1,2026-01-27,comprado,rosa,M,mujer
u0280,c0671,moda-ropa,3.4,1,2026-09-26,comprado,rojo,M,hombre
u0280,c0820,moda-ropa,3.7,1,2026-03-03,comprado,varios,L,hombre
u0280,c0487,moda-ropa,3.1,2,2026-09-09,comprado,amarillo,S,hombre
u0280,c1071,moda-accesorio,3.1,3,2026-08-15,comprado,varios,XL,mujer
u0280,c0318,moda-ropa,3.1,1,2026-07-13,comprado,verde,XL,hombre
u0281,c1867,moda-calzado,4.3,3,2026-07-22,comprado,azul,M,mujer
u0281,c1046,moda-calzado,3.7,5,2026-06-10,reservado->comprado,beige,M,mujer
u0281,c1630,moda-calzado,4.7,3,2026-08-03,comprado,multicolor,XL,mujer
u0281,c0849,moda-ropa,4.2,1,2026-08-05,comprado,azul,L,hombre
u0281,c1576,moda-calzado,4.1,5,2026-03-01,reservado->comprado,negro,XL,mujer
u0282,c0072,moda-ropa,4.0,4,2026-08-28,reservado->comprado,azul,L,hombre
u0282,c1717,moda-accesorio,4.4,1,2026-10-15,comprado,multicolor,M,mujer
u0282,c0399,moda-ropa,3.9,1,2026-06-14,comprado,rojo,M,hombre
u0282,c0362,moda-ropa,3.6,3,2026-01-24,reservado->comprado,negro,M,hombre
u0282,c1390,moda-accesorio,4.0,2,2026-10-26,comprado,beige,XL,mujer
u0283,c1630,moda-calzado,4.0,1,2026-04-03,comprado,multicolor,XL,mujer
u0283,c0578,moda-ropa,3.8,3,2026-05-28,reservado->comprado,rojo,XL,hombre
u0283,c0855,moda-ropa,4.4,2,2026-05-17,comprado,verde,L,hombre
u0283,c0605,moda-ropa,3.5,5,2026-12-19,reservado->comprado,negro,M,hombre
u0284,c1096,moda-calzado,4.5,1,2026-09-01,comprado,beige,M,mujer
u0284,c1535,moda-ropa,4.3,1,2026-03-10,comprado,rosa,S,mujer
u0284,c1301,moda-accesorio,3.7,5,2026-08-26,reservado->comprado,negro,S,mujer
u0284,c1052,moda-ropa,3.1,4,2026-03-14,reservado->comprado,rojo,50,mujer
u0284,c0164,moda-calzado,5.0,1,2026-04-17,comprado,negro,L,hombre
u0285,c1717,moda-accesorio,3.9,1,2026-04-03,comprado,multicolor,M,mujer
u0285,c0840,moda-ropa,4.5,1,2026-10-23,comprado,rojo,L,hombre
u0285,c0403,moda-ropa,4.2,3,2026-06-05,comprado,negro,M,hombre
u0285,c0895,moda-ropa,3.0,1,2026-12-15,comprado,verde,M,hombre
u0285,c0649,moda-ropa,2.8,1,2026-04-10,comprado,varios,L,hombre
u0285,c0198,moda-ropa,3.7,2,2026-02-12,comprado,negro,L,hombre
u0285,c1021,moda-accesorio,3.9,1,2026-02-12,comprado,rojo,XL,mujer
u0285,c0249,moda-ropa,3.4,5,2026-06-04,reservado->comprado,negro,18,hombre
u0285,c0902,moda-ropa,2.9,4,2026-07-20,reservado->comprado,rojo,M,hombre
u0286,c0277,moda-ropa,3.5,2,2026-10-21,comprado,rojo,M,hombre
u0286,c0241,moda-ropa,3.8,1,2026-06-10,comprado,negro,L,hombre
u0286,c0734,moda-ropa,3.2,4,2026-12-05,reservado->comprado,verde,S,hombre
u0286,c1171,moda-accesorio,3.3,3,2026-12-26,reservado->comprado,multicolor,M,mujer
u0286,c1891,moda-accesorio,4.0,1,2026-05-09,comprado,multicolor,M,mujer
u0286,c0250,moda-ropa,3.5,2,2026-08-09,comprado,rojo,L,hombre
u0287,c0121,moda-ropa,3.8,1,2026-04-23,comprado,rosa,L,hombre
u0287,c0340,moda-ropa,3.6,1,2026-10-04,comprado,azul,M,hombre
u0287,c0811,moda-ropa,3.9,2,2026-07-18,comprado,negro,M,hombre
u0287,c0521,moda-ropa,5.0,1,2026-03-17,comprado,azul,S,hombre
u0287,c1630,moda-calzado,4.3,1,2026-08-11,comprado,multicolor,XL,mujer
u0287,c0013,moda-ropa,4.1,3,2026-06-07,comprado,gris,L,hombre
u0288,c1100,moda-ropa,4.4,4,2026-02-28,reservado->comprado,verde,S,mujer
u0288,c1201,moda-ropa,4.2,4,2026-01-02,reservado->comprado,negro,S,mujer
u0288,c0223,moda-ropa,4.0,3,2026-08-24,comprado,azul,M,hombre
u0288,c1568,moda-ropa,5.0,1,2026-01-09,comprado,azul,M,mujer
u0288,c1595,moda-ropa,3.5,5,2026-11-04,reservado->comprado,multicolor,XS,mujer
u0288,c1036,moda-accesorio,4.2,2,2026-09-24,comprado,verde,L,mujer
u0289,c0319,moda-ropa,3.4,2,2026-04-20,comprado,morado,M,hombre
u0289,c0498,moda-ropa,4.0,2,2026-03-15,comprado,rojo,M,hombre
u0289,c1429,moda-accesorio,3.2,6,2026-06-28,reservado->comprado,amarillo,XL,mujer
u0289,c0309,moda-ropa,3.7,2,2026-03-02,comprado,verde,L,hombre
u0289,c0101,moda-ropa,3.9,1,2026-03-19,comprado,azul,M,hombre
u0289,c0924,moda-ropa,3.4,1,2026-03-18,comprado,verde,M,hombre
u0290,c1278,moda-accesorio,3.5,2,2026-01-18,comprado,multicolor,M,mujer
u0290,c1867,moda-calzado,3.8,2,2026-01-17,comprado,azul,M,mujer
u0290,c1247,moda-ropa,3.1,5,2026-12-25,reservado->comprado,verde,S,mujer
u0290,c1049,moda-ropa,3.0,3,2026-11-15,reservado->comprado,varios,S,mujer
u0290,c0982,moda-accesorio,3.5,4,2026-02-23,reservado->comprado,verde,M,mujer
u0291,c1312,moda-calzado,3.8,3,2026-10-10,reservado->comprado,amarillo,M,mujer
u0291,c1312,moda-calzado,4.3,1,2026-12-18,comprado,amarillo,M,mujer
u0291,c1276,moda-calzado,3.6,1,2026-10-17,comprado,amarillo,XL,mujer
u0291,c1576,moda-calzado,4.4,3,2026-07-06,comprado,negro,XL,mujer
u0291,c1891,moda-accesorio,4.0,1,2026-03-16,comprado,multicolor,M,mujer
u0291,c0200,moda-ropa,3.5,4,2026-02-10,reservado->comprado,azul,S,hombre
u0292,c0618,moda-ropa,4.0,4,2026-02-16,reservado->comprado,varios,M,hombre
u0292,c0419,moda-ropa,3.8,4,2026-03-03,reservado->comprado,negro,L,hombre
u0292,c0117,moda-ropa,3.1,5,2026-02-01,reservado->comprado,azul,L,hombre
u0292,c1478,moda-ropa,4.4,1,2026-09-06,comprado,verde,L,mujer
u0292,c1176,moda-accesorio,4.0,1,2026-02-18,comprado,verde,M,mujer
u0293,c0084,moda-ropa,3.4,2,2026-02-24,comprado,rojo,S,hombre
u0293,c0749,moda-ropa,3.3,7,2026-10-18,reservado->comprado,verde,18,hombre
u0293,c0599,moda-ropa,3.4,2,2026-10-19,comprado,rojo,S,hombre
u0293,c0051,moda-ropa,5.0,2,2026-08-15,comprado,rojo,XL,hombre
u0293,c1475,moda-ropa,4.4,1,2026-11-22,comprado,rosa,M,mujer
u0294,c1011,moda-accesorio,3.9,3,2026-11-27,comprado,rosa,L,mujer
u0294,c0103,moda-ropa,4.3,1,2026-06-27,comprado,azul,L,hombre
u0294,c0701,moda-ropa,5.0,1,2026-08-25,comprado,azul,S,hombre
u0294,c1739,moda-ropa,5.0,1,2026-05-21,comprado,azul,M,mujer
u0294,c1676,moda-ropa,4.0,1,2026-04-17,comprado,morado,M,mujer
u0295,c1301,moda-accesorio,3.6,1,2026-09-07,comprado,negro,S,mujer
u0295,c0285,moda-ropa,3.0,1,2026-04-18,comprado,rojo,L,hombre
u0295,c0091,moda-ropa,3.3,1,2026-04-17,comprado,rojo,XL,hombre
u0295,c0216,moda-ropa,3.8,2,2026-05-01,comprado,rojo,M,hombre
u0295,c0135,moda-ropa,4.1,1,2026-08-20,comprado,amarillo,M,hombre
u0296,c1301,moda-accesorio,3.3,1,2026-01-23,comprado,negro,S,mujer
u0296,c1136,moda-accesorio,4.5,1,2026-10-19,comprado,amarillo,S,mujer
u0296,c1276,moda-calzado,3.0,5,2026-01-28,reservado->comprado,amarillo,XL,mujer
u0296,c1226,moda-calzado,4.1,1,2026-10-04,comprado,amarillo,XL,mujer
u0296,c0968,moda-ropa,4.5,2,2026-01-18,comprado,blanco,S,mujer
u0296,c0740,moda-ropa,3.3,7,2026-04-07,reservado->comprado,azul,S,hombre
u0296,c1153,moda-ropa,4.2,1,2026-04-01,comprado,negro,XL,mujer
u0296,c1090,moda-ropa,4.5,3,2026-02-13,comprado,verde,S,mujer
u0296,c1594,moda-ropa,3.9,4,2026-05-18,reservado->comprado,naranja,XS,mujer
u0296,c1563,moda-ropa,4.1,1,2026-11-13,comprado,negro,L,mujer
u0297,c1874,moda-ropa,3.5,1,2026-04-06,comprado,naranja,XS,mujer
u0297,c1620,moda-ropa,3.1,1,2026-01-16,comprado,morado,S,mujer
u0297,c1576,moda-calzado,3.7,6,2026-11-12,reservado->comprado,negro,XL,mujer
u0297,c1804,moda-ropa,3.9,1,2026-06-10,comprado,multicolor,L,mujer
u0297,c1171,moda-accesorio,3.7,2,2026-07-15,comprado,multicolor,M,mujer
u0298,c1348,moda-ropa,3.3,2,2026-05-01,comprado,negro,L,mujer
u0298,c1854,moda-ropa,3.7,1,2026-12-09,comprado,verde,L,mujer
u0298,c1390,moda-accesorio,3.9,1,2026-10-19,comprado,beige,XL,mujer
u0298,c1909,moda-ropa,4.7,1,2026-03-20,comprado,rosa,M,mujer
u0299,c1484,moda-ropa,4.6,1,2026-06-24,comprado,negro,S,mujer
u0299,c1688,moda-accesorio,4.0,1,2026-07-20,comprado,rojo,L,mujer
u0299,c1362,moda-ropa,4.7,1,2026-10-25,comprado,blanco,M,mujer
u0299,c1036,moda-accesorio,4.2,2,2026-10-24,comprado,verde,L,mujer
u0299,c1888,moda-ropa,3.9,2,2026-12-05,comprado,negro,S,mujer
u0300,c1063,moda-ropa,3.8,2,2026-12-02,comprado,blanco,L,mujer
u0300,c0164,moda-calzado,3.2,3,2026-11-05,reservado->comprado,negro,L,hombre
u0300,c1393,moda-ropa,4.0,3,2026-12-27,comprado,naranja,XS,mujer
u0300,c0586,moda-ropa,3.3,1,2026-09-14,comprado,blanco,XL,hombre
u0300,c1502,moda-calzado,4.8,1,2026-03-01,comprado,azul,L,mujer
u0300,c1488,moda-ropa,3.3,1,2026-10-13,comprado,varios,XL,mujer
u0300,c1213,moda-ropa,4.2,2,2026-07-28,comprado,verde,S,mujer
u0301,c1802,moda-accesorio,4.8,3,2026-04-13,comprado,multicolor,XL,mujer
u0301,c1611,moda-accesorio,5.0,1,2026-08-09,comprado,rosa,M,mujer
u0301,c1455,moda-accesorio,4.3,2,2026-11-11,comprado,azul,L,mujer
u0301,c0265,moda-ropa,4.4,2,2026-07-01,comprado,blanco,L,hombre
u0301,c1107,moda-accesorio,4.1,2,2026-03-18,comprado,morado,M,mujer
u0302,c1060,moda-ropa,4.2,2,2026-07-16,comprado,negro,M,mujer
u0302,c1781,moda-ropa,4.6,3,2026-10-13,comprado,azul,M,mujer
u0302,c1317,moda-ropa,5.0,2,2026-11-04,comprado,multicolor,M,mujer
u0302,c1334,moda-ropa,4.5,1,2026-11-03,comprado,negro,M,mujer
u0302,c1331,moda-ropa,4.9,1,2026-10-09,comprado,blanco,S,mujer
u0303,c1576,moda-calzado,4.5,1,2026-01-16,comprado,negro,XL,mujer
u0303,c1907,moda-ropa,4.4,1,2026-04-11,comprado,rojo,L,mujer
u0303,c1509,moda-ropa,4.8,1,2026-09-01,comprado,amarillo,M,mujer
u0303,c1234,moda-ropa,4.4,2,2026-03-11,comprado,naranja,XS,mujer
u0303,c1849,moda-ropa,4.5,2,2026-01-08,comprado,varios,M,mujer
u0303,c1881,moda-ropa,4.7,3,2026-02-17,comprado,rojo,L,mujer
u0303,c1904,moda-ropa,5.0,1,2026-03-11,comprado,negro,L,mujer
u0304,c0840,moda-ropa,4.2,1,2026-07-25,comprado,rojo,L,hombre
u0304,c1108,moda-accesorio,3.8,1,2026-04-12,comprado,verde,M,mujer
u0304,c1802,moda-accesorio,4.3,2,2026-05-26,comprado,multicolor,XL,mujer
u0304,c1802,moda-accesorio,5.0,2,2026-03-21,comprado,multicolor,XL,mujer
u0304,c1891,moda-accesorio,4.4,2,2026-05-15,comprado,multicolor,M,mujer
u0305,c1046,moda-calzado,4.1,2,2026-05-02,comprado,beige,M,mujer
u0305,c1724,moda-ropa,4.3,1,2026-12-12,comprado,multicolor,S,mujer
u0305,c1630,moda-calzado,3.2,3,2026-02-14,comprado,multicolor,XL,mujer
u0305,c0164,moda-calzado,3.8,2,2026-08-22,comprado,negro,L,hombre
u0306,c1495,moda-calzado,3.7,1,2026-07-24,comprado,negro,S,mujer
u0306,c0523,moda-ropa,3.6,5,2026-11-12,reservado->comprado,verde,M,hombre
u0306,c1495,moda-calzado,3.5,1,2026-02-23,comprado,negro,S,mujer
u0306,c0704,moda-ropa,4.0,2,2026-06-26,comprado,rojo,M,hombre
u0306,c1046,moda-calzado,4.0,3,2026-03-17,comprado,beige,M,mujer
u0306,c1749,moda-calzado,3.9,3,2026-03-04,comprado,rosa,S,mujer
u0306,c0982,moda-accesorio,3.7,2,2026-08-15,comprado,verde,M,mujer
u0306,c0593,moda-ropa,4.4,3,2026-04-04,comprado,rojo,L,hombre
u0306,c0631,moda-ropa,4.1,1,2026-04-24,comprado,rojo,XL,hombre
u0306,c0581,moda-ropa,1.9,5,2026-11-22,reservado->comprado,rosa,S,hombre
u0306,c1096,moda-calzado,3.6,1,2026-04-06,comprado,beige,M,mujer
u0306,c1495,moda-calzado,4.0,1,2026-05-02,comprado,negro,S,mujer
u0306,c1096,moda-calzado,3.9,2,2026-09-17,comprado,beige,M,mujer
u0307,c1385,moda-ropa,4.7,1,2026-01-26,comprado,café,M,mujer
u0307,c1726,moda-ropa,5.0,2,2026-06-28,comprado,amarillo,S,mujer
u0307,c1472,moda-ropa,4.3,6,2026-08-28,reservado->comprado,morado,M,mujer
u0307,c0377,moda-ropa,3.9,2,2026-07-16,comprado,verde,XL,hombre
u0307,c1800,moda-ropa,4.3,2,2026-08-05,comprado,naranja,L,mujer
u0308,c1096,moda-calzado,3.3,1,2026-09-12,comprado,beige,M,mujer
u0308,c0531,moda-ropa,3.2,3,2026-06-12,comprado,rojo,S,hombre
u0308,c1276,moda-calzado,4.6,1,2026-03-11,comprado,amarillo,XL,mujer
u0308,c1867,moda-calzado,3.4,2,2026-08-08,comprado,azul,M,mujer
u0308,c0760,moda-ropa,4.0,1,2026-04-27,comprado,negro,XL,hombre
u0308,c0354,moda-ropa,3.5,1,2026-12-27,comprado,azul,38,hombre
u0309,c0686,moda-ropa,4.3,2,2026-10-25,comprado,rojo,XL,hombre
u0309,c0699,moda-ropa,4.3,1,2026-08-22,comprado,negro,M,hombre
u0309,c0921,moda-ropa,3.8,1,2026-08-01,comprado,rojo,M,hombre
u0309,c0393,moda-ropa,3.8,1,2026-06-26,comprado,blanco,L,hombre
u0309,c0407,moda-ropa,4.2,1,2026-06-10,comprado,negro,L,hombre
u0309,c0298,moda-ropa,4.2,3,2026-11-08,comprado,azul,L,hombre
u0310,c1583,moda-calzado,3.2,5,2026-02-10,reservado->comprado,azul,L,mujer
u0310,c1390,moda-accesorio,3.5,2,2026-06-08,comprado,beige,XL,mujer
u0310,c1756,moda-ropa,4.1,3,2026-11-18,comprado,azul,M,mujer
u0310,c0164,moda-calzado,3.0,5,2026-04-05,reservado->comprado,negro,L,hombre
u0310,c1544,moda-ropa,3.1,1,2026-10-20,comprado,varios,35,mujer
u0311,c0611,moda-ropa,3.9,1,2026-08-20,comprado,blanco,M,hombre
u0311,c0566,moda-ropa,4.2,1,2026-11-17,comprado,azul,M,hombre
u0311,c0626,moda-ropa,4.2,1,2026-09-08,comprado,rojo,M,hombre
u0311,c1778,moda-ropa,4.2,1,2026-10-18,comprado,blanco,S,mujer
u0312,c0332,moda-ropa,2.7,1,2026-12-17,comprado,rojo,S,hombre
u0312,c0774,moda-ropa,2.6,7,2026-07-20,reservado->comprado,naranja,L,hombre
u0312,c0386,moda-ropa,3.5,1,2026-06-04,comprado,rosa,L,hombre
u0312,c0635,moda-ropa,3.5,2,2026-02-25,comprado,azul,S,hombre
u0312,c0276,moda-ropa,2.7,1,2026-12-20,comprado,azul,XL,hombre
u0313,c1671,moda-accesorio,3.3,2,2026-05-07,comprado,rosa,M,mujer
u0313,c0014,moda-calzado,3.7,6,2026-05-21,reservado->comprado,blanco,L,hombre
u0313,c0113,moda-ropa,4.2,1,2026-04-25,comprado,negro,M,hombre
u0313,c1276,moda-calzado,3.5,2,2026-04-14,comprado,amarillo,XL,mujer
u0313,c0124,moda-ropa,3.7,1,2026-12-01,comprado,varios,L,hombre
u0313,c0134,moda-ropa,3.6,1,2026-05-14,comprado,verde,XL,hombre
u0313,c0800,moda-ropa,3.9,2,2026-03-24,comprado,rojo,M,hombre
u0313,c0327,moda-ropa,3.5,6,2026-10-09,reservado->comprado,rojo,L,hombre
u0313,c1455,moda-accesorio,3.8,3,2026-11-08,comprado,azul,L,mujer
u0313,c1107,moda-accesorio,3.4,3,2026-03-03,comprado,morado,M,mujer
u0313,c0868,moda-ropa,4.1,2,2026-11-19,comprado,café,M,hombre
u0313,c1630,moda-calzado,3.7,3,2026-12-04,comprado,multicolor,XL,mujer
u0313,c0164,moda-calzado,3.4,1,2026-08-18,comprado,negro,L,hombre
u0313,c0084,moda-ropa,3.5,1,2026-07-23,comprado,rojo,S,hombre
u0313,c1867,moda-calzado,3.3,1,2026-08-05,comprado,azul,M,mujer
u0313,c0695,moda-ropa,4.1,3,2026-07-04,comprado,blanco,M,hombre
u0313,c1495,moda-calzado,4.2,2,2026-12-08,comprado,negro,S,mujer
u0313,c1046,moda-calzado,4.0,1,2026-01-15,comprado,beige,M,mujer
u0313,c0035,moda-ropa,3.5,1,2026-01-12,comprado,negro,L,hombre
u0313,c1576,moda-calzado,3.2,5,2026-02-19,reservado->comprado,negro,XL,mujer
u0314,c1388,moda-ropa,4.7,2,2026-03-05,comprado,verde,S,mujer
u0314,c1873,moda-ropa,3.8,1,2026-03-07,comprado,negro,XL,mujer
u0314,c0354,moda-ropa,3.9,4,2026-12-08,reservado->comprado,azul,38,hombre
u0314,c0302,moda-ropa,4.2,2,2026-06-14,comprado,varios,L,hombre
u0314,c0292,moda-ropa,5.0,1,2026-09-26,comprado,blanco,M,hombre
u0315,c1502,moda-calzado,4.5,1,2026-03-17,comprado,azul,L,mujer
u0315,c1226,moda-calzado,4.3,3,2026-07-21,comprado,amarillo,XL,mujer
u0315,c0810,moda-ropa,4.2,3,2026-10-01,comprado,multicolor,L,hombre
u0315,c0933,moda-ropa,3.2,1,2026-04-10,comprado,amarillo,M,hombre
u0316,c0979,moda-ropa,4.0,2,2026-11-28,comprado,verde,M,mujer
u0316,c1038,moda-ropa,4.0,1,2026-08-06,comprado,rojo,XL,mujer
u0316,c1555,moda-ropa,2.7,6,2026-09-17,reservado->comprado,azul,M,mujer
u0316,c1646,moda-ropa,3.8,2,2026-08-13,comprado,rojo,M,mujer
u0316,c0141,moda-ropa,3.4,3,2026-04-28,comprado,azul,XL,hombre
u0317,c0164,moda-calzado,3.4,7,2026-04-08,reservado->comprado,negro,L,hombre
u0317,c1171,moda-accesorio,4.7,1,2026-06-05,comprado,multicolor,M,mujer
u0317,c0968,moda-ropa,3.9,1,2026-01-07,comprado,blanco,S,mujer
u0317,c1334,moda-ropa,3.8,3,2026-07-09,comprado,negro,M,mujer
u0317,c1891,moda-accesorio,4.6,3,2026-02-09,comprado,multicolor,M,mujer
u0317,c1312,moda-calzado,4.2,1,2026-05-25,comprado,amarillo,M,mujer
u0317,c1276,moda-calzado,3.4,6,2026-04-06,reservado->comprado,amarillo,XL,mujer
u0318,c0173,moda-ropa,4.2,3,2026-02-19,comprado,blanco,XL,hombre
u0318,c0578,moda-ropa,4.0,3,2026-06-10,reservado->comprado,rojo,XL,hombre
u0318,c0337,moda-ropa,4.6,3,2026-09-06,comprado,azul,L,hombre
u0318,c0599,moda-ropa,4.4,1,2026-07-22,comprado,rojo,S,hombre
u0318,c0318,moda-ropa,4.1,2,2026-01-05,comprado,verde,XL,hombre
u0318,c0407,moda-ropa,3.7,1,2026-02-10,comprado,negro,L,hombre
u0319,c1108,moda-accesorio,4.0,1,2026-10-10,comprado,verde,M,mujer
u0319,c1301,moda-accesorio,4.5,1,2026-08-27,comprado,negro,S,mujer
u0319,c0721,moda-ropa,4.4,3,2026-06-18,comprado,rojo,XL,hombre
u0319,c0365,moda-ropa,4.3,3,2026-07-23,comprado,amarillo,18,hombre
u0319,c0014,moda-calzado,4.5,1,2026-11-15,comprado,blanco,L,hombre
u0319,c1291,moda-accesorio,3.9,1,2026-03-27,comprado,rojo,M,mujer
u0319,c0943,moda-ropa,4.0,2,2026-06-13,comprado,rojo,M,hombre
u0320,c0164,moda-calzado,3.5,1,2026-11-16,comprado,negro,L,hombre
u0320,c1669,moda-accesorio,4.3,4,2026-11-01,reservado->comprado,varios,M,mujer
u0320,c0982,moda-accesorio,4.4,3,2026-10-28,comprado,verde,M,mujer
u0320,c1611,moda-accesorio,4.3,5,2026-12-17,reservado->comprado,rosa,M,mujer
u0320,c1108,moda-accesorio,3.8,4,2026-09-24,reservado->comprado,verde,M,mujer
u0320,c1171,moda-accesorio,4.3,1,2026-01-18,comprado,multicolor,M,mujer
u0320,c1666,moda-ropa,4.5,2,2026-02-27,comprado,negro,M,mujer
u0320,c1592,moda-ropa,5.0,1,2026-01-11,comprado,negro,42,mujer
u0320,c1669,moda-accesorio,3.9,5,2026-01-26,reservado->comprado,varios,M,mujer
u0320,c1688,moda-accesorio,4.8,3,2026-08-12,comprado,rojo,L,mujer
u0320,c1905,moda-ropa,3.4,4,2026-06-12,reservado->comprado,azul,M,mujer
u0320,c0982,moda-accesorio,3.9,5,2026-06-27,reservado->comprado,verde,M,mujer
u0320,c0164,moda-calzado,3.7,1,2026-09-13,comprado,negro,L,hombre
u0320,c1021,moda-accesorio,4.0,1,2026-03-18,comprado,rojo,XL,mujer
u0321,c1632,moda-ropa,3.5,1,2026-02-15,comprado,negro,34,mujer
u0321,c1091,moda-ropa,3.3,2,2026-12-06,comprado,varios,M,mujer
u0321,c1429,moda-accesorio,3.1,5,2026-04-01,reservado->comprado,amarillo,XL,mujer
u0321,c1064,moda-ropa,4.1,2,2026-02-01,comprado,gris,L,mujer
u0321,c1060,moda-ropa,4.1,1,2026-06-19,comprado,negro,M,mujer
u0321,c1118,moda-ropa,4.0,1,2026-01-04,comprado,multicolor,S,mujer
u0321,c1588,moda-ropa,4.1,1,2026-11-11,comprado,multicolor,S,mujer
u0322,c0622,moda-ropa,4.6,1,2026-06-12,comprado,verde,L,hombre
u0322,c0569,moda-ropa,3.4,2,2026-01-05,comprado,blanco,L,hombre
u0322,c0237,moda-ropa,4.2,2,2026-03-11,comprado,verde,S,hombre
u0322,c0004,moda-ropa,3.9,2,2026-09-15,comprado,negro,XL,hombre
u0322,c0436,moda-ropa,2.9,5,2026-02-18,reservado->comprado,rojo,M,hombre
u0323,c1096,moda-calzado,3.3,3,2026-02-19,comprado,beige,M,mujer
u0323,c1276,moda-calzado,3.1,4,2026-10-03,reservado->comprado,amarillo,XL,mujer
u0323,c0164,moda-calzado,3.8,2,2026-06-03,comprado,negro,L,hombre
u0323,c1307,moda-accesorio,3.6,1,2026-01-07,comprado,rosa,M,mujer
u0323,c1472,moda-ropa,3.4,2,2026-12-28,comprado,morado,M,mujer
u0324,c1576,moda-calzado,5.0,2,2026-10-03,comprado,negro,XL,mujer
u0324,c1749,moda-calzado,4.8,1,2026-06-21,comprado,rosa,S,mujer
u0324,c1671,moda-accesorio,3.9,3,2026-02-10,comprado,rosa,M,mujer
u0324,c1717,moda-accesorio,3.6,4,2026-05-06,reservado->comprado,multicolor,M,mujer
u0325,c1779,moda-ropa,4.0,2,2026-02-16,comprado,azul,L,mujer
u0325,c1427,moda-ropa,4.6,1,2026-04-13,comprado,morado,S,mujer
u0325,c1416,moda-ropa,4.4,1,2026-10-27,comprado,multicolor,S,mujer
u0325,c1276,moda-calzado,4.4,3,2026-01-03,comprado,amarillo,XL,mujer
u0325,c1749,moda-calzado,4.6,1,2026-10-19,comprado,rosa,S,mujer
u0325,c1171,moda-accesorio,5.0,1,2026-11-28,comprado,multicolor,M,mujer
u0326,c1572,moda-ropa,4.9,1,2026-05-10,comprado,morado,M,mujer
u0326,c1742,moda-ropa,4.3,3,2026-06-03,comprado,azul,M,mujer
u0326,c1874,moda-ropa,4.8,2,2026-12-15,comprado,naranja,XS,mujer
u0326,c1661,moda-ropa,4.9,2,2026-12-25,comprado,blanco,XL,mujer
u0326,c1446,moda-ropa,4.4,1,2026-12-19,comprado,azul,M,mujer
u0326,c1609,moda-ropa,3.9,5,2026-08-01,reservado->comprado,varios,S,mujer
u0327,c0157,moda-ropa,3.2,2,2026-07-20,comprado,blanco,L,hombre
u0327,c1040,moda-ropa,4.5,2,2026-08-09,comprado,naranja,L,mujer
u0327,c1337,moda-ropa,3.5,5,2026-06-09,reservado->comprado,morado,M,mujer
u0327,c1593,moda-ropa,4.8,3,2026-10-27,comprado,negro,M,mujer
u0327,c0072,moda-ropa,4.3,1,2026-03-14,comprado,azul,L,hombre
u0327,c1667,moda-ropa,4.4,1,2026-12-07,comprado,amarillo,S,mujer
u0328,c1502,moda-calzado,3.0,5,2026-01-02,reservado->comprado,azul,L,mujer
u0328,c1248,moda-ropa,4.4,2,2026-06-07,comprado,azul,L,mujer
u0328,c1093,moda-ropa,3.6,2,2026-09-06,comprado,verde,L,mujer
u0328,c1330,moda-ropa,3.2,6,2026-09-15,reservado->comprado,verde,S,mujer
u0329,c0730,moda-ropa,4.1,3,2026-05-19,comprado,amarillo,S,hombre
u0329,c0044,moda-ropa,3.6,6,2026-12-10,reservado->comprado,negro,S,hombre
u0329,c0297,moda-ropa,4.5,2,2026-12-07,comprado,azul,M,hombre
u0329,c0598,moda-ropa,3.6,2,2026-03-05,comprado,negro,M,hombre
u0329,c0335,moda-ropa,2.7,4,2026-01-19,reservado->comprado,rojo,M,hombre
u0329,c0750,moda-ropa,4.1,1,2026-06-24,comprado,beige,M,hombre
u0329,c1125,moda-calzado,3.5,4,2026-03-09,reservado->comprado,verde,L,mujer
u0330,c1278,moda-accesorio,4.2,6,2026-03-26,reservado->comprado,multicolor,M,mujer
u0330,c1123,moda-ropa,4.2,1,2026-07-17,comprado,negro,L,mujer
u0330,c0177,moda-ropa,4.2,4,2026-02-28,reservado->comprado,verde,L,hombre
u0330,c0547,moda-ropa,4.2,1,2026-08-20,comprado,rojo,L,hombre
u0330,c1673,moda-ropa,3.9,2,2026-04-08,comprado,negro,M,mujer
u0330,c1238,moda-ropa,3.7,5,2026-07-06,reservado->comprado,verde,XL,mujer
u0330,c1301,moda-accesorio,4.3,1,2026-09-09,comprado,negro,S,mujer
u0331,c0624,moda-ropa,4.8,1,2026-03-26,comprado,blanco,L,hombre
u0331,c1455,moda-accesorio,3.9,2,2026-11-23,comprado,azul,L,mujer
u0331,c1688,moda-accesorio,4.8,2,2026-11-09,comprado,rojo,L,mujer
u0331,c0226,moda-ropa,4.2,7,2026-11-07,reservado->comprado,azul,XL,hombre
u0331,c0470,moda-ropa,3.5,5,2026-10-05,reservado->comprado,blanco,S,hombre
u0331,c1291,moda-accesorio,3.9,1,2026-06-01,comprado,rojo,M,mujer
u0331,c0952,moda-ropa,4.3,3,2026-06-22,reservado->comprado,rojo,M,hombre
u0331,c1175,moda-ropa,5.0,1,2026-02-23,comprado,negro,M,mujer
u0331,c1543,moda-ropa,4.3,5,2026-10-10,reservado->comprado,rojo,L,mujer
u0331,c1031,moda-accesorio,5.0,1,2026-02-27,comprado,rosa,M,mujer
u0331,c0067,moda-ropa,5.0,1,2026-07-15,comprado,verde,M,hombre
u0331,c0104,moda-ropa,4.3,1,2026-09-06,comprado,blanco,L,hombre
u0331,c0226,moda-ropa,4.4,1,2026-03-02,comprado,azul,XL,hombre
u0331,c0797,moda-ropa,3.8,3,2026-07-11,comprado,negro,M,hombre
u0331,c0750,moda-ropa,4.0,1,2026-07-23,comprado,beige,M,hombre
u0331,c1108,moda-accesorio,4.1,1,2026-08-28,comprado,verde,M,mujer
u0331,c0883,moda-ropa,3.4,6,2026-04-13,reservado->comprado,verde,XL,hombre
u0332,c1868,moda-ropa,3.6,1,2026-01-02,comprado,blanco,M,mujer
u0332,c1816,moda-ropa,4.1,1,2026-09-05,comprado,azul,M,mujer
u0332,c1191,moda-accesorio,4.3,1,2026-09-08,comprado,amarillo,M,mujer
u0332,c1749,moda-calzado,4.2,1,2026-10-12,comprado,rosa,S,mujer
u0332,c1899,moda-ropa,3.9,2,2026-09-22,comprado,azul,M,mujer
u0333,c1669,moda-accesorio,4.3,1,2026-07-09,comprado,varios,M,mujer
u0333,c1578,moda-ropa,4.6,2,2026-12-08,comprado,varios,S,mujer
u0333,c0631,moda-ropa,4.4,3,2026-11-08,comprado,rojo,XL,hombre
u0333,c1586,moda-ropa,4.3,4,2026-03-10,reservado->comprado,café,42,mujer
u0333,c0411,moda-ropa,4.5,1,2026-01-24,comprado,negro,S,hombre
u0333,c0588,moda-ropa,4.2,1,2026-12-23,comprado,rosa,M,hombre
u0334,c0568,moda-ropa,3.7,3,2026-09-16,comprado,azul,M,hombre
u0334,c0229,moda-ropa,4.5,7,2026-09-02,reservado->comprado,blanco,L,hombre
u0334,c0759,moda-ropa,3.4,5,2026-10-05,reservado->comprado,rojo,S,hombre
u0334,c1278,moda-accesorio,3.9,1,2026-03-14,comprado,multicolor,M,mujer
u0334,c1276,moda-calzado,3.7,6,2026-03-23,reservado->comprado,amarillo,XL,mujer
u0334,c1630,moda-calzado,3.0,4,2026-05-03,reservado->comprado,multicolor,XL,mujer
u0334,c1630,moda-calzado,3.8,2,2026-04-13,comprado,multicolor,XL,mujer
u0334,c0253,moda-ropa,4.0,1,2026-05-26,comprado,blanco,S,hombre
u0334,c0529,moda-ropa,3.4,1,2026-08-19,comprado,azul,L,hombre
u0334,c1291,moda-accesorio,4.3,1,2026-05-14,comprado,rojo,M,mujer
u0334,c1096,moda-calzado,4.4,1,2026-01-17,comprado,beige,M,mujer
u0335,c1479,moda-ropa,3.6,3,2026-05-06,comprado,negro,M,mujer
u0335,c1456,moda-ropa,4.4,1,2026-08-09,comprado,negro,XS,mujer
u0335,c0986,moda-ropa,3.7,4,2026-07-24,reservado->comprado,negro,L,mujer
u0335,c0659,moda-ropa,3.8,2,2026-09-02,comprado,verde,XL,hombre
u0335,c1103,moda-ropa,3.1,2,2026-04-05,comprado,blanco,M,mujer
u0336,c1191,moda-accesorio,4.0,1,2026-12-23,comprado,amarillo,M,mujer
u0336,c1021,moda-accesorio,4.8,1,2026-10-17,comprado,rojo,XL,mujer
u0336,c0663,moda-ropa,3.8,2,2026-02-04,comprado,rojo,M,hombre
u0336,c1154,moda-ropa,4.2,1,2026-02-03,comprado,naranja,XS,mujer
u0336,c1136,moda-accesorio,4.4,1,2026-06-13,comprado,amarillo,S,mujer
u0337,c1611,moda-accesorio,2.7,5,2026-01-03,reservado->comprado,rosa,M,mujer
u0337,c1518,moda-ropa,3.3,1,2026-05-16,comprado,azul,M,mujer
u0337,c1343,moda-ropa,4.0,2,2026-07-18,comprado,rojo,S,mujer
u0337,c1627,moda-ropa,3.6,2,2026-12-20,comprado,rojo,M,mujer
u0337,c0466,moda-ropa,2.2,6,2026-01-11,reservado->comprado,blanco,L,hombre
u0337,c1301,moda-accesorio,3.2,2,2026-07-23,comprado,negro,S,mujer
u0337,c1457,moda-ropa,3.7,3,2026-11-08,comprado,verde,L,mujer
u0337,c1373,moda-ropa,4.2,1,2026-04-02,comprado,verde,M,mujer
u0337,c1512,moda-ropa,3.1,4,2026-02-03,reservado->comprado,negro,XL,mujer
u0337,c1722,moda-ropa,3.4,1,2026-09-23,comprado,azul,M,mujer
u0337,c1648,moda-ropa,3.5,2,2026-07-22,comprado,café,M,mujer
u0337,c0987,moda-ropa,3.1,2,2026-05-08,comprado,azul,L,mujer
u0337,c0955,moda-accesorio,3.8,1,2026-12-07,comprado,morado,M,mujer
u0337,c1203,moda-ropa,3.2,4,2026-02-15,reservado->comprado,negro,L,mujer
u0337,c1428,moda-ropa,3.8,1,2026-02-06,comprado,negro,15,mujer
u0337,c0762,moda-ropa,4.1,2,2026-04-02,comprado,blanco,L,hombre
u0337,c1698,moda-ropa,3.8,1,2026-08-17,comprado,azul,M,mujer
u0337,c1564,moda-ropa,4.0,2,2026-09-26,comprado,negro,S,mujer
u0337,c0982,moda-accesorio,3.0,1,2026-06-14,comprado,verde,M,mujer
u0337,c1347,moda-ropa,3.9,1,2026-10-15,comprado,negro,XL,mujer
u0337,c1036,moda-accesorio,3.2,2,2026-08-24,comprado,verde,L,mujer
u0337,c1274,moda-ropa,3.6,2,2026-08-25,comprado,naranja,XS,mujer
u0337,c1021,moda-accesorio,3.6,2,2026-08-05,comprado,rojo,XL,mujer
u0337,c1077,moda-ropa,3.5,1,2026-12-07,comprado,negro,L,mujer
u0337,c1108,moda-accesorio,3.0,4,2026-07-23,reservado->comprado,verde,M,mujer
u0338,c0698,moda-ropa,3.3,4,2026-02-17,reservado->comprado,rojo,M,hombre
u0338,c0267,moda-ropa,4.4,3,2026-09-03,comprado,blanco,M,hombre
u0338,c0016,moda-ropa,4.3,2,2026-10-26,comprado,rojo,M,hombre
u0338,c1021,moda-accesorio,4.7,3,2026-02-23,comprado,rojo,XL,mujer
u0338,c1871,moda-ropa,4.3,3,2026-02-17,comprado,verde,S,mujer
u0338,c0068,moda-ropa,3.9,2,2026-05-28,comprado,rojo,XL,hombre
u0338,c0576,moda-ropa,5.0,1,2026-08-19,comprado,rojo,M,hombre
u0339,c0517,moda-ropa,5.0,2,2026-03-05,comprado,azul,L,hombre
u0339,c1771,moda-ropa,4.0,1,2026-07-20,comprado,rojo,M,mujer
u0339,c0648,moda-ropa,4.7,1,2026-01-14,comprado,negro,XL,hombre
u0339,c1264,moda-ropa,4.1,1,2026-10-18,comprado,rosa,XS,mujer
u0339,c1108,moda-accesorio,4.7,1,2026-07-06,comprado,verde,M,mujer
u0339,c1503,moda-ropa,4.2,1,2026-04-20,comprado,azul,M,mujer
u0340,c0947,moda-ropa,4.5,1,2026-06-01,comprado,multicolor,M,hombre
u0340,c0133,moda-ropa,4.4,1,2026-09-26,comprado,blanco,M,hombre
u0340,c0643,moda-ropa,3.8,1,2026-03-28,comprado,rojo,M,hombre
u0340,c0526,moda-ropa,3.6,1,2026-01-17,comprado,beige,L,hombre
u0340,c0205,moda-ropa,3.7,1,2026-09-14,comprado,blanco,L,hombre
u0340,c1688,moda-accesorio,4.3,1,2026-11-11,comprado,rojo,L,mujer
u0341,c1187,moda-ropa,4.4,1,2026-09-16,comprado,negro,M,mujer
u0341,c1266,moda-ropa,3.1,5,2026-05-06,reservado->comprado,blanco,36,mujer
u0341,c0609,moda-ropa,4.2,1,2026-06-22,comprado,multicolor,S,hombre
u0341,c1328,moda-ropa,3.5,2,2026-01-15,comprado,azul,S,mujer
u0341,c1390,moda-accesorio,3.0,1,2026-05-27,comprado,beige,XL,mujer
u0341,c1679,moda-ropa,3.1,1,2026-10-27,comprado,negro,M,mujer
u0342,c1458,moda-accesorio,3.9,1,2026-12-22,comprado,blanco,S,mujer
u0342,c1531,moda-ropa,3.9,1,2026-09-09,comprado,negro,42,mujer
u0342,c1803,moda-ropa,3.6,1,2026-03-23,comprado,negro,M,mujer
u0342,c1724,moda-ropa,3.2,1,2026-02-20,comprado,multicolor,S,mujer
u0342,c1207,moda-ropa,4.3,3,2026-11-26,comprado,azul,S,mujer
u0343,c1058,moda-ropa,3.4,3,2026-11-24,comprado,azul,S,mujer
u0343,c1458,moda-accesorio,3.9,3,2026-08-27,comprado,blanco,S,mujer
u0343,c1569,moda-ropa,4.1,1,2026-05-24,comprado,multicolor,S,mujer
u0343,c1717,moda-accesorio,3.0,7,2026-02-28,reservado->comprado,multicolor,M,mujer
u0344,c1669,moda-accesorio,3.6,3,2026-01-09,reservado->comprado,varios,M,mujer
u0344,c1424,moda-ropa,4.3,3,2026-09-24,comprado,amarillo,M,mujer
u0344,c1031,moda-accesorio,4.3,1,2026-11-27,comprado,rosa,M,mujer
u0344,c1489,moda-ropa,3.5,1,2026-08-10,comprado,verde,L,mujer
u0344,c1736,moda-ropa,3.8,1,2026-06-21,comprado,rojo,M,mujer
u0345,c1867,moda-calzado,4.9,1,2026-09-07,comprado,azul,M,mujer
u0345,c1563,moda-ropa,4.3,1,2026-08-01,comprado,negro,L,mujer
u0345,c1576,moda-calzado,3.3,5,2026-08-01,reservado->comprado,negro,XL,mujer
u0345,c1194,moda-ropa,3.9,5,2026-04-14,reservado->comprado,naranja,XS,mujer
u0345,c0107,moda-ropa,4.4,1,2026-03-06,comprado,rojo,S,hombre
u0345,c0294,moda-ropa,5.0,1,2026-08-04,comprado,negro,XL,hombre
u0345,c1502,moda-calzado,5.0,2,2026-12-12,comprado,azul,L,mujer
u0346,c0404,moda-ropa,4.2,1,2026-09-14,comprado,verde,L,hombre
u0346,c1026,moda-ropa,4.2,1,2026-10-28,comprado,negro,L,mujer
u0346,c0459,moda-ropa,3.9,5,2026-11-05,reservado->comprado,azul,XL,hombre
u0346,c0014,moda-calzado,4.0,1,2026-09-28,comprado,blanco,L,hombre
u0346,c1312,moda-calzado,4.0,3,2026-12-10,comprado,amarillo,M,mujer
u0346,c1442,moda-ropa,3.3,3,2026-11-27,reservado->comprado,amarillo,L,mujer
u0346,c1885,moda-ropa,3.8,1,2026-07-12,comprado,rosa,M,mujer
u0346,c0841,moda-ropa,4.5,1,2026-09-01,comprado,rojo,L,hombre
u0346,c1905,moda-ropa,2.9,4,2026-12-07,reservado->comprado,azul,M,mujer
u0346,c1125,moda-calzado,4.0,2,2026-10-02,comprado,verde,L,mujer
u0346,c1733,moda-ropa,4.5,1,2026-02-16,comprado,verde,M,mujer
u0346,c1636,moda-ropa,3.7,1,2026-01-27,comprado,rosa,L,mujer
u0347,c1740,moda-ropa,4.8,3,2026-06-17,comprado,multicolor,M,mujer
u0347,c0737,moda-ropa,4.7,2,2026-08-12,comprado,blanco,M,hombre
u0347,c1409,moda-ropa,4.1,1,2026-09-15,comprado,negro,L,mujer
u0347,c0693,moda-ropa,4.8,3,2026-06-05,comprado,negro,M,hombre
u0347,c0464,moda-ropa,4.6,3,2026-03-13,reservado->comprado,verde,M,hombre
u0348,c1419,moda-ropa,2.8,5,2026-03-02,reservado->comprado,multicolor,S,mujer
u0348,c1136,moda-accesorio,3.7,1,2026-10-20,comprado,amarillo,S,mujer
u0348,c0959,moda-ropa,3.9,3,2026-01-05,comprado,negro,L,mujer
u0348,c1136,moda-accesorio,4.2,1,2026-07-12,comprado,amarillo,S,mujer
u0348,c1291,moda-accesorio,3.7,1,2026-06-18,comprado,rojo,M,mujer
u0349,c1502,moda-calzado,4.3,2,2026-11-12,comprado,azul,L,mujer
u0349,c0883,moda-ropa,3.9,7,2026-12-06,reservado->comprado,verde,XL,hombre
u0349,c1276,moda-calzado,3.8,4,2026-10-23,reservado->comprado,amarillo,XL,mujer
u0349,c0687,moda-ropa,4.4,1,2026-05-18,comprado,verde,L,hombre
u0349,c0824,moda-ropa,5.0,2,2026-01-25,comprado,rojo,M,hombre
u0349,c0295,moda-ropa,3.9,1,2026-12-27,comprado,azul,S,hombre
u0350,c0967,moda-ropa,4.3,1,2026-03-20,comprado,negro,44,mujer
u0350,c1174,moda-ropa,3.8,1,2026-01-24,comprado,verde,S,mujer
u0350,c1737,moda-ropa,2.8,1,2026-01-07,comprado,negro,48,mujer
u0350,c1562,moda-ropa,3.1,4,2026-09-23,reservado->comprado,multicolor,XL,mujer
u0350,c1611,moda-accesorio,2.8,3,2026-01-06,reservado->comprado,rosa,M,mujer
u0351,c0116,moda-ropa,4.0,2,2026-12-14,comprado,rojo,XL,hombre
u0351,c0447,moda-ropa,3.9,5,2026-10-22,reservado->comprado,rojo,L,hombre
u0351,c0904,moda-ropa,3.3,5,2026-10-17,reservado->comprado,rojo,M,hombre
u0351,c1046,moda-calzado,3.6,3,2026-06-07,reservado->comprado,beige,M,mujer
u0351,c0552,moda-ropa,3.8,1,2026-09-16,comprado,negro,M,hombre
u0351,c0799,moda-ropa,4.3,1,2026-01-15,comprado,varios,M,hombre
u0351,c1583,moda-calzado,4.5,1,2026-08-17,comprado,azul,L,mujer
u0351,c0609,moda-ropa,4.0,1,2026-03-24,comprado,multicolor,S,hombre
u0352,c1898,moda-ropa,5.0,1,2026-12-24,comprado,varios,M,mujer
u0352,c1073,moda-ropa,2.7,6,2026-06-14,reservado->comprado,negro,M,mujer
u0352,c1307,moda-accesorio,4.6,3,2026-02-01,comprado,rosa,M,mujer
u0352,c1344,moda-ropa,4.1,4,2026-01-23,reservado->comprado,rojo,M,mujer
u0352,c1276,moda-calzado,3.2,4,2026-02-20,reservado->comprado,amarillo,XL,mujer
u0353,c1577,moda-ropa,4.3,1,2026-11-16,comprado,negro,XL,mujer
u0353,c1717,moda-accesorio,5.0,2,2026-03-18,comprado,multicolor,M,mujer
u0353,c1892,moda-ropa,4.5,1,2026-05-04,comprado,negro,S,mujer
u0353,c1447,moda-accesorio,3.4,6,2026-10-11,reservado->comprado,negro,S,mujer
u0353,c1576,moda-calzado,4.4,1,2026-09-10,comprado,negro,XL,mujer
u0354,c1900,moda-ropa,3.7,1,2026-08-23,comprado,amarillo,M,mujer
u0354,c1106,moda-ropa,4.4,1,2026-06-20,comprado,morado,XL,mujer
u0354,c1570,moda-ropa,4.2,1,2026-11-17,comprado,varios,S,mujer
u0354,c1630,moda-calzado,3.4,3,2026-09-20,comprado,multicolor,XL,mujer
u0354,c1242,moda-ropa,4.0,1,2026-09-03,comprado,morado,38,mujer
u0354,c1096,moda-calzado,3.6,1,2026-03-02,comprado,beige,M,mujer
u0354,c1096,moda-calzado,3.1,3,2026-10-17,reservado->comprado,beige,M,mujer
u0354,c1419,moda-ropa,3.9,1,2026-04-25,comprado,multicolor,S,mujer
u0354,c1180,moda-ropa,4.6,1,2026-07-03,comprado,negro,S,mujer
u0354,c0962,moda-ropa,4.1,2,2026-08-28,comprado,varios,S,mujer
u0354,c1840,moda-ropa,4.0,3,2026-06-19,comprado,naranja,L,mujer
u0354,c0426,moda-ropa,3.5,3,2026-05-16,comprado,azul,L,hombre
u0355,c1552,moda-ropa,3.9,1,2026-01-13,comprado,blanco,L,mujer
u0355,c1343,moda-ropa,4.2,3,2026-12-19,comprado,rojo,S,mujer
u0355,c1046,moda-calzado,3.5,1,2026-01-10,comprado,beige,M,mujer
u0355,c1831,moda-ropa,3.9,5,2026-07-10,reservado->comprado,rosa,S,mujer
u0355,c1072,moda-ropa,3.3,2,2026-08-02,comprado,verde,S,mujer
u0356,c1221,moda-ropa,3.8,1,2026-06-10,comprado,café,M,mujer
u0356,c1498,moda-ropa,3.5,2,2026-02-14,comprado,rosa,M,mujer
u0356,c0963,moda-ropa,3.7,1,2026-05-06,comprado,negro,S,mujer
u0356,c1226,moda-calzado,4.1,2,2026-12-14,comprado,amarillo,XL,mujer
u0356,c1413,moda-ropa,2.9,7,2026-09-25,reservado->comprado,verde,S,mujer
u0357,c1298,moda-ropa,2.8,3,2026-04-22,reservado->comprado,azul,XS,mujer
u0357,c1717,moda-accesorio,3.4,4,2026-06-10,reservado->comprado,multicolor,M,mujer
u0357,c1835,moda-ropa,4.1,3,2026-03-07,comprado,rojo,M,mujer
u0357,c1306,moda-ropa,3.6,1,2026-08-01,comprado,rojo,L,mujer
u0357,c1312,moda-calzado,2.5,5,2026-11-03,reservado->comprado,amarillo,M,mujer
u0357,c1688,moda-accesorio,3.9,1,2026-05-08,comprado,rojo,L,mujer
u0358,c0371,moda-ropa,3.9,1,2026-09-28,comprado,rojo,S,hombre
u0358,c1134,moda-ropa,4.5,1,2026-03-25,comprado,verde,L,mujer
u0358,c1705,moda-ropa,4.2,1,2026-09-23,comprado,rojo,S,mujer
u0358,c1096,moda-calzado,4.4,3,2026-05-18,comprado,beige,M,mujer
u0358,c1401,moda-ropa,3.7,1,2026-05-15,comprado,blanco,L,mujer
u0358,c1480,moda-ropa,3.5,2,2026-06-23,comprado,negro,L,mujer
u0358,c1302,moda-ropa,3.8,5,2026-04-21,reservado->comprado,negro,M,mujer
u0358,c1125,moda-calzado,3.2,4,2026-02-25,reservado->comprado,verde,L,mujer
u0359,c1222,moda-ropa,4.1,1,2026-08-03,comprado,azul,XL,mujer
u0359,c1278,moda-accesorio,4.3,1,2026-02-19,comprado,multicolor,M,mujer
u0359,c1416,moda-ropa,3.9,3,2026-01-23,reservado->comprado,multicolor,S,mujer
u0359,c0914,moda-ropa,4.3,1,2026-11-24,comprado,verde,M,hombre
u0359,c1346,moda-ropa,3.9,6,2026-06-24,reservado->comprado,negro,S,mujer
u0359,c1031,moda-accesorio,4.9,1,2026-06-25,comprado,rosa,M,mujer
u0360,c1867,moda-calzado,4.4,1,2026-09-06,comprado,azul,M,mujer
u0360,c1191,moda-accesorio,4.1,1,2026-01-15,comprado,amarillo,M,mujer
u0360,c1495,moda-calzado,4.0,5,2026-11-26,reservado->comprado,negro,S,mujer
u0360,c1373,moda-ropa,4.6,1,2026-01-26,comprado,verde,M,mujer
u0361,c0079,moda-ropa,4.3,3,2026-05-01,comprado,negro,L,hombre
u0361,c0955,moda-accesorio,4.1,3,2026-02-23,comprado,morado,M,mujer
u0361,c1455,moda-accesorio,3.1,1,2026-05-15,comprado,azul,L,mujer
u0361,c0943,moda-ropa,4.6,2,2026-03-19,comprado,rojo,M,hombre
u0361,c0316,moda-ropa,3.3,4,2026-02-06,reservado->comprado,blanco,L,hombre
u0362,c0020,moda-ropa,4.4,5,2026-12-11,reservado->comprado,verde,L,hombre
u0362,c1749,moda-calzado,3.9,2,2026-01-20,comprado,rosa,S,mujer
u0362,c1258,moda-ropa,5.0,5,2026-04-21,reservado->comprado,rosa,XL,mujer
u0362,c0516,moda-ropa,4.2,3,2026-01-18,reservado->comprado,gris,L,hombre
u0363,c1031,moda-accesorio,5.0,1,2026-12-11,comprado,rosa,M,mujer
u0363,c1429,moda-accesorio,5.0,2,2026-12-09,comprado,amarillo,XL,mujer
u0363,c0552,moda-ropa,5.0,2,2026-09-14,comprado,negro,M,hombre
u0363,c1191,moda-accesorio,4.4,4,2026-06-04,reservado->comprado,amarillo,M,mujer
u0363,c0083,moda-ropa,3.9,2,2026-03-04,comprado,negro,18,hombre
u0363,c1291,moda-accesorio,5.0,3,2026-01-26,comprado,rojo,M,mujer
u0363,c0913,moda-ropa,4.5,2,2026-07-24,comprado,gris,M,hombre
u0364,c0666,moda-ropa,4.2,1,2026-11-23,comprado,verde,M,hombre
u0364,c1394,moda-ropa,4.1,1,2026-07-19,comprado,negro,S,mujer
u0364,c1717,moda-accesorio,3.5,1,2026-08-05,comprado,multicolor,M,mujer
u0364,c1802,moda-accesorio,3.7,1,2026-12-03,comprado,multicolor,XL,mujer
u0364,c1812,moda-ropa,4.3,1,2026-06-14,comprado,verde,XL,mujer
u0365,c0571,moda-ropa,3.4,4,2026-11-15,reservado->comprado,blanco,L,hombre
u0365,c1176,moda-accesorio,4.2,2,2026-10-12,comprado,verde,M,mujer
u0365,c1276,moda-calzado,4.5,1,2026-06-25,comprado,amarillo,XL,mujer
u0365,c0584,moda-ropa,3.7,1,2026-07-12,comprado,rojo,M,hombre
u0365,c1136,moda-accesorio,4.0,2,2026-12-22,comprado,amarillo,S,mujer
u0365,c1502,moda-calzado,3.7,5,2026-12-03,reservado->comprado,azul,L,mujer
u0365,c1307,moda-accesorio,3.2,3,2026-05-22,reservado->comprado,rosa,M,mujer
u0365,c0644,moda-ropa,4.9,1,2026-12-13,comprado,azul,M,hombre
u0365,c1458,moda-accesorio,5.0,1,2026-10-26,comprado,blanco,S,mujer
u0365,c0727,moda-ropa,3.9,1,2026-09-20,comprado,verde,XL,hombre
u0365,c1495,moda-calzado,4.4,3,2026-02-07,comprado,negro,S,mujer
u0365,c0644,moda-ropa,3.3,4,2026-11-18,reservado->comprado,azul,M,hombre
u0365,c0002,moda-ropa,4.4,1,2026-01-01,comprado,gris,S,hombre
u0365,c0389,moda-ropa,4.0,1,2026-08-22,comprado,varios,S,hombre
u0365,c1495,moda-calzado,3.8,1,2026-07-05,comprado,negro,S,mujer
u0365,c0468,moda-ropa,4.2,6,2026-02-26,reservado->comprado,rojo,M,hombre
u0365,c1096,moda-calzado,4.4,3,2026-05-23,comprado,beige,M,mujer
u0365,c1583,moda-calzado,4.0,1,2026-08-25,comprado,azul,L,mujer
u0366,c1717,moda-accesorio,3.9,5,2026-09-15,reservado->comprado,multicolor,M,mujer
u0366,c1278,moda-accesorio,4.1,1,2026-04-12,comprado,multicolor,M,mujer
u0366,c1744,moda-ropa,5.0,1,2026-08-10,comprado,varios,M,mujer
u0366,c1057,moda-ropa,4.7,2,2026-05-26,comprado,varios,S,mujer
u0366,c1734,moda-ropa,4.3,4,2026-05-02,reservado->comprado,verde,S,mujer
u0366,c1698,moda-ropa,3.9,2,2026-10-12,comprado,azul,M,mujer
u0367,c1502,moda-calzado,3.2,5,2026-04-25,reservado->comprado,azul,L,mujer
u0367,c1186,moda-ropa,4.0,5,2026-09-27,reservado->comprado,negro,M,mujer
u0367,c1370,moda-ropa,4.6,1,2026-12-27,comprado,verde,M,mujer
u0367,c1596,moda-ropa,5.0,1,2026-11-02,comprado,rosa,XL,mujer
u0367,c1409,moda-ropa,3.7,2,2026-07-01,comprado,negro,L,mujer
u0368,c0280,moda-ropa,3.3,4,2026-02-22,reservado->comprado,negro,M,hombre
u0368,c1867,moda-calzado,3.8,1,2026-07-01,comprado,azul,M,mujer
u0368,c0502,moda-ropa,2.7,5,2026-11-26,reservado->comprado,varios,M,hombre
u0368,c0430,moda-ropa,3.7,1,2026-01-22,comprado,verde,M,hombre
u0368,c0053,moda-ropa,3.3,3,2026-04-04,reservado->comprado,negro,M,hombre
u0368,c1630,moda-calzado,4.0,2,2026-12-28,comprado,multicolor,XL,mujer
u0368,c0892,moda-ropa,2.3,5,2026-10-03,reservado->comprado,azul,M,hombre
u0368,c0032,moda-ropa,4.4,2,2026-08-08,comprado,rojo,L,hombre
u0369,c1096,moda-calzado,4.3,3,2026-06-24,comprado,beige,M,mujer
u0369,c0077,moda-ropa,4.5,5,2026-05-24,reservado->comprado,azul,XL,hombre
u0369,c1390,moda-accesorio,4.1,5,2026-06-08,reservado->comprado,beige,XL,mujer
u0369,c1583,moda-calzado,3.5,3,2026-09-21,comprado,azul,L,mujer
u0369,c1145,moda-ropa,4.5,1,2026-03-16,comprado,morado,L,mujer
u0369,c1688,moda-accesorio,3.6,6,2026-02-28,reservado->comprado,rojo,L,mujer
u0370,c1591,moda-ropa,4.1,1,2026-01-07,comprado,amarillo,S,mujer
u0370,c0691,moda-ropa,3.6,1,2026-09-20,comprado,morado,S,hombre
u0370,c1592,moda-ropa,3.5,7,2026-10-17,reservado->comprado,negro,42,mujer
u0370,c0168,moda-ropa,2.8,5,2026-10-15,reservado->comprado,rosa,L,hombre
u0370,c1291,moda-accesorio,3.7,1,2026-04-02,comprado,rojo,M,mujer
u0370,c1181,moda-ropa,2.9,1,2026-10-22,comprado,rosa,S,mujer
u0371,c0341,moda-ropa,3.8,6,2026-02-21,reservado->comprado,verde,S,hombre
u0371,c0013,moda-ropa,4.6,2,2026-12-21,comprado,gris,L,hombre
u0371,c1495,moda-calzado,4.1,2,2026-02-27,comprado,negro,S,mujer
u0371,c0741,moda-ropa,4.0,2,2026-09-18,comprado,blanco,M,hombre
u0372,c0842,moda-ropa,4.8,1,2026-11-02,comprado,rojo,M,hombre
u0372,c1031,moda-accesorio,4.2,1,2026-04-16,comprado,rosa,M,mujer
u0372,c0790,moda-ropa,5.0,3,2026-10-04,comprado,rojo,XL,hombre
u0372,c1684,moda-ropa,4.7,1,2026-04-10,comprado,multicolor,M,mujer
u0372,c0618,moda-ropa,4.5,1,2026-12-12,comprado,varios,M,hombre
u0372,c0265,moda-ropa,3.7,6,2026-10-02,reservado->comprado,blanco,L,hombre
u0373,c1749,moda-calzado,4.2,1,2026-02-09,comprado,rosa,S,mujer
u0373,c0164,moda-calzado,3.1,2,2026-12-03,comprado,negro,L,hombre
u0373,c0586,moda-ropa,3.7,3,2026-08-28,comprado,blanco,XL,hombre
u0373,c1630,moda-calzado,3.2,1,2026-09-15,comprado,multicolor,XL,mujer
u0374,c0417,moda-ropa,4.1,1,2026-07-22,comprado,rojo,L,hombre
u0374,c0785,moda-ropa,3.7,6,2026-10-19,reservado->comprado,rojo,L,hombre
u0374,c1502,moda-calzado,4.5,3,2026-12-22,comprado,azul,L,mujer
u0374,c0315,moda-ropa,4.2,5,2026-02-25,reservado->comprado,blanco,M,hombre
u0374,c0901,moda-ropa,4.6,2,2026-01-06,comprado,rojo,XL,hombre
u0375,c0834,moda-ropa,3.7,6,2026-12-04,reservado->comprado,multicolor,M,hombre
u0375,c0792,moda-ropa,2.5,6,2026-01-17,reservado->comprado,azul,M,hombre
u0375,c0006,moda-ropa,2.7,3,2026-07-13,comprado,varios,M,hombre
u0375,c0017,moda-ropa,3.9,1,2026-08-22,comprado,azul,M,hombre
u0375,c0684,moda-ropa,3.1,2,2026-08-05,comprado,blanco,M,hombre
u0375,c0662,moda-ropa,3.9,1,2026-09-11,comprado,rojo,M,hombre
u0375,c1646,moda-ropa,3.6,5,2026-04-02,reservado->comprado,rojo,M,mujer
u0375,c0324,moda-ropa,3.7,3,2026-07-13,comprado,verde,S,hombre
u0376,c1683,moda-ropa,2.7,5,2026-08-16,reservado->comprado,negro,S,mujer
u0376,c0021,moda-ropa,4.2,1,2026-11-07,comprado,azul,M,hombre
u0376,c1251,moda-ropa,4.3,3,2026-05-03,comprado,varios,XL,mujer
u0376,c1312,moda-calzado,4.7,1,2026-05-15,comprado,amarillo,M,mujer
u0376,c0164,moda-calzado,4.5,2,2026-05-09,comprado,negro,L,hombre
u0376,c0115,moda-ropa,3.8,1,2026-09-01,comprado,azul,M,hombre
u0376,c1226,moda-calzado,4.0,2,2026-03-19,comprado,amarillo,XL,mujer
u0377,c1442,moda-ropa,4.3,3,2026-03-17,reservado->comprado,amarillo,L,mujer
u0377,c1630,moda-calzado,4.5,1,2026-03-04,comprado,multicolor,XL,mujer
u0377,c1502,moda-calzado,4.7,3,2026-09-06,comprado,azul,L,mujer
u0377,c1011,moda-accesorio,3.9,1,2026-06-07,comprado,rosa,L,mujer
u0377,c1602,moda-ropa,3.7,5,2026-09-23,reservado->comprado,amarillo,M,mujer
u0378,c0020,moda-ropa,4.1,1,2026-12-19,comprado,verde,L,hombre
u0378,c0900,moda-ropa,4.2,4,2026-06-27,reservado->comprado,rojo,M,hombre
u0378,c0014,moda-calzado,3.0,6,2026-08-19,reservado->comprado,blanco,L,hombre
u0378,c0941,moda-ropa,3.7,6,2026-02-06,reservado->comprado,rojo,M,hombre
u0378,c0803,moda-ropa,4.3,1,2026-10-01,comprado,blanco,M,hombre
u0379,c1630,moda-calzado,3.6,3,2026-11-13,comprado,multicolor,XL,mujer
u0379,c1630,moda-calzado,3.3,5,2026-01-15,reservado->comprado,multicolor,XL,mujer
u0379,c1071,moda-accesorio,3.5,3,2026-12-01,comprado,varios,XL,mujer
u0379,c0164,moda-calzado,4.0,1,2026-03-24,comprado,negro,L,hombre
u0379,c1214,moda-ropa,3.4,1,2026-02-16,comprado,verde,M,mujer
u0379,c1164,moda-ropa,4.1,3,2026-04-18,comprado,multicolor,S,mujer
u0379,c1291,moda-accesorio,4.1,1,2026-07-06,comprado,rojo,M,mujer
u0380,c1374,moda-ropa,3.8,3,2026-08-16,reservado->comprado,negro,M,mujer
u0380,c1822,moda-ropa,5.0,2,2026-08-23,comprado,blanco,L,mujer
u0380,c1312,moda-calzado,3.8,5,2026-12-04,reservado->comprado,amarillo,M,mujer
u0380,c1484,moda-ropa,4.3,6,2026-09-08,reservado->comprado,negro,S,mujer
u0380,c1868,moda-ropa,4.5,1,2026-09-18,comprado,blanco,M,mujer
u0381,c1838,moda-ropa,4.2,3,2026-11-10,comprado,rojo,L,mujer
u0381,c1535,moda-ropa,4.9,2,2026-02-17,comprado,rosa,S,mujer
u0381,c0924,moda-ropa,4.4,1,2026-05-07,comprado,verde,M,hombre
u0381,c1108,moda-accesorio,4.8,2,2026-06-03,comprado,verde,M,mujer
u0381,c1312,moda-calzado,5.0,1,2026-01-18,comprado,amarillo,M,mujer
u0381,c1244,moda-ropa,4.4,2,2026-12-02,comprado,multicolor,S,mujer
u0381,c1828,moda-ropa,4.2,1,2026-01-04,comprado,blanco,M,mujer
u0381,c1429,moda-accesorio,4.3,2,2026-07-27,comprado,amarillo,XL,mujer
u0382,c1127,moda-ropa,4.7,1,2026-01-14,comprado,morado,S,mujer
u0382,c1129,moda-ropa,3.5,1,2026-12-24,comprado,varios,L,mujer
u0382,c1400,moda-ropa,5.0,1,2026-02-21,comprado,negro,L,mujer
u0382,c1571,moda-ropa,5.0,1,2026-10-11,comprado,blanco,54,mujer
u0382,c1230,moda-ropa,4.2,1,2026-10-27,comprado,negro,M,mujer
u0382,c1261,moda-ropa,3.8,2,2026-12-26,comprado,café,L,mujer
u0382,c1226,moda-calzado,4.3,1,2026-04-23,comprado,amarillo,XL,mujer
u0383,c1071,moda-accesorio,5.0,1,2026-02-18,comprado,varios,XL,mujer
u0383,c1609,moda-ropa,4.9,2,2026-08-28,comprado,varios,S,mujer
u0383,c1491,moda-ropa,3.5,3,2026-08-18,reservado->comprado,blanco,54,mujer
u0383,c1843,moda-ropa,3.1,2,2026-09-21,comprado,negro,S,mujer
u0383,c1611,moda-accesorio,3.2,4,2026-04-08,reservado->comprado,rosa,M,mujer
u0384,c0663,moda-ropa,3.3,6,2026-08-10,reservado->comprado,rojo,M,hombre
u0384,c0451,moda-ropa,3.5,1,2026-11-23,comprado,rojo,L,hombre
u0384,c1226,moda-calzado,3.9,1,2026-08-16,comprado,amarillo,XL,mujer
u0384,c0795,moda-ropa,4.2,1,2026-10-23,comprado,rojo,L,hombre
u0384,c1576,moda-calzado,4.4,3,2026-05-08,comprado,negro,XL,mujer
u0384,c0005,moda-ropa,3.2,5,2026-12-05,reservado->comprado,negro,L,hombre
u0384,c1046,moda-calzado,4.0,2,2026-11-27,comprado,beige,M,mujer
u0385,c0666,moda-ropa,3.6,5,2026-07-05,reservado->comprado,verde,M,hombre
u0385,c0306,moda-ropa,4.5,1,2026-06-04,comprado,blanco,M,hombre
u0385,c1749,moda-calzado,3.6,6,2026-02-20,reservado->comprado,rosa,S,mujer
u0385,c0095,moda-ropa,4.3,1,2026-08-02,comprado,blanco,L,hombre
u0385,c1867,moda-calzado,4.5,5,2026-09-23,reservado->comprado,azul,M,mujer
u0385,c1567,moda-ropa,4.1,6,2026-03-12,reservado->comprado,rojo,M,mujer
u0386,c1341,moda-ropa,4.4,3,2026-10-02,comprado,negro,L,mujer
u0386,c1496,moda-ropa,3.8,1,2026-09-17,comprado,blanco,S,mujer
u0386,c1488,moda-ropa,3.2,5,2026-02-20,reservado->comprado,varios,XL,mujer
u0386,c1409,moda-ropa,3.5,5,2026-01-15,reservado->comprado,negro,L,mujer
u0386,c1441,moda-ropa,3.6,1,2026-05-01,comprado,naranja,M,mujer
u0386,c1317,moda-ropa,4.3,2,2026-08-02,comprado,multicolor,M,mujer
u0386,c0982,moda-accesorio,3.5,3,2026-05-23,reservado->comprado,verde,M,mujer
u0386,c1351,moda-ropa,3.7,3,2026-01-27,comprado,negro,L,mujer
u0387,c1071,moda-accesorio,4.2,1,2026-12-14,comprado,varios,XL,mujer
u0387,c1576,moda-calzado,3.7,1,2026-09-02,comprado,negro,XL,mujer
u0387,c1698,moda-ropa,3.9,1,2026-01-13,comprado,azul,M,mujer
u0387,c1447,moda-accesorio,2.4,6,2026-02-06,reservado->comprado,negro,S,mujer
u0387,c1226,moda-calzado,4.2,1,2026-09-10,comprado,amarillo,XL,mujer
u0388,c0704,moda-ropa,3.6,1,2026-04-15,comprado,rojo,M,hombre
u0388,c1312,moda-calzado,3.2,1,2026-10-20,comprado,amarillo,M,mujer
u0388,c1495,moda-calzado,3.7,1,2026-03-26,comprado,negro,S,mujer
u0388,c0185,moda-ropa,4.0,1,2026-11-13,comprado,blanco,M,hombre
u0388,c0250,moda-ropa,3.5,7,2026-07-22,reservado->comprado,rojo,L,hombre
u0389,c0893,moda-ropa,4.3,3,2026-05-06,comprado,rojo,M,hombre
u0389,c0755,moda-ropa,4.1,1,2026-04-24,comprado,blanco,M,hombre
u0389,c0889,moda-ropa,4.0,1,2026-04-18,comprado,multicolor,M,hombre
u0389,c0092,moda-ropa,4.3,1,2026-07-20,comprado,negro,XL,hombre
u0389,c1197,moda-ropa,4.1,2,2026-04-09,comprado,negro,42,mujer
u0389,c0955,moda-accesorio,4.6,1,2026-06-01,comprado,morado,M,mujer
u0389,c0875,moda-ropa,3.7,6,2026-12-14,reservado->comprado,negro,M,hombre
u0389,c0169,moda-ropa,3.7,7,2026-10-13,reservado->comprado,rosa,M,hombre
u0389,c1405,moda-ropa,3.8,1,2026-04-13,comprado,negro,S,mujer
u0389,c1107,moda-accesorio,4.3,2,2026-06-11,comprado,morado,M,mujer
u0389,c0076,moda-ropa,4.6,1,2026-01-12,comprado,negro,XL,hombre
u0389,c1784,moda-ropa,4.3,1,2026-08-17,comprado,azul,36,mujer
u0389,c1737,moda-ropa,4.7,2,2026-10-07,comprado,negro,48,mujer
u0389,c0451,moda-ropa,4.7,1,2026-07-13,comprado,rojo,L,hombre
u0389,c1669,moda-accesorio,4.3,1,2026-04-20,comprado,varios,M,mujer
u0389,c0422,moda-ropa,4.0,1,2026-10-25,comprado,multicolor,M,hombre
u0390,c1088,moda-ropa,4.2,1,2026-12-02,comprado,negro,M,mujer
u0390,c1579,moda-ropa,4.5,2,2026-05-05,comprado,azul,S,mujer
u0390,c1616,moda-ropa,4.6,3,2026-10-17,comprado,negro,42,mujer
u0390,c1867,moda-calzado,3.7,1,2026-07-25,comprado,azul,M,mujer
u0390,c1749,moda-calzado,4.4,2,2026-03-04,comprado,rosa,S,mujer
u0390,c1478,moda-ropa,3.8,1,2026-03-12,comprado,verde,L,mujer
u0390,c1258,moda-ropa,3.5,5,2026-12-24,reservado->comprado,rosa,XL,mujer
u0390,c1382,moda-ropa,4.2,1,2026-06-02,comprado,azul,S,mujer
u0390,c1343,moda-ropa,4.7,1,2026-02-26,comprado,rojo,S,mujer
u0390,c1895,moda-ropa,3.7,2,2026-07-19,comprado,verde,M,mujer
u0390,c1046,moda-calzado,3.6,2,2026-04-12,comprado,beige,M,mujer
u0390,c1576,moda-calzado,4.4,5,2026-10-26,reservado->comprado,negro,XL,mujer
u0390,c0955,moda-accesorio,4.2,2,2026-03-05,comprado,morado,M,mujer
u0390,c1829,moda-ropa,4.4,1,2026-08-03,comprado,multicolor,M,mujer
u0390,c1046,moda-calzado,4.0,1,2026-07-10,comprado,beige,M,mujer
u0390,c1604,moda-ropa,4.7,2,2026-05-16,comprado,multicolor,L,mujer
u0390,c1626,moda-ropa,3.1,5,2026-12-03,reservado->comprado,negro,L,mujer
u0390,c1867,moda-calzado,4.2,6,2026-03-13,reservado->comprado,azul,M,mujer
u0390,c1318,moda-ropa,3.7,6,2026-11-01,reservado->comprado,rojo,S,mujer
u0390,c1583,moda-calzado,4.3,2,2026-02-21,comprado,azul,L,mujer
u0390,c1312,moda-calzado,3.4,1,2026-03-12,comprado,amarillo,M,mujer
u0390,c1012,moda-ropa,3.9,3,2026-03-20,comprado,varios,S,mujer
u0390,c1429,moda-accesorio,4.3,3,2026-01-18,comprado,amarillo,XL,mujer
u0390,c1282,moda-ropa,3.3,6,2026-06-07,reservado->comprado,multicolor,M,mujer
u0390,c1324,moda-ropa,4.3,2,2026-08-27,comprado,varios,L,mujer
u0390,c1460,moda-ropa,3.9,4,2026-10-04,reservado->comprado,azul,L,mujer
u0390,c1281,moda-ropa,3.9,3,2026-10-22,comprado,gris,L,mujer
u0390,c1546,moda-ropa,4.4,2,2026-12-27,comprado,negro,34,mujer
u0390,c0321,moda-ropa,4.5,1,2026-07-12,comprado,negro,XL,hombre
u0390,c1617,moda-ropa,3.9,1,2026-11-14,comprado,multicolor,L,mujer
u0390,c1583,moda-calzado,4.6,3,2026-04-18,comprado,azul,L,mujer
u0390,c0689,moda-ropa,3.6,7,2026-06-16,reservado->comprado,rojo,M,hombre
u0390,c1228,moda-ropa,3.8,1,2026-11-08,comprado,azul,XL,mujer
u0390,c0004,moda-ropa,4.0,4,2026-04-26,reservado->comprado,negro,XL,hombre
u0390,c1630,moda-calzado,3.9,1,2026-08-15,comprado,multicolor,XL,mujer
u0390,c1583,moda-calzado,4.5,2,2026-05-15,comprado,azul,L,mujer
u0390,c1828,moda-ropa,3.5,4,2026-11-02,reservado->comprado,blanco,M,mujer
u0391,c1176,moda-accesorio,3.7,1,2026-04-25,comprado,verde,M,mujer
u0391,c0901,moda-ropa,4.5,3,2026-09-17,comprado,rojo,XL,hombre
u0391,c0240,moda-ropa,4.1,3,2026-08-14,comprado,rosa,L,hombre
u0391,c0218,moda-ropa,3.5,4,2026-08-11,reservado->comprado,rojo,XL,hombre
u0391,c0829,moda-ropa,4.1,2,2026-05-08,comprado,azul,S,hombre
u0391,c0461,moda-ropa,4.6,2,2026-02-16,comprado,rojo,M,hombre
u0391,c0487,moda-ropa,4.5,1,2026-07-04,comprado,amarillo,S,hombre
u0391,c0797,moda-ropa,4.2,2,2026-06-06,comprado,negro,M,hombre
u0391,c1606,moda-ropa,4.1,2,2026-05-08,comprado,azul,S,mujer
u0391,c1278,moda-accesorio,4.2,3,2026-04-07,comprado,multicolor,M,mujer
u0392,c1782,moda-ropa,5.0,3,2026-06-22,comprado,negro,S,mujer
u0392,c1145,moda-ropa,4.5,1,2026-09-09,comprado,morado,L,mujer
u0392,c1170,moda-ropa,4.0,2,2026-04-18,comprado,negro,M,mujer
u0392,c1065,moda-ropa,3.6,4,2026-02-16,reservado->comprado,blanco,L,mujer
u0392,c1003,moda-ropa,4.8,1,2026-05-09,comprado,negro,L,mujer
u0393,c1600,moda-ropa,4.0,2,2026-08-11,comprado,naranja,L,mujer
u0393,c1858,moda-ropa,3.7,1,2026-07-08,comprado,verde,M,mujer
u0393,c1888,moda-ropa,4.6,1,2026-09-03,comprado,negro,S,mujer
u0393,c1441,moda-ropa,3.9,1,2026-03-08,comprado,naranja,M,mujer
u0393,c1405,moda-ropa,3.6,4,2026-01-10,reservado->comprado,negro,S,mujer
u0393,c1301,moda-accesorio,3.7,1,2026-04-13,comprado,negro,S,mujer
u0393,c1259,moda-ropa,3.9,1,2026-07-23,comprado,azul,S,mujer
u0393,c1671,moda-accesorio,3.8,3,2026-12-21,comprado,rosa,M,mujer
u0394,c0325,moda-ropa,4.4,2,2026-06-28,comprado,azul,M,hombre
u0394,c1583,moda-calzado,4.1,2,2026-05-08,comprado,azul,L,mujer
u0394,c1363,moda-ropa,4.1,2,2026-03-21,comprado,naranja,M,mujer
u0394,c1748,moda-ropa,3.4,1,2026-01-02,comprado,negro,M,mujer
u0394,c1630,moda-calzado,4.3,1,2026-12-15,comprado,multicolor,XL,mujer
u0394,c1046,moda-calzado,4.4,2,2026-01-16,comprado,beige,M,mujer
u0395,c1050,moda-ropa,3.5,1,2026-02-02,comprado,negro,S,mujer
u0395,c1021,moda-accesorio,4.0,1,2026-10-09,comprado,rojo,XL,mujer
u0395,c1830,moda-ropa,3.9,3,2026-05-14,comprado,negro,L,mujer
u0395,c1013,moda-ropa,3.8,1,2026-08-07,comprado,verde,L,mujer
u0395,c1576,moda-calzado,3.0,4,2026-03-28,reservado->comprado,negro,XL,mujer
u0396,c1130,moda-ropa,3.6,5,2026-12-01,reservado->comprado,negro,L,mujer
u0396,c1107,moda-accesorio,3.6,2,2026-05-14,comprado,morado,M,mujer
u0396,c1502,moda-calzado,4.2,1,2026-08-14,comprado,azul,L,mujer
u0396,c1377,moda-ropa,4.3,1,2026-12-22,comprado,multicolor,L,mujer
u0396,c1749,moda-calzado,4.2,1,2026-09-06,comprado,rosa,S,mujer
u0396,c1792,moda-ropa,4.9,1,2026-11-08,comprado,naranja,L,mujer
u0396,c1495,moda-calzado,4.1,2,2026-09-13,comprado,negro,S,mujer
u0396,c1611,moda-accesorio,4.2,1,2026-05-08,comprado,rosa,M,mujer
u0397,c0877,moda-ropa,4.1,1,2026-03-08,comprado,varios,XL,hombre
u0397,c0685,moda-ropa,2.9,4,2026-12-16,reservado->comprado,blanco,M,hombre
u0397,c0362,moda-ropa,4.0,2,2026-12-01,comprado,negro,M,hombre
u0397,c0097,moda-ropa,3.6,1,2026-05-14,comprado,verde,M,hombre
u0397,c0932,moda-ropa,4.2,2,2026-02-06,comprado,amarillo,L,hombre
u0398,c1484,moda-ropa,3.4,1,2026-09-28,comprado,negro,S,mujer
u0398,c1352,moda-ropa,4.4,2,2026-02-06,comprado,multicolor,M,mujer
u0398,c0041,moda-ropa,4.1,1,2026-11-01,comprado,negro,M,hombre
u0398,c1559,moda-ropa,4.3,1,2026-07-19,comprado,negro,M,mujer
u0398,c1125,moda-calzado,4.7,1,2026-12-22,comprado,verde,L,mujer
u0399,c1203,moda-ropa,4.6,2,2026-05-14,comprado,negro,L,mujer
u0399,c0359,moda-ropa,4.2,2,2026-09-08,comprado,varios,L,hombre
u0399,c0221,moda-ropa,4.3,1,2026-06-22,comprado,azul,M,hombre
u0399,c1824,moda-ropa,2.6,3,2026-12-07,reservado->comprado,morado,L,mujer
u0399,c1307,moda-accesorio,4.0,1,2026-08-12,comprado,rosa,M,mujer
u0400,c0292,moda-ropa,5.0,2,2026-01-08,comprado,blanco,M,hombre
u0400,c0214,moda-ropa,3.6,4,2026-09-20,reservado->comprado,varios,L,hombre
u0400,c1215,moda-ropa,3.6,3,2026-01-18,reservado->comprado,verde,S,mujer
u0400,c0586,moda-ropa,5.0,2,2026-12-15,comprado,blanco,XL,hombre
u0400,c0793,moda-ropa,4.7,7,2026-05-27,reservado->comprado,blanco,L,hombre
u0400,c0797,moda-ropa,4.3,1,2026-11-21,comprado,negro,M,hombre
u0401,c1896,moda-ropa,3.9,1,2026-05-08,comprado,rosa,L,mujer
u0401,c1390,moda-accesorio,3.3,5,2026-03-15,reservado->comprado,beige,XL,mujer
u0401,c1514,moda-ropa,3.2,5,2026-01-09,reservado->comprado,negro,M,mujer
u0401,c1071,moda-accesorio,3.8,3,2026-02-12,comprado,varios,XL,mujer
u0401,c0955,moda-accesorio,3.3,2,2026-07-25,comprado,morado,M,mujer
u0401,c1642,moda-ropa,3.5,1,2026-09-05,comprado,azul,XL,mujer
u0402,c0040,moda-ropa,3.7,1,2026-01-12,comprado,negro,XL,hombre
u0402,c1365,moda-ropa,4.2,2,2026-09-24,comprado,verde,M,mujer
u0402,c1458,moda-accesorio,4.3,2,2026-10-15,comprado,blanco,S,mujer
u0402,c1391,moda-ropa,4.1,2,2026-04-04,comprado,azul,S,mujer
u0402,c1418,moda-ropa,4.2,1,2026-09-13,comprado,negro,M,mujer
u0403,c0487,moda-ropa,3.1,2,2026-09-21,comprado,amarillo,S,hombre
u0403,c1176,moda-accesorio,5.0,2,2026-12-23,comprado,verde,M,mujer
u0403,c0411,moda-ropa,4.2,1,2026-10-09,comprado,negro,S,hombre
u0403,c0080,moda-ropa,4.2,2,2026-11-02,comprado,negro,L,hombre
u0403,c1108,moda-accesorio,3.5,2,2026-07-20,comprado,verde,M,mujer
u0403,c0056,moda-ropa,4.8,1,2026-08-22,comprado,azul,XL,hombre
u0404,c1096,moda-calzado,3.4,2,2026-05-20,comprado,beige,M,mujer
u0404,c1125,moda-calzado,4.1,1,2026-02-26,comprado,verde,L,mujer
u0404,c0011,moda-ropa,3.7,4,2026-01-18,reservado->comprado,blanco,S,hombre
u0404,c1739,moda-ropa,3.7,5,2026-04-22,reservado->comprado,azul,M,mujer
u0404,c1351,moda-ropa,4.8,2,2026-08-07,comprado,negro,L,mujer
u0404,c1354,moda-ropa,4.4,2,2026-10-04,comprado,negro,M,mujer
u0404,c0386,moda-ropa,3.7,1,2026-09-15,comprado,rosa,L,hombre
u0404,c1365,moda-ropa,4.1,1,2026-11-07,comprado,verde,M,mujer
u0405,c0465,moda-ropa,4.4,2,2026-01-28,comprado,blanco,M,hombre
u0405,c1253,moda-ropa,4.7,2,2026-06-12,comprado,verde,M,mujer
u0405,c1502,moda-calzado,4.6,1,2026-07-17,comprado,azul,L,mujer
u0405,c1741,moda-ropa,4.4,1,2026-12-28,comprado,azul,L,mujer
u0405,c0292,moda-ropa,3.5,3,2026-02-01,reservado->comprado,blanco,M,hombre
u0406,c0410,moda-ropa,2.9,3,2026-04-21,reservado->comprado,negro,XL,hombre
u0406,c0870,moda-ropa,2.9,4,2026-04-14,reservado->comprado,blanco,XL,hombre
u0406,c1455,moda-accesorio,4.1,3,2026-11-17,comprado,azul,L,mujer
u0406,c0678,moda-ropa,3.2,1,2026-11-10,comprado,blanco,M,hombre
u0406,c0009,moda-ropa,3.8,1,2026-07-23,comprado,blanco,XL,hombre
u0406,c1176,moda-accesorio,3.6,1,2026-11-07,comprado,verde,M,mujer
u0407,c1046,moda-calzado,4.0,2,2026-01-20,comprado,beige,M,mujer
u0407,c1458,moda-accesorio,4.0,5,2026-10-20,reservado->comprado,blanco,S,mujer
u0407,c1226,moda-calzado,4.2,3,2026-05-04,comprado,amarillo,XL,mujer
u0407,c1611,moda-accesorio,3.7,1,2026-11-25,comprado,rosa,M,mujer
u0407,c0164,moda-calzado,5.0,1,2026-02-17,comprado,negro,L,hombre
u0408,c0634,moda-ropa,4.1,3,2026-04-17,comprado,azul,M,hombre
u0408,c1502,moda-calzado,4.0,2,2026-05-27,comprado,azul,L,mujer
u0408,c0294,moda-ropa,3.7,2,2026-12-27,comprado,negro,XL,hombre
u0408,c0085,moda-ropa,3.4,1,2026-07-26,comprado,azul,S,hombre
u0408,c0079,moda-ropa,2.9,4,2026-04-07,reservado->comprado,negro,L,hombre
u0409,c0472,moda-ropa,4.5,1,2026-09-10,comprado,rosa,L,hombre
u0409,c1276,moda-calzado,4.2,3,2026-02-16,reservado->comprado,amarillo,XL,mujer
u0409,c1583,moda-calzado,4.1,1,2026-02-02,comprado,azul,L,mujer
u0409,c1688,moda-accesorio,4.6,1,2026-03-06,comprado,rojo,L,mujer
u0409,c1611,moda-accesorio,3.9,2,2026-04-03,comprado,rosa,M,mujer
u0409,c1096,moda-calzado,4.2,2,2026-01-26,comprado,beige,M,mujer
u0409,c1749,moda-calzado,3.9,1,2026-06-07,comprado,rosa,S,mujer
u0410,c1012,moda-ropa,4.1,3,2026-11-13,comprado,varios,S,mujer
u0410,c1501,moda-ropa,4.3,4,2026-11-10,reservado->comprado,varios,L,mujer
u0410,c0955,moda-accesorio,3.7,4,2026-06-12,reservado->comprado,morado,M,mujer
u0410,c1238,moda-ropa,4.6,1,2026-06-21,comprado,verde,XL,mujer
u0410,c0969,moda-ropa,4.6,6,2026-10-20,reservado->comprado,naranja,M,mujer
u0410,c1795,moda-ropa,4.1,1,2026-06-17,comprado,verde,XL,mujer
u0410,c1522,moda-ropa,3.6,1,2026-08-09,comprado,azul,XS,mujer
u0410,c0334,moda-ropa,3.7,5,2026-02-12,reservado->comprado,rojo,M,hombre
u0410,c0991,moda-ropa,4.8,3,2026-11-20,comprado,negro,L,mujer
u0410,c1556,moda-ropa,3.9,1,2026-10-10,comprado,blanco,L,mujer
u0410,c0979,moda-ropa,3.8,3,2026-12-10,reservado->comprado,verde,M,mujer
u0410,c1829,moda-ropa,3.7,6,2026-12-17,reservado->comprado,multicolor,M,mujer
u0410,c1717,moda-accesorio,3.5,5,2026-11-25,reservado->comprado,multicolor,M,mujer
u0410,c1357,moda-ropa,4.6,2,2026-10-02,comprado,negro,M,mujer
u0410,c1759,moda-ropa,3.9,2,2026-11-12,comprado,negro,L,mujer
u0410,c1740,moda-ropa,4.0,2,2026-11-10,comprado,multicolor,M,mujer
u0410,c0056,moda-ropa,4.6,1,2026-01-23,comprado,azul,XL,hombre
u0410,c1460,moda-ropa,4.6,1,2026-01-09,comprado,azul,L,mujer
u0410,c1688,moda-accesorio,5.0,1,2026-02-09,comprado,rojo,L,mujer
u0410,c1338,moda-ropa,3.9,1,2026-08-16,comprado,azul,XL,mujer
u0410,c1461,moda-ropa,5.0,1,2026-10-07,comprado,varios,XL,mujer
u0410,c0409,moda-ropa,3.9,4,2026-01-04,reservado->comprado,blanco,M,hombre
u0410,c1349,moda-ropa,4.6,1,2026-01-08,comprado,negro,M,mujer
u0410,c1028,moda-ropa,4.6,5,2026-06-03,reservado->comprado,verde,M,mujer
u0411,c1846,moda-ropa,4.3,1,2026-09-08,comprado,azul,M,mujer
u0411,c1612,moda-ropa,4.3,2,2026-05-04,comprado,negro,S,mujer
u0411,c1246,moda-ropa,3.9,3,2026-09-10,comprado,rosa,M,mujer
u0411,c1513,moda-ropa,3.7,3,2026-01-12,comprado,naranja,XS,mujer
u0411,c1760,moda-ropa,3.2,3,2026-02-03,reservado->comprado,naranja,XL,mujer
u0411,c1611,moda-accesorio,4.6,1,2026-03-11,comprado,rosa,M,mujer
u0411,c1889,moda-ropa,4.5,1,2026-06-13,comprado,varios,L,mujer
u0412,c1390,moda-accesorio,4.2,1,2026-03-25,comprado,beige,XL,mujer
u0412,c1583,moda-calzado,2.9,2,2026-12-04,comprado,azul,L,mujer
u0412,c0523,moda-ropa,3.5,1,2026-12-10,comprado,verde,M,hombre
u0412,c0301,moda-ropa,3.9,2,2026-07-06,comprado,verde,L,hombre
u0412,c1688,moda-accesorio,3.9,3,2026-09-02,comprado,rojo,L,mujer
u0413,c1291,moda-accesorio,2.7,4,2026-01-22,reservado->comprado,rojo,M,mujer
u0413,c0212,moda-ropa,4.0,1,2026-12-23,comprado,blanco,M,hombre
u0413,c1010,moda-ropa,2.6,3,2026-02-06,reservado->comprado,negro,M,mujer
u0413,c1160,moda-ropa,3.7,1,2026-02-20,comprado,naranja,S,mujer
u0413,c0955,moda-accesorio,2.6,6,2026-06-01,reservado->comprado,morado,M,mujer
u0413,c0136,moda-ropa,3.2,4,2026-07-10,reservado->comprado,azul,L,hombre
u0414,c0668,moda-ropa,3.8,2,2026-06-01,comprado,blanco,M,hombre
u0414,c1671,moda-accesorio,4.0,2,2026-04-15,comprado,rosa,M,mujer
u0414,c0878,moda-ropa,5.0,1,2026-02-19,comprado,naranja,M,hombre
u0414,c1046,moda-calzado,4.2,2,2026-09-09,comprado,beige,M,mujer
u0414,c0237,moda-ropa,4.1,2,2026-11-17,comprado,verde,S,hombre
u0415,c0316,moda-ropa,3.4,2,2026-01-12,comprado,blanco,L,hombre
u0415,c0982,moda-accesorio,3.5,1,2026-12-13,comprado,verde,M,mujer
u0415,c0096,moda-ropa,3.3,1,2026-06-09,comprado,rojo,M,hombre
u0415,c1125,moda-calzado,3.6,2,2026-11-12,comprado,verde,L,mujer
u0415,c1576,moda-calzado,3.6,4,2026-07-03,reservado->comprado,negro,XL,mujer
u0416,c1291,moda-accesorio,4.3,1,2026-07-20,comprado,rojo,M,mujer
u0416,c1699,moda-ropa,3.8,1,2026-09-27,comprado,azul,XL,mujer
u0416,c0294,moda-ropa,4.0,4,2026-09-23,reservado->comprado,negro,XL,hombre
u0416,c1278,moda-accesorio,4.2,1,2026-03-01,comprado,multicolor,M,mujer
u0416,c0902,moda-ropa,4.4,1,2026-07-28,comprado,rojo,M,hombre
u0416,c0807,moda-ropa,4.6,1,2026-01-14,comprado,rojo,L,hombre
u0416,c0847,moda-ropa,3.2,1,2026-01-01,comprado,rojo,S,hombre
u0416,c1458,moda-accesorio,2.9,4,2026-11-15,reservado->comprado,blanco,S,mujer
u0417,c1307,moda-accesorio,3.2,4,2026-05-19,reservado->comprado,rosa,M,mujer
u0417,c0552,moda-ropa,3.9,1,2026-04-28,comprado,negro,M,hombre
u0417,c1060,moda-ropa,3.5,5,2026-08-08,reservado->comprado,negro,M,mujer
u0417,c1544,moda-ropa,4.1,1,2026-11-28,comprado,varios,35,mujer
u0417,c1191,moda-accesorio,3.6,6,2026-03-20,reservado->comprado,amarillo,M,mujer
u0417,c1010,moda-ropa,3.6,3,2026-10-08,comprado,negro,M,mujer
u0417,c1618,moda-ropa,3.3,3,2026-10-19,reservado->comprado,azul,L,mujer
u0417,c1891,moda-accesorio,3.5,2,2026-11-28,comprado,multicolor,M,mujer
u0417,c1065,moda-ropa,3.5,1,2026-10-03,comprado,blanco,L,mujer
u0418,c1495,moda-calzado,3.8,2,2026-07-28,comprado,negro,S,mujer
u0418,c1136,moda-accesorio,3.5,1,2026-03-23,comprado,amarillo,S,mujer
u0418,c1630,moda-calzado,3.4,4,2026-05-25,reservado->comprado,multicolor,XL,mujer
u0418,c1583,moda-calzado,3.9,2,2026-01-27,comprado,azul,L,mujer
u0418,c0107,moda-ropa,4.7,1,2026-11-19,comprado,rojo,S,hombre
u0418,c1688,moda-accesorio,4.1,1,2026-05-16,comprado,rojo,L,mujer
u0419,c0616,moda-ropa,3.8,3,2026-10-21,comprado,azul,S,hombre
u0419,c0641,moda-ropa,4.6,3,2026-06-11,comprado,azul,L,hombre
u0419,c0568,moda-ropa,3.9,1,2026-04-26,comprado,azul,M,hombre
u0419,c0662,moda-ropa,4.0,1,2026-06-10,comprado,rojo,M,hombre
u0419,c1905,moda-ropa,3.9,2,2026-09-24,comprado,azul,M,mujer
u0420,c1863,moda-ropa,4.0,2,2026-05-18,comprado,azul,39,mujer
u0420,c1096,moda-calzado,2.9,4,2026-02-15,reservado->comprado,beige,M,mujer
u0420,c1367,moda-ropa,4.7,2,2026-06-19,comprado,blanco,M,mujer
u0420,c1328,moda-ropa,4.7,1,2026-08-27,comprado,azul,S,mujer
u0420,c1783,moda-ropa,4.0,1,2026-07-08,comprado,rojo,M,mujer
u0421,c0955,moda-accesorio,3.8,3,2026-09-22,reservado->comprado,morado,M,mujer
u0421,c0216,moda-ropa,3.2,3,2026-07-04,reservado->comprado,rojo,M,hombre
u0421,c0552,moda-ropa,4.8,1,2026-01-07,comprado,negro,M,hombre
u0421,c0892,moda-ropa,4.9,1,2026-03-02,comprado,azul,M,hombre
u0421,c0086,moda-ropa,3.5,5,2026-04-04,reservado->comprado,negro,L,hombre
u0421,c1301,moda-accesorio,4.8,3,2026-09-26,comprado,negro,S,mujer
u0421,c0878,moda-ropa,4.1,3,2026-08-10,reservado->comprado,naranja,M,hombre
u0422,c1276,moda-calzado,3.4,5,2026-02-21,reservado->comprado,amarillo,XL,mujer
u0422,c0577,moda-ropa,4.9,2,2026-02-11,comprado,verde,S,hombre
u0422,c0024,moda-ropa,4.3,5,2026-01-28,reservado->comprado,negro,XL,hombre
u0422,c1576,moda-calzado,4.5,2,2026-07-05,comprado,negro,XL,mujer
u0422,c1630,moda-calzado,4.2,2,2026-04-15,comprado,multicolor,XL,mujer
u0423,c1036,moda-accesorio,4.2,2,2026-01-12,comprado,verde,L,mujer
u0423,c0943,moda-ropa,4.1,1,2026-03-10,comprado,rojo,M,hombre
u0423,c0430,moda-ropa,3.4,3,2026-07-04,comprado,verde,M,hombre
u0423,c0582,moda-ropa,4.0,1,2026-06-26,comprado,azul,S,hombre
u0423,c1143,moda-ropa,3.8,2,2026-03-20,comprado,verde,37,mujer
u0423,c0056,moda-ropa,3.8,2,2026-05-08,comprado,azul,XL,hombre
u0424,c0014,moda-calzado,4.3,2,2026-09-13,comprado,blanco,L,hombre
u0424,c1235,moda-ropa,3.6,3,2026-03-13,reservado->comprado,multicolor,M,mujer
u0424,c1191,moda-accesorio,3.8,5,2026-06-20,reservado->comprado,amarillo,M,mujer
u0424,c1669,moda-accesorio,4.3,2,2026-07-22,comprado,varios,M,mujer
u0424,c1390,moda-accesorio,4.1,1,2026-11-02,comprado,beige,XL,mujer
u0424,c1371,moda-ropa,3.3,1,2026-12-09,comprado,azul,XL,mujer
u0424,c1630,moda-calzado,4.6,3,2026-07-27,comprado,multicolor,XL,mujer
u0425,c1721,moda-ropa,4.6,1,2026-02-26,comprado,rosa,L,mujer
u0425,c1725,moda-ropa,4.8,2,2026-11-05,comprado,gris,M,mujer
u0425,c1543,moda-ropa,3.6,5,2026-05-26,reservado->comprado,rojo,L,mujer
u0425,c1891,moda-accesorio,3.9,3,2026-04-05,comprado,multicolor,M,mujer
u0425,c1905,moda-ropa,4.2,1,2026-08-16,comprado,azul,M,mujer
u0426,c0886,moda-ropa,4.3,4,2026-06-08,reservado->comprado,azul,M,hombre
u0426,c0791,moda-ropa,4.2,2,2026-03-03,comprado,rojo,M,hombre
u0426,c1277,moda-ropa,4.3,4,2026-04-25,reservado->comprado,varios,S,mujer
u0426,c0013,moda-ropa,3.7,2,2026-03-27,comprado,gris,L,hombre
u0426,c1093,moda-ropa,4.3,2,2026-04-27,comprado,verde,L,mujer
u0426,c1583,moda-calzado,4.0,1,2026-06-23,comprado,azul,L,mujer
u0427,c0426,moda-ropa,4.0,3,2026-02-03,comprado,azul,L,hombre
u0427,c1749,moda-calzado,4.2,2,2026-03-17,comprado,rosa,S,mujer
u0427,c1125,moda-calzado,3.1,1,2026-05-24,comprado,verde,L,mujer
u0427,c1713,moda-ropa,2.7,5,2026-09-13,reservado->comprado,negro,M,mujer
u0427,c0014,moda-calzado,3.4,2,2026-05-22,comprado,blanco,L,hombre
u0428,c0593,moda-ropa,4.6,2,2026-01-21,comprado,rojo,L,hombre
u0428,c1583,moda-calzado,4.1,1,2026-05-17,comprado,azul,L,mujer
u0428,c1583,moda-calzado,3.9,1,2026-11-25,comprado,azul,L,mujer
u0428,c0679,moda-ropa,3.4,5,2026-03-02,reservado->comprado,naranja,M,hombre
u0428,c0168,moda-ropa,4.0,1,2026-03-27,comprado,rosa,L,hombre
u0428,c0850,moda-ropa,2.9,5,2026-01-07,reservado->comprado,negro,S,hombre
u0429,c0973,moda-ropa,5.0,3,2026-12-25,comprado,negro,M,mujer
u0429,c1891,moda-accesorio,4.2,6,2026-05-18,reservado->comprado,multicolor,M,mujer
u0429,c0995,moda-ropa,4.5,1,2026-03-17,comprado,blanco,M,mujer
u0429,c1114,moda-ropa,4.5,1,2026-02-17,comprado,naranja,XS,mujer
u0429,c1799,moda-ropa,5.0,2,2026-04-26,comprado,negro,M,mujer
u0429,c1773,moda-ropa,4.1,1,2026-10-12,comprado,negro,S,mujer
u0430,c1243,moda-ropa,3.9,1,2026-12-19,comprado,negro,M,mujer
u0430,c0955,moda-accesorio,3.6,1,2026-06-11,comprado,morado,M,mujer
u0430,c0526,moda-ropa,2.9,2,2026-12-18,comprado,beige,L,hombre
u0430,c1021,moda-accesorio,3.9,3,2026-09-17,reservado->comprado,rojo,XL,mujer
u0430,c1780,moda-ropa,3.8,1,2026-09-07,comprado,azul,L,mujer
u0430,c1390,moda-accesorio,3.6,1,2026-09-22,comprado,beige,XL,mujer
u0430,c1320,moda-ropa,3.4,1,2026-05-02,comprado,negro,L,mujer
u0430,c0589,moda-ropa,3.5,1,2026-01-12,comprado,rosa,L,hombre
u0430,c1717,moda-accesorio,3.6,2,2026-11-20,comprado,multicolor,M,mujer
u0430,c0709,moda-ropa,3.8,3,2026-02-27,comprado,azul,S,hombre
u0431,c0567,moda-ropa,3.3,1,2026-03-04,comprado,negro,L,hombre
u0431,c0411,moda-ropa,4.4,1,2026-09-18,comprado,negro,S,hombre
u0431,c1125,moda-calzado,3.1,6,2026-07-09,reservado->comprado,verde,L,mujer
u0431,c1157,moda-ropa,3.7,1,2026-11-04,comprado,negro,XL,mujer
u0431,c1776,moda-ropa,4.0,1,2026-06-22,comprado,amarillo,L,mujer
u0432,c1634,moda-ropa,3.8,2,2026-03-16,comprado,naranja,XS,mujer
u0432,c1812,moda-ropa,2.8,1,2026-09-15,comprado,verde,XL,mujer
u0432,c1756,moda-ropa,3.7,1,2026-04-04,comprado,azul,M,mujer
u0432,c1748,moda-ropa,3.5,1,2026-12-13,comprado,negro,M,mujer
u0432,c1425,moda-ropa,4.0,2,2026-05-23,comprado,multicolor,M,mujer
u0433,c1071,moda-accesorio,4.0,3,2026-08-18,comprado,varios,XL,mujer
u0433,c1867,moda-calzado,4.1,1,2026-10-11,comprado,azul,M,mujer
u0433,c1636,moda-ropa,4.8,2,2026-03-13,comprado,rosa,L,mujer
u0433,c1569,moda-ropa,5.0,1,2026-12-21,comprado,multicolor,S,mujer
u0433,c1276,moda-calzado,4.8,1,2026-04-08,comprado,amarillo,XL,mujer
u0433,c1583,moda-calzado,4.5,2,2026-01-25,comprado,azul,L,mujer
u0434,c1071,moda-accesorio,3.3,3,2026-08-15,reservado->comprado,varios,XL,mujer
u0434,c0454,moda-ropa,3.7,1,2026-02-13,comprado,multicolor,XL,hombre
u0434,c1191,moda-accesorio,4.5,1,2026-09-12,comprado,amarillo,M,mujer
u0434,c0076,moda-ropa,4.0,2,2026-08-14,comprado,negro,XL,hombre
u0434,c1802,moda-accesorio,3.6,4,2026-03-06,reservado->comprado,multicolor,XL,mujer
u0435,c0398,moda-ropa,4.3,2,2026-08-21,comprado,verde,18,hombre
u0435,c0065,moda-ropa,3.9,1,2026-01-14,comprado,negro,L,hombre
u0435,c1390,moda-accesorio,3.3,6,2026-03-17,reservado->comprado,beige,XL,mujer
u0435,c1630,moda-calzado,4.2,1,2026-12-19,comprado,multicolor,XL,mujer
u0435,c0057,moda-ropa,3.9,3,2026-04-06,comprado,verde,M,hombre
u0435,c1390,moda-accesorio,4.1,2,2026-06-22,comprado,beige,XL,mujer
u0435,c0368,moda-ropa,3.3,1,2026-07-22,comprado,rosa,M,hombre
u0435,c0950,moda-ropa,3.8,1,2026-09-24,comprado,rojo,L,hombre
u0436,c1036,moda-accesorio,4.8,1,2026-05-09,comprado,verde,L,mujer
u0436,c1337,moda-ropa,4.2,1,2026-11-08,comprado,morado,M,mujer
u0436,c1307,moda-accesorio,4.1,3,2026-11-09,comprado,rosa,M,mujer
u0436,c0512,moda-ropa,3.7,2,2026-05-11,comprado,amarillo,XL,hombre
u0436,c1633,moda-ropa,3.9,1,2026-12-16,comprado,negro,M,mujer
u0436,c0613,moda-ropa,4.0,3,2026-04-15,reservado->comprado,verde,M,hombre
u0437,c1174,moda-ropa,4.7,2,2026-07-10,comprado,verde,S,mujer
u0437,c0256,moda-ropa,4.4,1,2026-09-17,comprado,rojo,M,hombre
u0437,c1232,moda-ropa,3.3,1,2026-10-16,comprado,negro,M,mujer
u0437,c1071,moda-accesorio,3.5,1,2026-02-02,comprado,varios,XL,mujer
u0437,c1264,moda-ropa,3.1,6,2026-01-02,reservado->comprado,rosa,XS,mujer
u0438,c1569,moda-ropa,3.1,1,2026-10-07,comprado,multicolor,S,mujer
u0438,c1820,moda-ropa,4.0,3,2026-08-07,comprado,morado,M,mujer
u0438,c1453,moda-ropa,4.0,3,2026-03-13,comprado,verde,M,mujer
u0438,c1775,moda-ropa,3.5,2,2026-05-28,comprado,multicolor,L,mujer
u0438,c1067,moda-ropa,4.1,2,2026-09-02,comprado,blanco,XS,mujer
u0438,c1578,moda-ropa,2.7,1,2026-02-28,comprado,varios,S,mujer
u0438,c0134,moda-ropa,3.4,5,2026-11-19,reservado->comprado,verde,XL,hombre
u0438,c1405,moda-ropa,3.7,2,2026-12-21,comprado,negro,S,mujer
u0438,c1597,moda-ropa,3.7,2,2026-03-13,comprado,verde,XS,mujer
u0438,c1822,moda-ropa,4.0,2,2026-10-10,comprado,blanco,L,mujer
u0438,c1888,moda-ropa,3.7,2,2026-03-15,comprado,negro,S,mujer
u0438,c1449,moda-ropa,3.8,2,2026-06-17,comprado,negro,S,mujer
u0438,c1378,moda-ropa,3.5,1,2026-01-16,comprado,verde,S,mujer
u0438,c1778,moda-ropa,2.9,2,2026-01-04,comprado,blanco,S,mujer
u0438,c0077,moda-ropa,3.7,2,2026-07-12,comprado,azul,XL,hombre
u0438,c1583,moda-calzado,3.0,4,2026-11-20,reservado->comprado,azul,L,mujer
u0438,c1301,moda-accesorio,4.2,1,2026-06-12,comprado,negro,S,mujer
u0438,c1683,moda-ropa,4.5,1,2026-05-01,comprado,negro,S,mujer
u0438,c1253,moda-ropa,3.4,5,2026-09-08,reservado->comprado,verde,M,mujer
u0438,c1271,moda-ropa,3.5,2,2026-10-17,comprado,negro,M,mujer
u0438,c1397,moda-ropa,2.8,3,2026-11-10,reservado->comprado,multicolor,L,mujer
u0439,c1600,moda-ropa,3.2,5,2026-08-06,reservado->comprado,naranja,L,mujer
u0439,c1455,moda-accesorio,4.1,1,2026-01-17,comprado,azul,L,mujer
u0439,c1232,moda-ropa,3.8,1,2026-12-21,comprado,negro,M,mujer
u0439,c0957,moda-ropa,4.1,1,2026-07-19,comprado,multicolor,L,mujer
u0439,c1701,moda-ropa,4.1,1,2026-03-14,comprado,rosa,M,mujer
u0440,c0982,moda-accesorio,2.7,6,2026-08-05,reservado->comprado,verde,M,mujer
u0440,c1176,moda-accesorio,4.3,1,2026-07-12,comprado,verde,M,mujer
u0440,c0926,moda-ropa,4.1,1,2026-09-01,comprado,verde,L,hombre
u0440,c1633,moda-ropa,3.6,3,2026-04-03,reservado->comprado,negro,M,mujer
u0440,c1374,moda-ropa,3.6,2,2026-12-28,comprado,negro,M,mujer
u0440,c1696,moda-ropa,3.9,1,2026-01-17,comprado,amarillo,L,mujer
u0441,c0428,moda-ropa,4.4,1,2026-01-28,comprado,verde,M,hombre
u0441,c1071,moda-accesorio,3.6,3,2026-09-02,comprado,varios,XL,mujer
u0441,c0227,moda-ropa,3.3,5,2026-09-18,reservado->comprado,verde,M,hombre
u0441,c0955,moda-accesorio,4.2,3,2026-11-17,reservado->comprado,morado,M,mujer
u0441,c0532,moda-ropa,4.7,2,2026-01-28,comprado,café,M,hombre
u0441,c1499,moda-ropa,3.5,6,2026-03-14,reservado->comprado,multicolor,XL,mujer
u0441,c1671,moda-accesorio,3.9,2,2026-10-04,comprado,rosa,M,mujer
u0442,c1785,moda-ropa,4.1,2,2026-06-15,comprado,azul,41,mujer
u0442,c1422,moda-ropa,3.8,1,2026-03-17,comprado,negro,M,mujer
u0442,c0159,moda-ropa,3.7,3,2026-06-28,comprado,gris,XL,hombre
u0442,c1599,moda-ropa,3.9,1,2026-10-21,comprado,negro,XL,mujer
u0442,c1021,moda-accesorio,3.8,1,2026-11-14,comprado,rojo,XL,mujer
u0442,c1039,moda-ropa,4.2,2,2026-05-01,comprado,negro,M,mujer
u0442,c1149,moda-ropa,3.7,4,2026-12-21,reservado->comprado,rosa,37,mujer
u0443,c1833,moda-ropa,4.4,2,2026-10-18,comprado,negro,S,mujer
u0443,c1176,moda-accesorio,4.1,7,2026-02-22,reservado->comprado,verde,M,mujer
u0443,c1374,moda-ropa,4.4,3,2026-08-02,comprado,negro,M,mujer
u0443,c0163,moda-ropa,4.3,2,2026-11-12,comprado,rosa,XL,hombre
u0443,c0743,moda-ropa,4.3,1,2026-09-24,comprado,rojo,M,hombre
u0443,c1107,moda-accesorio,4.9,1,2026-05-28,comprado,morado,M,mujer
u0443,c0779,moda-ropa,4.4,5,2026-10-18,reservado->comprado,rojo,XL,hombre
u0443,c0085,moda-ropa,4.7,1,2026-03-18,comprado,azul,S,hombre
u0443,c1031,moda-accesorio,3.9,3,2026-05-04,reservado->comprado,rosa,M,mujer
u0444,c1046,moda-calzado,5.0,2,2026-02-26,comprado,beige,M,mujer
u0444,c0660,moda-ropa,4.5,1,2026-08-10,comprado,rojo,S,hombre
u0444,c0014,moda-calzado,3.7,4,2026-02-06,reservado->comprado,blanco,L,hombre
u0444,c0311,moda-ropa,4.2,1,2026-01-16,comprado,azul,L,hombre
u0444,c0328,moda-ropa,4.7,2,2026-08-22,comprado,rojo,L,hombre
u0445,c1226,moda-calzado,4.2,3,2026-04-15,reservado->comprado,amarillo,XL,mujer
u0445,c1011,moda-accesorio,5.0,2,2026-02-19,comprado,rosa,L,mujer
u0445,c1390,moda-accesorio,3.0,4,2026-08-26,reservado->comprado,beige,XL,mujer
u0445,c1647,moda-ropa,4.7,1,2026-04-15,comprado,rosa,L,mujer
u0445,c1502,moda-calzado,3.8,1,2026-08-25,comprado,azul,L,mujer
u0445,c1611,moda-accesorio,4.7,2,2026-06-06,comprado,rosa,M,mujer
u0446,c0859,moda-ropa,4.4,1,2026-03-10,comprado,varios,L,hombre
u0446,c0208,moda-ropa,3.4,6,2026-01-17,reservado->comprado,verde,18,hombre
u0446,c1372,moda-ropa,4.1,3,2026-03-23,comprado,azul,L,mujer
u0446,c1160,moda-ropa,4.4,6,2026-06-09,reservado->comprado,naranja,S,mujer
u0447,c1479,moda-ropa,4.2,2,2026-12-26,comprado,negro,M,mujer
u0447,c1717,moda-accesorio,3.5,2,2026-03-09,comprado,multicolor,M,mujer
u0447,c1107,moda-accesorio,4.3,1,2026-05-05,comprado,morado,M,mujer
u0447,c1717,moda-accesorio,4.1,2,2026-04-03,comprado,multicolor,M,mujer
u0447,c1089,moda-ropa,2.7,7,2026-05-14,reservado->comprado,negro,L,mujer
u0447,c0058,moda-ropa,3.9,1,2026-07-16,comprado,rojo,L,hombre
u0447,c1496,moda-ropa,3.9,3,2026-08-19,comprado,blanco,S,mujer
u0448,c0185,moda-ropa,3.9,4,2026-07-09,reservado->comprado,blanco,M,hombre
u0448,c1576,moda-calzado,4.8,1,2026-12-01,comprado,negro,XL,mujer
u0448,c0127,moda-ropa,4.4,2,2026-12-04,comprado,rojo,M,hombre
u0448,c0788,moda-ropa,4.0,2,2026-11-15,comprado,blanco,M,hombre
u0448,c0805,moda-ropa,5.0,2,2026-10-06,comprado,verde,M,hombre
u0449,c1502,moda-calzado,3.3,1,2026-02-15,comprado,azul,L,mujer
u0449,c1176,moda-accesorio,3.5,6,2026-10-16,reservado->comprado,verde,M,mujer
u0449,c1384,moda-ropa,3.1,1,2026-02-06,comprado,azul,XL,mujer
u0449,c1200,moda-ropa,4.0,1,2026-10-19,comprado,naranja,M,mujer
u0449,c1671,moda-accesorio,4.0,2,2026-11-16,comprado,rosa,M,mujer
u0449,c1495,moda-calzado,4.3,1,2026-09-21,comprado,negro,S,mujer
u0449,c1630,moda-calzado,3.4,1,2026-07-21,comprado,multicolor,XL,mujer
u0449,c1439,moda-ropa,4.1,2,2026-11-27,comprado,negro,L,mujer
u0449,c1868,moda-ropa,4.5,1,2026-09-10,comprado,blanco,M,mujer
u0449,c1438,moda-ropa,3.6,3,2026-10-16,comprado,negro,XL,mujer
u0449,c1191,moda-accesorio,3.9,1,2026-03-01,comprado,amarillo,M,mujer
u0449,c1630,moda-calzado,3.4,1,2026-11-15,comprado,multicolor,XL,mujer
u0449,c1203,moda-ropa,3.5,6,2026-10-16,reservado->comprado,negro,L,mujer
u0449,c1669,moda-accesorio,3.8,1,2026-07-06,comprado,varios,M,mujer
u0449,c1125,moda-calzado,3.6,1,2026-03-05,comprado,verde,L,mujer
u0449,c1576,moda-calzado,4.4,1,2026-08-13,comprado,negro,XL,mujer
u0449,c1848,moda-ropa,4.3,1,2026-10-15,comprado,multicolor,S,mujer
u0449,c1107,moda-accesorio,4.2,1,2026-04-21,comprado,morado,M,mujer
u0449,c1383,moda-ropa,4.3,1,2026-04-01,comprado,varios,M,mujer
u0449,c1232,moda-ropa,3.7,1,2026-11-24,comprado,negro,M,mujer
u0449,c1428,moda-ropa,3.8,3,2026-12-03,comprado,negro,15,mujer
u0449,c1162,moda-ropa,4.1,5,2026-05-02,reservado->comprado,amarillo,L,mujer
u0449,c1125,moda-calzado,4.6,2,2026-07-16,comprado,verde,L,mujer
u0449,c1046,moda-calzado,3.7,2,2026-08-19,comprado,beige,M,mujer
u0449,c1758,moda-ropa,4.1,2,2026-01-23,comprado,negro,M,mujer
u0449,c1297,moda-ropa,3.8,1,2026-10-11,comprado,negro,38,mujer
u0449,c1053,moda-ropa,3.5,4,2026-11-05,reservado->comprado,verde,M,mujer
u0449,c0014,moda-calzado,4.5,4,2026-05-02,reservado->comprado,blanco,L,hombre
u0449,c1476,moda-ropa,4.1,3,2026-08-14,comprado,blanco,M,mujer
u0449,c1123,moda-ropa,4.6,1,2026-08-28,comprado,negro,L,mujer
u0449,c1749,moda-calzado,3.3,1,2026-06-24,comprado,rosa,S,mujer
u0449,c0164,moda-calzado,4.7,1,2026-04-12,comprado,negro,L,hombre
u0450,c0758,moda-ropa,4.7,2,2026-05-13,comprado,azul,M,hombre
u0450,c0652,moda-ropa,4.3,7,2026-09-01,reservado->comprado,azul,M,hombre
u0450,c0904,moda-ropa,4.1,3,2026-08-09,comprado,rojo,M,hombre
u0450,c0220,moda-ropa,3.4,3,2026-02-24,reservado->comprado,verde,L,hombre
u0450,c1000,moda-ropa,4.5,1,2026-04-23,comprado,naranja,M,mujer
u0451,c0043,moda-ropa,4.8,2,2026-11-15,comprado,varios,S,hombre
u0451,c1125,moda-calzado,3.5,6,2026-04-19,reservado->comprado,verde,L,mujer
u0451,c0622,moda-ropa,4.1,2,2026-12-28,comprado,verde,L,hombre
u0451,c0876,moda-ropa,3.8,1,2026-05-17,comprado,negro,M,hombre
u0451,c1901,moda-ropa,3.2,3,2026-11-19,comprado,rosa,S,mujer
u0451,c1661,moda-ropa,3.5,1,2026-08-27,comprado,blanco,XL,mujer
u0451,c1491,moda-ropa,3.8,1,2026-02-18,comprado,blanco,54,mujer
u0451,c0306,moda-ropa,4.3,3,2026-04-19,comprado,blanco,M,hombre
u0451,c0312,moda-ropa,4.0,2,2026-05-12,comprado,blanco,S,hombre
u0451,c1777,moda-ropa,3.9,2,2026-03-24,comprado,negro,S,mujer
u0451,c0575,moda-ropa,3.4,3,2026-12-15,comprado,azul,S,hombre
u0451,c1583,moda-calzado,4.2,5,2026-12-22,reservado->comprado,azul,L,mujer
u0451,c1098,moda-ropa,3.7,1,2026-04-10,comprado,gris,S,mujer
u0452,c1494,moda-ropa,4.6,2,2026-12-24,comprado,negro,M,mujer
u0452,c1266,moda-ropa,3.9,2,2026-04-15,comprado,blanco,36,mujer
u0452,c1378,moda-ropa,4.1,3,2026-05-06,comprado,verde,S,mujer
u0452,c1302,moda-ropa,3.4,5,2026-01-20,reservado->comprado,negro,M,mujer
u0452,c1542,moda-ropa,3.7,6,2026-11-17,reservado->comprado,negro,L,mujer
u0452,c1040,moda-ropa,3.9,1,2026-07-03,comprado,naranja,L,mujer
u0452,c1645,moda-ropa,3.0,7,2026-07-24,reservado->comprado,rosa,41,mujer
u0452,c1808,moda-ropa,3.2,5,2026-09-23,reservado->comprado,multicolor,XL,mujer
u0452,c1702,moda-ropa,4.4,2,2026-08-10,comprado,azul,M,mujer
u0452,c1083,moda-ropa,3.9,1,2026-07-18,comprado,negro,XL,mujer
u0452,c1413,moda-ropa,4.2,1,2026-04-10,comprado,verde,S,mujer
u0452,c1611,moda-accesorio,3.3,5,2026-09-20,reservado->comprado,rosa,M,mujer
u0452,c1197,moda-ropa,3.0,5,2026-12-27,reservado->comprado,negro,42,mujer
u0452,c1631,moda-ropa,3.6,3,2026-12-09,comprado,verde,42,mujer
u0452,c1846,moda-ropa,3.1,5,2026-01-17,reservado->comprado,azul,M,mujer
u0452,c1688,moda-accesorio,3.7,1,2026-03-20,comprado,rojo,L,mujer
u0452,c1765,moda-ropa,4.3,2,2026-04-15,comprado,rosa,M,mujer
u0452,c1303,moda-ropa,3.7,5,2026-06-17,reservado->comprado,multicolor,L,mujer
u0452,c0214,moda-ropa,3.9,3,2026-07-01,comprado,varios,L,hombre
u0452,c1383,moda-ropa,4.1,1,2026-04-20,comprado,varios,M,mujer
u0452,c0296,moda-ropa,4.2,1,2026-12-24,comprado,verde,L,hombre
u0452,c1447,moda-accesorio,4.1,1,2026-05-06,comprado,negro,S,mujer
u0452,c1840,moda-ropa,4.5,1,2026-04-26,comprado,naranja,L,mujer
u0453,c0843,moda-ropa,4.3,1,2026-12-10,comprado,negro,XL,hombre
u0453,c1107,moda-accesorio,4.0,3,2026-05-08,comprado,morado,M,mujer
u0453,c1343,moda-ropa,3.1,1,2026-01-24,comprado,rojo,S,mujer
u0453,c0458,moda-ropa,3.9,2,2026-07-07,comprado,rojo,M,hombre
u0453,c1291,moda-accesorio,3.6,1,2026-12-18,comprado,rojo,M,mujer
u0454,c0508,moda-ropa,3.8,1,2026-05-02,comprado,blanco,M,hombre
u0454,c0451,moda-ropa,3.4,1,2026-10-21,comprado,rojo,L,hombre
u0454,c0736,moda-ropa,4.3,2,2026-08-02,comprado,azul,M,hombre
u0454,c0508,moda-ropa,3.5,5,2026-07-11,reservado->comprado,blanco,M,hombre
u0454,c0825,moda-ropa,4.3,1,2026-08-04,comprado,verde,M,hombre
u0455,c0774,moda-ropa,5.0,1,2026-12-28,comprado,naranja,L,hombre
u0455,c0604,moda-ropa,4.5,3,2026-10-19,comprado,negro,M,hombre
u0455,c0734,moda-ropa,5.0,2,2026-05-03,comprado,verde,S,hombre
u0455,c1717,moda-accesorio,4.7,1,2026-12-08,comprado,multicolor,M,mujer
u0455,c0754,moda-ropa,4.4,3,2026-06-07,comprado,rojo,M,hombre
u0456,c1502,moda-calzado,3.6,1,2026-07-09,comprado,azul,L,mujer
u0456,c1276,moda-calzado,4.0,1,2026-08-28,comprado,amarillo,XL,mujer
u0456,c0306,moda-ropa,3.2,2,2026-08-28,comprado,blanco,M,hombre
u0456,c0799,moda-ropa,4.2,2,2026-07-01,comprado,varios,M,hombre
u0456,c1433,moda-ropa,3.2,5,2026-11-03,reservado->comprado,naranja,XS,mujer
u0457,c1611,moda-accesorio,4.9,1,2026-05-11,comprado,rosa,M,mujer
u0457,c1611,moda-accesorio,4.6,1,2026-03-09,comprado,rosa,M,mujer
u0457,c1437,moda-ropa,4.3,3,2026-01-25,comprado,rojo,L,mujer
u0457,c1136,moda-accesorio,3.8,3,2026-11-10,comprado,amarillo,S,mujer
u0457,c1891,moda-accesorio,3.8,5,2026-07-02,reservado->comprado,multicolor,M,mujer
u0458,c0125,moda-ropa,4.0,2,2026-09-03,comprado,verde,S,hombre
u0458,c0370,moda-ropa,4.6,1,2026-08-12,comprado,azul,L,hombre
u0458,c1221,moda-ropa,4.6,1,2026-10-04,comprado,café,M,mujer
u0458,c1471,moda-ropa,4.3,1,2026-05-23,comprado,rosa,M,mujer
u0458,c1447,moda-accesorio,4.1,1,2026-05-15,comprado,negro,S,mujer
u0459,c1821,moda-ropa,4.0,2,2026-07-22,comprado,verde,M,mujer
u0459,c0967,moda-ropa,3.4,3,2026-05-02,comprado,negro,44,mujer
u0459,c0164,moda-calzado,3.4,4,2026-02-08,reservado->comprado,negro,L,hombre
u0459,c1681,moda-ropa,3.9,1,2026-05-25,comprado,varios,S,mujer
u0460,c1749,moda-calzado,4.5,3,2026-06-01,comprado,rosa,S,mujer
u0460,c1046,moda-calzado,4.2,1,2026-02-08,comprado,beige,M,mujer
u0460,c1811,moda-ropa,4.3,1,2026-11-05,comprado,negro,S,mujer
u0460,c1662,moda-ropa,3.6,1,2026-12-19,comprado,blanco,M,mujer
u0460,c0431,moda-ropa,3.3,2,2026-05-06,comprado,blanco,L,hombre
u0460,c1162,moda-ropa,3.8,2,2026-03-01,comprado,amarillo,L,mujer
u0460,c1366,moda-ropa,3.8,2,2026-06-11,comprado,negro,M,mujer
u0460,c1674,moda-ropa,2.4,5,2026-06-15,reservado->comprado,naranja,XS,mujer
u0461,c0140,moda-ropa,3.3,7,2026-01-13,reservado->comprado,rojo,S,hombre
u0461,c1191,moda-accesorio,5.0,1,2026-10-03,comprado,amarillo,M,mujer
u0461,c0018,moda-ropa,3.3,3,2026-03-25,comprado,azul,M,hombre
u0461,c0575,moda-ropa,3.6,3,2026-03-13,comprado,azul,S,hombre
u0461,c0951,moda-ropa,4.0,1,2026-09-03,comprado,negro,S,hombre
u0462,c0414,moda-ropa,4.4,2,2026-07-27,comprado,rojo,M,hombre
u0462,c0317,moda-ropa,4.3,1,2026-04-23,comprado,rojo,M,hombre
u0462,c1102,moda-ropa,3.2,6,2026-02-06,reservado->comprado,café,L,mujer
u0462,c1495,moda-calzado,4.9,2,2026-11-15,comprado,negro,S,mujer
u0462,c1753,moda-ropa,5.0,1,2026-11-13,comprado,naranja,XS,mujer
u0463,c0581,moda-ropa,3.7,6,2026-07-12,reservado->comprado,rosa,S,hombre
u0463,c0888,moda-ropa,4.0,2,2026-09-02,comprado,azul,M,hombre
u0463,c0913,moda-ropa,2.8,4,2026-06-21,reservado->comprado,gris,M,hombre
u0463,c1583,moda-calzado,4.1,1,2026-04-08,comprado,azul,L,mujer
u0463,c1669,moda-accesorio,4.3,3,2026-04-20,reservado->comprado,varios,M,mujer
u0464,c0984,moda-ropa,2.8,1,2026-05-22,comprado,café,S,mujer
u0464,c1308,moda-ropa,4.1,1,2026-04-17,comprado,azul,M,mujer
u0464,c1765,moda-ropa,3.7,3,2026-07-24,comprado,rosa,M,mujer
u0464,c1583,moda-calzado,4.4,2,2026-03-05,comprado,azul,L,mujer
u0464,c1341,moda-ropa,3.2,7,2026-03-26,reservado->comprado,negro,L,mujer
u0464,c1275,moda-ropa,2.9,5,2026-06-16,reservado->comprado,morado,M,mujer
u0464,c1374,moda-ropa,4.0,1,2026-05-10,comprado,negro,M,mujer
u0464,c1125,moda-calzado,3.6,2,2026-06-03,comprado,verde,L,mujer
u0464,c1213,moda-ropa,4.3,1,2026-10-08,comprado,verde,S,mujer
u0464,c0980,moda-ropa,3.7,1,2026-02-08,comprado,azul,S,mujer
u0464,c1046,moda-calzado,3.6,4,2026-05-18,reservado->comprado,beige,M,mujer
u0464,c1793,moda-ropa,3.9,1,2026-03-20,comprado,negro,M,mujer
u0465,c1071,moda-accesorio,4.2,1,2026-03-27,comprado,varios,XL,mujer
u0465,c1680,moda-ropa,5.0,1,2026-05-24,comprado,naranja,M,mujer
u0465,c1795,moda-ropa,5.0,3,2026-06-27,comprado,verde,XL,mujer
u0465,c1136,moda-accesorio,4.6,2,2026-03-24,comprado,amarillo,S,mujer
u0465,c1535,moda-ropa,4.9,2,2026-01-03,comprado,rosa,S,mujer
u0465,c1683,moda-ropa,4.2,1,2026-07-14,comprado,negro,S,mujer
u0465,c1882,moda-ropa,4.2,7,2026-04-16,reservado->comprado,rojo,M,mujer
u0465,c1882,moda-ropa,5.0,1,2026-08-11,comprado,rojo,M,mujer
u0466,c0070,moda-ropa,3.2,5,2026-09-11,reservado->comprado,blanco,S,hombre
u0466,c1062,moda-ropa,4.2,2,2026-03-18,comprado,rosa,44,mujer
u0466,c1171,moda-accesorio,4.4,1,2026-07-28,comprado,multicolor,M,mujer
u0466,c1564,moda-ropa,4.0,5,2026-06-18,reservado->comprado,negro,S,mujer
u0466,c1903,moda-ropa,4.2,2,2026-06-20,comprado,negro,L,mujer
u0467,c0395,moda-ropa,4.1,2,2026-10-12,comprado,rosa,S,hombre
u0467,c1278,moda-accesorio,3.8,3,2026-07-06,reservado->comprado,multicolor,M,mujer
u0467,c0936,moda-ropa,3.3,6,2026-12-16,reservado->comprado,gris,M,hombre
u0467,c1754,moda-ropa,3.3,3,2026-09-28,reservado->comprado,negro,M,mujer
u0467,c1872,moda-ropa,3.9,2,2026-12-05,comprado,rosa,L,mujer
u0467,c0164,moda-calzado,4.4,1,2026-08-11,comprado,negro,L,hombre
u0468,c1136,moda-accesorio,3.2,1,2026-03-23,comprado,amarillo,S,mujer
u0468,c0385,moda-ropa,3.9,1,2026-09-16,comprado,blanco,M,hombre
u0468,c1046,moda-calzado,2.9,4,2026-05-14,reservado->comprado,beige,M,mujer
u0468,c0955,moda-accesorio,3.7,2,2026-03-25,comprado,morado,M,mujer
u0468,c1611,moda-accesorio,4.7,1,2026-05-03,comprado,rosa,M,mujer
u0469,c1107,moda-accesorio,4.6,1,2026-12-22,comprado,morado,M,mujer
u0469,c1028,moda-ropa,4.6,1,2026-02-06,comprado,verde,M,mujer
u0469,c1688,moda-accesorio,3.0,3,2026-08-10,reservado->comprado,rojo,L,mujer
u0469,c1108,moda-accesorio,5.0,1,2026-02-13,comprado,verde,M,mujer
u0469,c1278,moda-accesorio,4.5,1,2026-10-07,comprado,multicolor,M,mujer
u0470,c0431,moda-ropa,3.4,6,2026-01-26,reservado->comprado,blanco,L,hombre
u0470,c0860,moda-ropa,4.3,1,2026-03-22,comprado,blanco,M,hombre
u0470,c0697,moda-ropa,3.6,2,2026-06-22,comprado,verde,L,hombre
u0470,c0483,moda-ropa,3.8,2,2026-05-16,comprado,azul,L,hombre
u0470,c0839,moda-ropa,4.4,1,2026-08-16,comprado,verde,M,hombre
u0471,c0014,moda-calzado,4.1,1,2026-11-23,comprado,blanco,L,hombre
u0471,c1749,moda-calzado,4.7,2,2026-06-04,comprado,rosa,S,mujer
u0471,c1515,moda-ropa,3.6,1,2026-12-13,comprado,amarillo,XL,mujer
u0471,c1119,moda-ropa,3.4,4,2026-03-21,reservado->comprado,negro,L,mujer
u0471,c1661,moda-ropa,3.6,3,2026-02-27,reservado->comprado,blanco,XL,mujer
u0471,c1506,moda-ropa,3.4,5,2026-03-28,reservado->comprado,café,42,mujer
u0471,c1012,moda-ropa,3.4,4,2026-12-19,reservado->comprado,varios,S,mujer
u0472,c1630,moda-calzado,4.5,2,2026-08-08,comprado,multicolor,XL,mujer
u0472,c1031,moda-accesorio,4.1,1,2026-05-24,comprado,rosa,M,mujer
u0472,c0724,moda-ropa,4.5,2,2026-03-03,comprado,blanco,M,hombre
u0472,c1867,moda-calzado,3.1,1,2026-05-11,comprado,azul,M,mujer
u0472,c0345,moda-ropa,4.2,1,2026-11-22,comprado,negro,M,hombre
u0473,c0337,moda-ropa,4.6,2,2026-08-02,comprado,azul,L,hombre
u0473,c0844,moda-ropa,3.9,1,2026-07-13,comprado,blanco,M,hombre
u0473,c1867,moda-calzado,4.3,1,2026-04-02,comprado,azul,M,mujer
u0473,c0500,moda-ropa,4.4,1,2026-03-21,comprado,multicolor,XL,hombre
u0473,c1363,moda-ropa,3.4,1,2026-05-01,comprado,naranja,M,mujer
u0474,c0917,moda-ropa,4.0,1,2026-11-19,comprado,varios,L,hombre
u0474,c0578,moda-ropa,3.7,1,2026-08-11,comprado,rojo,XL,hombre
u0474,c0684,moda-ropa,3.7,1,2026-07-10,comprado,blanco,M,hombre
u0474,c0558,moda-ropa,3.3,2,2026-07-02,comprado,verde,M,hombre
u0474,c1583,moda-calzado,4.2,1,2026-11-24,comprado,azul,L,mujer
u0475,c1147,moda-ropa,3.3,3,2026-10-06,comprado,beige,L,mujer
u0475,c0568,moda-ropa,3.1,5,2026-09-21,reservado->comprado,azul,M,hombre
u0475,c0195,moda-ropa,4.4,1,2026-10-04,comprado,blanco,M,hombre
u0475,c1669,moda-accesorio,4.0,3,2026-06-20,reservado->comprado,varios,M,mujer
u0475,c0264,moda-ropa,3.9,1,2026-02-28,comprado,varios,S,hombre
u0476,c1855,moda-ropa,3.3,2,2026-04-25,comprado,café,S,mujer
u0476,c0463,moda-ropa,4.3,2,2026-11-12,comprado,verde,L,hombre
u0476,c1301,moda-accesorio,3.5,1,2026-06-07,comprado,negro,S,mujer
u0476,c0333,moda-ropa,4.4,2,2026-11-23,comprado,blanco,XL,hombre
u0476,c1803,moda-ropa,4.5,1,2026-10-07,comprado,negro,M,mujer
u0476,c1339,moda-ropa,4.4,1,2026-09-08,comprado,multicolor,L,mujer
u0477,c1802,moda-accesorio,4.4,1,2026-09-03,comprado,multicolor,XL,mujer
u0477,c1751,moda-ropa,5.0,2,2026-10-01,comprado,negro,L,mujer
u0477,c1524,moda-ropa,4.6,2,2026-12-26,comprado,varios,L,mujer
u0477,c0955,moda-accesorio,4.4,1,2026-12-23,comprado,morado,M,mujer
u0478,c1495,moda-calzado,4.7,3,2026-01-07,comprado,negro,S,mujer
u0478,c1816,moda-ropa,4.1,1,2026-02-27,comprado,azul,M,mujer
u0478,c1405,moda-ropa,4.9,1,2026-10-21,comprado,negro,S,mujer
u0478,c0734,moda-ropa,3.9,1,2026-12-25,comprado,verde,S,hombre
u0479,c0152,moda-ropa,3.5,1,2026-09-01,comprado,varios,L,hombre
u0479,c1036,moda-accesorio,3.4,1,2026-10-19,comprado,verde,L,mujer
u0479,c1447,moda-accesorio,3.8,2,2026-07-16,comprado,negro,S,mujer
u0479,c0946,moda-ropa,3.0,2,2026-02-05,comprado,azul,M,hombre
u0479,c1393,moda-ropa,3.9,1,2026-06-07,comprado,naranja,XS,mujer
u0480,c0475,moda-ropa,4.3,1,2026-07-22,comprado,azul,L,hombre
u0480,c0566,moda-ropa,2.5,6,2026-08-06,reservado->comprado,azul,M,hombre
u0480,c0387,moda-ropa,3.9,4,2026-12-05,reservado->comprado,verde,M,hombre
u0480,c0193,moda-ropa,4.0,1,2026-01-09,comprado,varios,M,hombre
u0480,c0553,moda-ropa,4.6,1,2026-04-15,comprado,verde,M,hombre
u0481,c1867,moda-calzado,4.6,2,2026-10-21,comprado,azul,M,mujer
u0481,c0608,moda-ropa,4.2,1,2026-02-25,comprado,rojo,M,hombre
u0481,c0863,moda-ropa,4.4,1,2026-02-24,comprado,blanco,XL,hombre
u0481,c0059,moda-ropa,3.6,2,2026-05-09,comprado,rojo,XL,hombre
u0481,c0828,moda-ropa,4.6,1,2026-04-24,comprado,rojo,S,hombre
u0482,c1485,moda-ropa,4.6,1,2026-05-13,comprado,rojo,S,mujer
u0482,c1820,moda-ropa,3.8,2,2026-05-21,comprado,morado,M,mujer
u0482,c1630,moda-calzado,3.9,1,2026-08-25,comprado,multicolor,XL,mujer
u0482,c1785,moda-ropa,3.6,6,2026-02-14,reservado->comprado,azul,41,mujer
u0482,c1484,moda-ropa,3.8,7,2026-12-28,reservado->comprado,negro,S,mujer
u0482,c1721,moda-ropa,5.0,3,2026-04-07,comprado,rosa,L,mujer
u0482,c1135,moda-ropa,4.3,1,2026-06-02,comprado,beige,43,mujer
u0482,c1570,moda-ropa,3.7,1,2026-09-02,comprado,varios,S,mujer
u0482,c1062,moda-ropa,4.1,1,2026-04-02,comprado,rosa,44,mujer
u0482,c0331,moda-ropa,3.7,4,2026-03-07,reservado->comprado,rojo,XL,hombre
u0483,c0750,moda-ropa,3.5,4,2026-07-02,reservado->comprado,beige,M,hombre
u0483,c0561,moda-ropa,4.0,1,2026-07-18,comprado,azul,S,hombre
u0483,c0395,moda-ropa,3.5,3,2026-06-16,comprado,rosa,S,hombre
u0483,c1036,moda-accesorio,3.8,3,2026-10-06,comprado,verde,L,mujer
u0483,c0148,moda-ropa,3.9,1,2026-08-11,comprado,azul,M,hombre
u0483,c1390,moda-accesorio,3.6,4,2026-01-06,reservado->comprado,beige,XL,mujer
u0483,c0118,moda-ropa,3.2,4,2026-01-04,reservado->comprado,rojo,M,hombre
u0484,c0778,moda-ropa,3.9,3,2026-03-07,reservado->comprado,rojo,L,hombre
u0484,c0931,moda-ropa,3.7,5,2026-11-01,reservado->comprado,azul,M,hombre
u0484,c0077,moda-ropa,3.8,3,2026-02-19,reservado->comprado,azul,XL,hombre
u0484,c1176,moda-accesorio,4.1,1,2026-09-15,comprado,verde,M,mujer
u0484,c0057,moda-ropa,4.8,1,2026-05-09,comprado,verde,M,hombre
u0485,c0866,moda-ropa,5.0,1,2026-11-15,comprado,azul,M,hombre
u0485,c0603,moda-ropa,4.7,1,2026-08-07,comprado,blanco,L,hombre
u0485,c0906,moda-ropa,3.8,5,2026-02-27,reservado->comprado,azul,L,hombre
u0485,c0111,moda-ropa,4.6,2,2026-05-18,comprado,blanco,XL,hombre
u0485,c0512,moda-ropa,5.0,1,2026-11-12,comprado,amarillo,XL,hombre
u0485,c1749,moda-calzado,4.1,3,2026-11-12,comprado,rosa,S,mujer
u0485,c0410,moda-ropa,4.5,1,2026-01-11,comprado,negro,XL,hombre
u0485,c1046,moda-calzado,3.6,1,2026-12-11,comprado,beige,M,mujer
u0485,c1276,moda-calzado,4.7,2,2026-02-25,comprado,amarillo,XL,mujer
u0485,c0678,moda-ropa,5.0,1,2026-06-06,comprado,blanco,M,hombre
u0485,c0433,moda-ropa,4.6,1,2026-11-21,comprado,negro,S,hombre
u0485,c0208,moda-ropa,4.2,2,2026-12-21,comprado,verde,18,hombre
u0485,c1390,moda-accesorio,5.0,2,2026-01-21,comprado,beige,XL,mujer
u0485,c1136,moda-accesorio,3.8,1,2026-10-10,comprado,amarillo,S,mujer
u0485,c0209,moda-ropa,4.7,3,2026-10-20,comprado,rojo,M,hombre
u0485,c1011,moda-accesorio,3.6,3,2026-07-03,comprado,rosa,L,mujer
u0485,c1455,moda-accesorio,4.9,2,2026-01-28,comprado,azul,L,mujer
u0485,c0158,moda-ropa,4.3,6,2026-10-13,reservado->comprado,azul,L,hombre
u0485,c0459,moda-ropa,5.0,2,2026-05-07,comprado,azul,XL,hombre
u0485,c1669,moda-accesorio,5.0,2,2026-09-25,comprado,varios,M,mujer
u0485,c0949,moda-ropa,4.7,4,2026-04-09,reservado->comprado,blanco,L,hombre
u0485,c1749,moda-calzado,5.0,1,2026-01-05,comprado,rosa,S,mujer
u0486,c0194,moda-ropa,4.3,3,2026-04-19,comprado,azul,L,hombre
u0486,c1178,moda-ropa,4.1,1,2026-04-11,comprado,rosa,L,mujer
u0486,c1500,moda-ropa,4.3,3,2026-11-19,comprado,azul,L,mujer
u0486,c1264,moda-ropa,3.8,1,2026-01-19,comprado,rosa,XS,mujer
u0486,c0164,moda-calzado,3.7,1,2026-03-09,comprado,negro,L,hombre
u0487,c1906,moda-ropa,3.5,1,2026-08-23,comprado,azul,S,mujer
u0487,c1021,moda-accesorio,2.9,4,2026-04-27,reservado->comprado,rojo,XL,mujer
u0487,c1036,moda-accesorio,3.2,1,2026-05-08,comprado,verde,L,mujer
u0487,c0936,moda-ropa,3.4,1,2026-08-07,comprado,gris,M,hombre
u0487,c0008,moda-ropa,3.6,2,2026-04-04,comprado,blanco,L,hombre
u0488,c1731,moda-ropa,4.8,1,2026-02-23,comprado,azul,M,mujer
u0488,c0955,moda-accesorio,4.7,1,2026-09-24,comprado,morado,M,mujer
u0488,c1031,moda-accesorio,4.1,2,2026-03-11,comprado,rosa,M,mujer
u0488,c1535,moda-ropa,4.8,1,2026-04-10,comprado,rosa,S,mujer
u0488,c0993,moda-ropa,4.0,5,2026-01-11,reservado->comprado,negro,M,mujer
u0488,c1840,moda-ropa,4.4,2,2026-04-16,comprado,naranja,L,mujer
u0488,c1031,moda-accesorio,5.0,1,2026-08-13,comprado,rosa,M,mujer
u0488,c1599,moda-ropa,3.8,1,2026-03-10,comprado,negro,XL,mujer
u0489,c1604,moda-ropa,3.7,2,2026-10-19,comprado,multicolor,L,mujer
u0489,c0496,moda-ropa,3.6,3,2026-07-27,reservado->comprado,rojo,M,hombre
u0489,c1108,moda-accesorio,4.6,2,2026-08-05,comprado,verde,M,mujer
u0489,c1201,moda-ropa,4.2,1,2026-11-07,comprado,negro,S,mujer
u0489,c1582,moda-ropa,3.6,7,2026-02-22,reservado->comprado,varios,M,mujer
u0489,c1665,moda-ropa,4.7,1,2026-08-07,comprado,varios,L,mujer
u0490,c1770,moda-ropa,2.8,5,2026-03-09,reservado->comprado,verde,L,mujer
u0490,c1749,moda-calzado,4.1,1,2026-09-24,comprado,rosa,S,mujer
u0490,c1270,moda-ropa,4.6,1,2026-06-16,comprado,blanco,S,mujer
u0490,c0907,moda-ropa,4.8,2,2026-12-02,comprado,negro,M,hombre
u0490,c0153,moda-ropa,4.7,2,2026-09-01,comprado,naranja,S,hombre
u0491,c1867,moda-calzado,3.4,3,2026-01-20,comprado,azul,M,mujer
u0491,c0601,moda-ropa,3.5,1,2026-01-16,comprado,rojo,S,hombre
u0491,c1180,moda-ropa,3.8,1,2026-04-18,comprado,negro,S,mujer
u0491,c1066,moda-ropa,4.0,1,2026-03-24,comprado,morado,M,mujer
u0491,c1662,moda-ropa,3.5,1,2026-07-16,comprado,blanco,M,mujer
u0492,c1802,moda-accesorio,3.9,2,2026-05-21,comprado,multicolor,XL,mujer
u0492,c1443,moda-ropa,4.3,2,2026-01-08,comprado,naranja,S,mujer
u0492,c1614,moda-ropa,3.6,1,2026-08-24,comprado,verde,M,mujer
u0492,c1080,moda-ropa,3.6,2,2026-03-12,comprado,naranja,XL,mujer
u0492,c1605,moda-ropa,3.4,1,2026-08-23,comprado,beige,L,mujer
u0493,c0783,moda-ropa,3.1,5,2026-07-08,reservado->comprado,rojo,S,hombre
u0493,c1046,moda-calzado,3.6,2,2026-03-17,comprado,beige,M,mujer
u0493,c0686,moda-ropa,3.7,2,2026-07-04,comprado,rojo,XL,hombre
u0493,c0461,moda-ropa,3.2,1,2026-09-09,comprado,rojo,M,hombre
u0493,c0109,moda-ropa,3.8,2,2026-11-21,comprado,negro,18,hombre
u0494,c0789,moda-ropa,3.1,3,2026-10-27,reservado->comprado,azul,L,hombre
u0494,c1096,moda-calzado,3.8,1,2026-08-11,comprado,beige,M,mujer
u0494,c1312,moda-calzado,3.3,1,2026-06-25,comprado,amarillo,M,mujer
u0494,c1080,moda-ropa,2.9,5,2026-08-08,reservado->comprado,naranja,XL,mujer
u0494,c1763,moda-ropa,3.3,3,2026-07-04,comprado,varios,M,mujer
u0494,c1183,moda-ropa,3.6,4,2026-12-04,reservado->comprado,verde,M,mujer
u0494,c1807,moda-ropa,3.2,5,2026-12-18,reservado->comprado,negro,XL,mujer
u0495,c0014,moda-calzado,3.5,5,2026-04-16,reservado->comprado,blanco,L,hombre
u0495,c1607,moda-ropa,3.2,5,2026-12-14,reservado->comprado,negro,M,mujer
u0495,c1433,moda-ropa,3.8,3,2026-05-14,comprado,naranja,XS,mujer
u0495,c1447,moda-accesorio,4.0,1,2026-08-23,comprado,negro,S,mujer
u0495,c0014,moda-calzado,2.9,6,2026-07-17,reservado->comprado,blanco,L,hombre
u0495,c1191,moda-accesorio,4.0,2,2026-09-10,comprado,amarillo,M,mujer
u0495,c1211,moda-ropa,3.9,1,2026-02-16,comprado,azul,L,mujer
u0495,c1749,moda-calzado,3.6,1,2026-09-06,comprado,rosa,S,mujer
u0495,c1576,moda-calzado,3.7,2,2026-06-09,comprado,negro,XL,mujer
u0495,c1403,moda-ropa,3.1,5,2026-08-17,reservado->comprado,naranja,S,mujer
u0495,c1455,moda-accesorio,3.7,1,2026-09-18,comprado,azul,L,mujer
u0495,c1107,moda-accesorio,3.0,6,2026-05-13,reservado->comprado,morado,M,mujer
u0495,c1411,moda-ropa,3.0,1,2026-10-06,comprado,negro,L,mujer
u0495,c1706,moda-ropa,4.0,2,2026-10-08,comprado,verde,L,mujer
u0495,c1495,moda-calzado,3.9,2,2026-01-15,comprado,negro,S,mujer
u0495,c1774,moda-ropa,3.3,3,2026-04-24,comprado,multicolor,XL,mujer
u0495,c1278,moda-accesorio,3.5,1,2026-06-18,comprado,multicolor,M,mujer
u0495,c1543,moda-ropa,4.5,3,2026-02-11,comprado,rojo,L,mujer
u0495,c1589,moda-ropa,3.8,2,2026-02-07,comprado,amarillo,M,mujer
u0495,c1125,moda-calzado,3.8,1,2026-01-12,comprado,verde,L,mujer
u0495,c1583,moda-calzado,3.2,2,2026-01-28,comprado,azul,L,mujer
u0495,c1476,moda-ropa,3.1,3,2026-01-08,reservado->comprado,blanco,M,mujer
u0495,c1571,moda-ropa,3.3,6,2026-07-12,reservado->comprado,blanco,54,mujer
u0496,c0473,moda-ropa,4.1,1,2026-09-26,comprado,morado,L,hombre
u0496,c1012,moda-ropa,3.5,4,2026-11-25,reservado->comprado,varios,S,mujer
u0496,c1312,moda-calzado,4.4,1,2026-01-17,comprado,amarillo,M,mujer
u0496,c1625,moda-ropa,3.6,3,2026-11-01,reservado->comprado,rosa,M,mujer
u0496,c1160,moda-ropa,3.3,4,2026-11-23,reservado->comprado,naranja,S,mujer
u0496,c1044,moda-ropa,4.0,1,2026-07-11,comprado,multicolor,L,mujer
u0497,c1211,moda-ropa,4.5,1,2026-06-15,comprado,azul,L,mujer
u0497,c1906,moda-ropa,4.0,1,2026-11-23,comprado,azul,S,mujer
u0497,c1307,moda-accesorio,4.1,2,2026-04-02,comprado,rosa,M,mujer
u0497,c1841,moda-ropa,4.4,1,2026-10-13,comprado,verde,XL,mujer
u0497,c1729,moda-ropa,4.5,1,2026-03-23,comprado,varios,L,mujer
u0497,c0620,moda-ropa,4.6,1,2026-06-21,comprado,rojo,S,hombre
u0498,c1502,moda-calzado,4.1,1,2026-09-15,comprado,azul,L,mujer
u0498,c0459,moda-ropa,3.8,1,2026-07-27,comprado,azul,XL,hombre
u0498,c1576,moda-calzado,3.0,2,2026-06-01,comprado,negro,XL,mujer
u0498,c0740,moda-ropa,3.2,4,2026-05-26,reservado->comprado,azul,S,hombre
u0498,c0218,moda-ropa,4.1,2,2026-03-02,comprado,rojo,XL,hombre
u0498,c0878,moda-ropa,4.0,3,2026-08-04,reservado->comprado,naranja,M,hombre
u0498,c0929,moda-ropa,3.6,2,2026-10-19,comprado,blanco,S,hombre
u0498,c0823,moda-ropa,3.5,2,2026-06-08,comprado,rojo,L,hombre
u0498,c1495,moda-calzado,4.0,3,2026-07-18,comprado,negro,S,mujer
u0498,c0232,moda-ropa,4.6,1,2026-05-12,comprado,azul,XL,hombre
u0498,c1096,moda-calzado,3.5,4,2026-04-21,reservado->comprado,beige,M,mujer
u0498,c1213,moda-ropa,4.4,2,2026-07-02,comprado,verde,S,mujer
u0498,c1125,moda-calzado,3.8,1,2026-09-09,comprado,verde,L,mujer
u0498,c0215,moda-ropa,4.4,1,2026-09-12,comprado,azul,L,hombre
u0498,c0402,moda-ropa,4.5,2,2026-05-07,comprado,azul,L,hombre
u0498,c1696,moda-ropa,3.4,3,2026-06-01,reservado->comprado,amarillo,L,mujer
u0498,c0057,moda-ropa,3.8,1,2026-09-18,comprado,verde,M,hombre
u0498,c0642,moda-ropa,4.1,1,2026-11-10,comprado,blanco,L,hombre
u0498,c0524,moda-ropa,4.1,2,2026-05-21,comprado,negro,XL,hombre
u0498,c0494,moda-ropa,4.5,1,2026-02-02,comprado,blanco,M,hombre
u0498,c1096,moda-calzado,4.6,1,2026-10-20,comprado,beige,M,mujer
u0498,c1096,moda-calzado,3.9,3,2026-04-25,comprado,beige,M,mujer
u0498,c0232,moda-ropa,3.8,2,2026-11-19,comprado,azul,XL,hombre
u0498,c0630,moda-ropa,3.9,5,2026-09-01,reservado->comprado,gris,L,hombre
u0498,c0164,moda-calzado,3.9,1,2026-06-09,comprado,negro,L,hombre
u0498,c0684,moda-ropa,3.5,1,2026-03-23,comprado,blanco,M,hombre
u0498,c0837,moda-ropa,4.2,1,2026-06-20,comprado,rojo,M,hombre
u0498,c0862,moda-ropa,3.7,1,2026-09-25,comprado,rojo,M,hombre
u0498,c1576,moda-calzado,3.8,2,2026-12-19,comprado,negro,XL,mujer
u0498,c0657,moda-ropa,3.6,1,2026-12-10,comprado,blanco,L,hombre
u0498,c0915,moda-ropa,4.4,2,2026-02-18,comprado,negro,M,hombre
u0498,c1502,moda-calzado,4.2,5,2026-07-13,reservado->comprado,azul,L,mujer
u0499,c1669,moda-accesorio,4.8,2,2026-07-01,comprado,varios,M,mujer
u0499,c1278,moda-accesorio,4.2,6,2026-06-02,reservado->comprado,multicolor,M,mujer
u0499,c1395,moda-ropa,4.7,1,2026-09-15,comprado,café,48,mujer
u0499,c1645,moda-ropa,4.4,2,2026-10-15,comprado,rosa,41,mujer
u0499,c1502,moda-calzado,4.8,1,2026-06-13,comprado,azul,L,mujer
u0499,c1058,moda-ropa,3.3,5,2026-02-14,reservado->comprado,azul,S,mujer
