product_id,nombre_es,titulo_original,categoria_moda,genero,color,talla,precio_usd
c0000,Hombres regular ajuste de color bloque de camisa casual,Men Regular Fit Color Block Casual Shirt,moda-ropa,hombre,negro,L,349.0
c0001,Hombres Regularmente Encaje Camisa Casual Impreso,Men Regular Fit Printed Casual Shirt,moda-ropa,hombre,negro,L,959.0
c0002,Hombres Regular Fit sólido Collar Mandarín Casual Camisa,Men Regular Fit Solid Mandarin Collar Casual Shirt,moda-ropa,hombre,gris,S,339.0
c0003,Hombres Regular Fit sólido Collar Mandarín Casual Camisa,Men Regular Fit Solid Mandarin Collar Casual Shirt,moda-ropa,hombre,azul,M,339.0
c0004,Hombres Regular Fit sólido Collar Mandarín Casual Camisa,Men Regular Fit Solid Mandarin Collar Casual Shirt,moda-ropa,hombre,negro,XL,339.0
c0005,Hombres Regular ajuste impreso corte lejos collar casual camisa,Men Regular Fit Printed Cut Away Collar Casual Shirt,moda-ropa,hombre,negro,L,298.0
c0006,Hombres Regular Fit sólido Collar de extensión formal Camisa,Men Regular Fit Solid Spread Collar Formal Shirt,moda-ropa,hombre,varios,M,288.0
c0007,Hombres camisa casual ajustada delgada a cuadros,Men Slim Fit Checkered Casual Shirt,moda-ropa,hombre,rojo,M,849.0
c0008,Hombres Regular Fit sólido Collar Mandarín Casual Camisa,Men Regular Fit Solid Mandarin Collar Casual Shirt,moda-ropa,hombre,blanco,L,339.0
c0009,Hombres Regular Fit sólido Collar Mandarín Casual Camisa,Men Regular Fit Solid Mandarin Collar Casual Shirt,moda-ropa,hombre,blanco,XL,289.0
c0010,Hombres camisa casual ajustada delgada a cuadros,Men Slim Fit Checkered Casual Shirt,moda-ropa,hombre,rojo,L,799.0
c0011,Hombres regular ajuste estampado collar de extensión camisa casual,Men Regular Fit Printed Spread Collar Casual Shirt,moda-ropa,hombre,blanco,S,389.0
c0012,Hombres delgado ajuste rayado cuello mandarín casual camisa,Men Slim Fit Striped Mandarin Collar Casual Shirt,moda-ropa,hombre,varios,M,379.0
c0013,Hombres Regular Fit sólido Collar Mandarín Casual Camisa,Men Regular Fit Solid Mandarin Collar Casual Shirt,moda-ropa,hombre,gris,L,339.0
c0014,Hombre delgado ajuste sólido de la camisa casual del cuello de la exte,Men Slim Fit Solid Spread Collar Casual Shirt,moda-calzado,hombre,blanco,L,329.0
c0015,Hombres Regularmente Encaje Camisa Casual Collar delgado a cuadros,Men Regular Fit Checkered Slim Collar Casual Shirt,moda-ropa,hombre,rojo,L,449.0
c0016,Hombres Regularmente Encaje Camisa Casual A cuadros,Men Regular Fit Checkered Casual Shirt,moda-ropa,hombre,rojo,M,1039.0
c0017,Hombres delgado ajuste rayas casual Camisa,Men Slim Fit Striped Casual Shirt,moda-ropa,hombre,azul,M,899.0
c0018,Hombres Regularmente Encaje Camisa Casual Impreso,Men Regular Fit Printed Casual Shirt,moda-ropa,hombre,azul,M,399.0
c0019,Hombres Regularmente Encaje Camisa Casual Collar delgado a cuadros,Men Regular Fit Checkered Slim Collar Casual Shirt,moda-ropa,hombre,negro,M,429.0
c0020,Hombres delgado ajuste floral estampado casual camisa,Men Slim Fit Floral Print Casual Shirt,moda-ropa,hombre,verde,L,791.0
c0021,Hombres delgado ajuste estampado cuello de extensión camisa casual,Men Slim Fit Printed Spread Collar Casual Shirt,moda-ropa,hombre,azul,M,1039.0
c0022,Hombres Regularmente Ajuste sólido Collar de extensión Casual Camisa,Men Regular Fit Solid Spread Collar Casual Shirt,moda-ropa,hombre,gris,XL,288.0
c0023,Hombres Regular Fit sólido Collar de extensión formal Camisa,Men Regular Fit Solid Spread Collar Formal Shirt,moda-ropa,hombre,gris,S,288.0
c0024,Hombres regular ajuste de color bloque de camisa casual,Men Regular Fit Color Block Casual Shirt,moda-ropa,hombre,negro,XL,349.0
c0025,Hombres camisa casual ajustada delgada a cuadros,Men Slim Fit Checkered Casual Shirt,moda-ropa,hombre,negro,M,429.0
c0026,Hombres camisa casual ajustada delgada a cuadros,Men Slim Fit Checkered Casual Shirt,moda-ropa,hombre,rojo,M,799.0
c0027,Hombres camisa casual ajustada delgada a cuadros,Men Slim Fit Checkered Casual Shirt,moda-ropa,hombre,rojo,M,999.0
c0028,Hombres Regular ajuste rayas de cuello de extensión casual Camisa,Men Regular Fit Striped Spread Collar Casual Shirt,moda-ropa,hombre,rojo,M,289.0
c0029,Hombre delgado ajuste sólido de la camisa casual del cuello de la exte,Men Slim Fit Solid Spread Collar Casual Shirt,moda-ropa,hombre,negro,M,398.0
c0030,Hombres camisa casual sólida ajustada delgada,Men Slim Fit Solid Casual Shirt,moda-ropa,hombre,verde,L,959.0
c0031,Hombres Regular ajuste rayas de cuello de extensión casual Camisa,Men Regular Fit Striped Spread Collar Casual Shirt,moda-ropa,hombre,blanco,M,959.0
c0032,Hombres delgado ajuste a cuadros camisa casual cuello de extensión,Men Slim Fit Checkered Spread Collar Casual Shirt,moda-ropa,hombre,rojo,L,329.0
c0033,Hombres Regular Fit sólido Collar Mandarín Casual Camisa,Men Regular Fit Solid Mandarin Collar Casual Shirt,moda-ropa,hombre,rojo,M,289.0
c0034,Hombres delgados ajuste gráfico estampado collar de la correa Casual C,Men Slim Fit Graphic Print Ribbed Collar Casual Shirt,moda-ropa,hombre,negro,L,388.0
c0035,Hombres regular ajuste de color bloque de camisa casual,Men Regular Fit Color Block Casual Shirt,moda-ropa,hombre,negro,L,349.0
c0036,Hombres Regularmente Encaje Camisa Casual A cuadros,Men Regular Fit Checkered Casual Shirt,moda-ropa,hombre,rojo,M,1039.0
c0037,Hombres delgado ajuste camisa casual impresa,Men Slim Fit Printed Casual Shirt,moda-ropa,hombre,azul,XL,849.0
c0038,Hombres Regularmente Encaje Collar Mandarín A cuadros Camisa Casual,Men Regular Fit Checkered Mandarin Collar Casual Shirt,moda-ropa,hombre,rojo,L,399.0
c0039,Hombres Regular ajuste rayas de cuello de extensión casual Camisa,Men Regular Fit Striped Spread Collar Casual Shirt,moda-ropa,hombre,negro,M,289.0
c0040,Hombres regular ajuste de color bloque de camisa casual,Men Regular Fit Color Block Casual Shirt,moda-ropa,hombre,negro,XL,349.0
c0041,Hombres Regularmente Encaje Camisa Casual Impreso,Men Regular Fit Printed Casual Shirt,moda-ropa,hombre,negro,M,959.0
c0042,Hombres camisa casual ajustada delgada a cuadros,Men Slim Fit Checkered Casual Shirt,moda-ropa,hombre,blanco,L,385.0
c0043,Hombres Regularmente En forma sólido Casual Camisa,Men Regular Fit Solid Casual Shirt,moda-ropa,hombre,varios,S,349.0
c0044,Hombres Regular ajuste rayas de cuello de extensión casual Camisa,Men Regular Fit Striped Spread Collar Casual Shirt,moda-ropa,hombre,negro,S,449.0
c0045,Hombres Regularmente En forma sólido Casual Camisa,Men Regular Fit Solid Casual Shirt,moda-ropa,hombre,negro,M,289.0
c0046,Hombres camisa casual ajustada delgada a cuadros,Men Slim Fit Checkered Casual Shirt,moda-ropa,hombre,rojo,M,849.0
c0047,Hombres regular ajuste estampado collar de extensión camisa casual,Men Regular Fit Printed Spread Collar Casual Shirt,moda-ropa,hombre,blanco,M,389.0
c0048,Hombres camisa casual sólida ajustada delgada,Men Slim Fit Solid Casual Shirt,moda-ropa,hombre,azul,M,358.0
c0049,Hombres Regular Fit sólido Collar Mandarín Casual Camisa,Men Regular Fit Solid Mandarin Collar Casual Shirt,moda-ropa,hombre,azul,M,339.0
c0050,Hombres Regularmente Encaje Camisa Casual A cuadros,Men Regular Fit Checkered Casual Shirt,moda-ropa,hombre,rojo,L,1039.0
c0051,Hombres camisa casual ajustada delgada a cuadros,Men Slim Fit Checkered Casual Shirt,moda-ropa,hombre,rojo,XL,799.0
c0052,Hombres Regularmente En forma sólido Casual Camisa,Men Regular Fit Solid Casual Shirt,moda-ropa,hombre,negro,M,288.0
c0053,Hombres regular ajuste de color bloque de camisa casual,Men Regular Fit Color Block Casual Shirt,moda-ropa,hombre,negro,M,349.0
c0054,Hombre delgado ajuste sólido cuello mandarín casual camisa,Men Slim Fit Solid Mandarin Collar Casual Shirt,moda-ropa,hombre,negro,L,368.0
c0055,Hombres Regular Fit sólido Collar Mandarín Casual Camisa,Men Regular Fit Solid Mandarin Collar Casual Shirt,moda-ropa,hombre,verde,L,339.0
c0056,Hombres delgado ajuste rayas casual Camisa,Men Slim Fit Striped Casual Shirt,moda-ropa,hombre,azul,XL,899.0
c0057,Hombres delgado ajuste floral estampado casual camisa,Men Slim Fit Floral Print Casual Shirt,moda-ropa,hombre,verde,M,791.0
c0058,Hombres Regularmente En forma sólido Casual Camisa,Men Regular Fit Solid Casual Shirt,moda-ropa,hombre,rojo,L,289.0
c0059,Hombres Regularmente Encaje Camisa Casual Collar delgado a cuadros,Men Regular Fit Checkered Slim Collar Casual Shirt,moda-ropa,hombre,rojo,XL,388.0
c0060,Hombres delgado ajuste estampado cuello de extensión camisa casual,Men Slim Fit Printed Spread Collar Casual Shirt,moda-ropa,hombre,azul,S,1039.0
c0061,Hombres camisa casual ajustada delgada a cuadros,Men Slim Fit Checkered Casual Shirt,moda-ropa,hombre,rojo,M,799.0
c0062,Hombres Regular Fit sólido Collar de extensión formal Camisa,Men Regular Fit Solid Spread Collar Formal Shirt,moda-ropa,hombre,azul,L,288.0
c0063,Hombres Regularmente En forma Camisa Casual rayas,Men Regular Fit Striped Casual Shirt,moda-ropa,hombre,negro,L,299.0
c0064,Hombres Regularmente Encaje Camisa Casual Collar delgado a cuadros,Men Regular Fit Checkered Slim Collar Casual Shirt,moda-ropa,hombre,rojo,XL,449.0
c0065,Hombres delgado ajuste de color bloque de extensión collar casual cami,Men Slim Fit Color Block Spread Collar Casual Shirt,moda-ropa,hombre,negro,L,319.0
c0066,Hombres camisa casual ajustada delgada a cuadros,Men Slim Fit Checkered Casual Shirt,moda-ropa,hombre,rojo,L,999.0
c0067,Hombres camisa casual sólida ajustada delgada,Men Slim Fit Solid Casual Shirt,moda-ropa,hombre,verde,M,959.0
c0068,Hombres delgados ajustados a cuadros camisa casual delgada cuello,Men Slim Fit Checkered Slim Collar Casual Shirt,moda-ropa,hombre,rojo,XL,329.0
c0069,Hombres delgado ajuste a cuadros camisa casual cuello de extensión,Men Slim Fit Checkered Spread Collar Casual Shirt,moda-ropa,hombre,rojo,S,284.0
c0070,Hombres Regular ajuste rayas de cuello de extensión casual Camisa,Men Regular Fit Striped Spread Collar Casual Shirt,moda-ropa,hombre,blanco,S,959.0
c0071,Hombres Regularmente Encaje Camisa Casual A cuadros,Men Regular Fit Checkered Casual Shirt,moda-ropa,hombre,rojo,S,1039.0
c0072,Hombres Regular ajuste rayas de cuello de extensión casual Camisa,Men Regular Fit Striped Spread Collar Casual Shirt,moda-ropa,hombre,azul,L,289.0
c0073,Hombres Regular Fit sólido Collar Mandarín Casual Camisa,Men Regular Fit Solid Mandarin Collar Casual Shirt,moda-ropa,hombre,azul,L,289.0
c0074,Hombres Regularmente Ajuste sólido Collar de extensión Casual Camisa,Men Regular Fit Solid Spread Collar Casual Shirt,moda-ropa,hombre,negro,S,438.0
c0075,Hombres camisa casual sólida ajustada delgada,Men Slim Fit Solid Casual Shirt,moda-ropa,hombre,negro,L,358.0
c0076,Hombres camisa casual ajustada delgada a cuadros,Men Slim Fit Checkered Casual Shirt,moda-ropa,hombre,negro,XL,949.0
c0077,Hombre delgado ajuste sólido de la camisa casual del cuello de la exte,Men Slim Fit Solid Spread Collar Casual Shirt,moda-ropa,hombre,azul,XL,758.0
c0078,Hombres Regularmente Ajuste sólido Collar de extensión Casual Camisa,Men Regular Fit Solid Spread Collar Casual Shirt,moda-ropa,hombre,azul,L,288.0
c0079,Hombres delgado ajuste rayas cuello de extensión camisa casual,Men Slim Fit Striped Spread Collar Casual Shirt,moda-ropa,hombre,negro,L,349.0
c0080,Hombres regular ajuste de color bloque de camisa casual,Men Regular Fit Color Block Casual Shirt,moda-ropa,hombre,negro,L,349.0
c0081,Hombres delgado ajuste rayas casual Camisa,Men Slim Fit Striped Casual Shirt,moda-ropa,hombre,azul,L,899.0
c0082,Hombres Regularmente Encaje Camisa Casual Impreso,Men Regular Fit Printed Casual Shirt,moda-ropa,hombre,gris,L,399.0
c0083,Hombres delgado ajuste rayas delgado cuello casual camisa,Men Slim Fit Striped Slim Collar Casual Shirt,moda-ropa,hombre,negro,18,499.0
c0084,Hombres Regularmente Encaje Collar Mandarín A cuadros Camisa Casual,Men Regular Fit Checkered Mandarin Collar Casual Shirt,moda-ropa,hombre,rojo,S,399.0
c0085,Hombres delgado ajuste color bloque casual camisa,Men Slim Fit Color Block Casual Shirt,moda-ropa,hombre,azul,S,299.0
c0086,Hombres Regularmente Encaje Camisa Casual Impreso,Men Regular Fit Printed Casual Shirt,moda-ropa,hombre,negro,L,959.0
c0087,Hombres camisa casual ajustada delgada a cuadros,Men Slim Fit Checkered Casual Shirt,moda-ropa,hombre,rojo,M,849.0
c0088,Hombres Regularmente Ajuste sólido Collar de extensión Casual Camisa,Men Regular Fit Solid Spread Collar Casual Shirt,moda-ropa,hombre,blanco,M,289.0
c0089,"Hombres Regular, delgado ajuste sólido Collar de extensión Casual Cami","Men Regular, Slim Fit Solid Spread Collar Casual Shirt",moda-ropa,hombre,morado,L,319.0
c0090,Hombres regular ajuste estampado collar de extensión camisa casual,Men Regular Fit Printed Spread Collar Casual Shirt,moda-ropa,hombre,blanco,S,389.0
c0091,Hombres Regularmente Encaje Camisa Casual A cuadros,Men Regular Fit Checkered Casual Shirt,moda-ropa,hombre,rojo,XL,1039.0
c0092,Hombres Regularmente Ajuste sólido Collar de extensión Casual Camisa,Men Regular Fit Solid Spread Collar Casual Shirt,moda-ropa,hombre,negro,XL,288.0
c0093,Hombre delgado ajuste de cuello de mandarín lavado camisa casual,Men Slim Fit Washed Mandarin Collar Casual Shirt,moda-ropa,hombre,varios,M,398.0
c0094,Hombres delgados ajuste gráfico estampado collar de la correa Casual C,Men Slim Fit Graphic Print Ribbed Collar Casual Shirt,moda-ropa,hombre,rojo,S,388.0
c0095,Hombre delgado ajuste sólido de la camisa casual del cuello de la exte,Men Slim Fit Solid Spread Collar Casual Shirt,moda-ropa,hombre,blanco,L,438.0
c0096,Hombres camisa casual ajustada delgada a cuadros,Men Slim Fit Checkered Casual Shirt,moda-ropa,hombre,rojo,M,799.0
c0097,Hombres delgado ajuste floral estampado casual camisa,Men Slim Fit Floral Print Casual Shirt,moda-ropa,hombre,verde,M,791.0
c0098,Hombre delgado ajuste de cuello de mandarín lavado camisa casual,Men Slim Fit Washed Mandarin Collar Casual Shirt,moda-ropa,hombre,verde,L,398.0
c0099,Hombres Regularmente Encaje Botón Solido Abajo Camisa Formal,Men Regular Fit Solid Button Down Collar Formal Shirt,moda-ropa,hombre,gris,L,339.0
c0100,Hombres camisa casual ajustada delgada a cuadros,Men Slim Fit Checkered Casual Shirt,moda-ropa,hombre,negro,S,949.0
c0101,Hombres delgado ajuste estampado cuello de extensión camisa casual,Men Slim Fit Printed Spread Collar Casual Shirt,moda-ropa,hombre,azul,M,1039.0
c0102,Hombres regular ajuste estampado collar de extensión camisa casual,Men Regular Fit Printed Spread Collar Casual Shirt,moda-ropa,hombre,azul,L,349.0
c0103,Hombres Regular Fit sólido Collar Mandarín Casual Camisa,Men Regular Fit Solid Mandarin Collar Casual Shirt,moda-ropa,hombre,azul,L,339.0
c0104,Hombres delgado ajuste a cuadros camisa casual cuello de extensión,Men Slim Fit Checkered Spread Collar Casual Shirt,moda-ropa,hombre,blanco,L,329.0
c0105,Hombres Regularmente En forma sólido Casual Camisa,Men Regular Fit Solid Casual Shirt,moda-ropa,hombre,blanco,XL,289.0
c0106,Hombres camisa casual ajustada delgada a cuadros,Men Slim Fit Checkered Casual Shirt,moda-ropa,hombre,rojo,L,799.0
c0107,Hombres camisa casual ajustada delgada a cuadros,Men Slim Fit Checkered Casual Shirt,moda-ropa,hombre,rojo,S,999.0
c0108,Hombres delgados ajustados a cuadros camisa casual delgada cuello,Men Slim Fit Checkered Slim Collar Casual Shirt,moda-ropa,hombre,blanco,S,329.0
c0109,Hombre delgado ajuste sólido de la camisa casual del cuello de la exte,Men Slim Fit Solid Spread Collar Casual Shirt,moda-ropa,hombre,negro,18,649.0
c0110,Hombres camisa casual sólida ajustada delgada,Men Slim Fit Solid Casual Shirt,moda-ropa,hombre,verde,M,959.0
c0111,Hombres Regular ajuste rayas de cuello de extensión casual Camisa,Men Regular Fit Striped Spread Collar Casual Shirt,moda-ropa,hombre,blanco,XL,959.0
c0112,Hombres Regularmente Ajustado Collar Estirado Camisa Casual,Men Regular Fit Checkered Spread Collar Casual Shirt,moda-ropa,hombre,blanco,M,329.0
c0113,Hombres Regularmente Encaje Botón Solido Abajo Camisa Formal,Men Regular Fit Solid Button Down Collar Formal Shirt,moda-ropa,hombre,negro,M,339.0
c0114,Hombres delgado ajuste camisa casual impresa,Men Slim Fit Printed Casual Shirt,moda-ropa,hombre,blanco,S,494.0
c0115,Hombres Regularmente Ajuste sólido Collar de extensión Casual Camisa,Men Regular Fit Solid Spread Collar Casual Shirt,moda-ropa,hombre,azul,M,438.0
c0116,Hombres Regularmente Encaje Camisa Casual A cuadros,Men Regular Fit Checkered Casual Shirt,moda-ropa,hombre,rojo,XL,1039.0
c0117,Hombres delgado ajuste camisa casual impresa,Men Slim Fit Printed Casual Shirt,moda-ropa,hombre,azul,L,849.0
c0118,Hombres Regularmente Encaje Camisa Casual A cuadros,Men Regular Fit Checkered Casual Shirt,moda-ropa,hombre,rojo,M,363.0
c0119,Hombre delgado ajuste sólido de la camisa formal de cuello de extensió,Men Slim Fit Solid Spread Collar Formal Shirt,moda-ropa,hombre,gris,M,389.0
c0120,Hombres regular ajuste de color bloque de camisa casual,Men Regular Fit Color Block Casual Shirt,moda-ropa,hombre,negro,S,359.0
c0121,Hombres Regularmente Encaje sólido Formal Camisa,Men Regular Fit Solid Formal Shirt,moda-ropa,hombre,rosa,L,445.0
c0122,"Hombres delgados ajuste impreso, rayas acanalado cuello casual Shir...","Men Slim Fit Printed, Striped Ribbed Collar Casual Shir...",moda-ropa,hombre,azul,S,377.0
c0123,Hombres delgado ajuste a cuadros camisa casual cuello de extensión,Men Slim Fit Checkered Spread Collar Casual Shirt,moda-ropa,hombre,rojo,M,284.0
c0124,Hombre delgado ajuste sólido de la camisa casual del cuello de la exte,Men Slim Fit Solid Spread Collar Casual Shirt,moda-ropa,hombre,varios,L,378.0
c0125,Hombres regular ajuste estampado collar de extensión camisa casual,Men Regular Fit Printed Spread Collar Casual Shirt,moda-ropa,hombre,verde,S,423.0
c0126,Hombres regular ajuste de color bloque de camisa casual,Men Regular Fit Color Block Casual Shirt,moda-ropa,hombre,negro,M,349.0
c0127,Hombres camisa casual ajustada delgada a cuadros,Men Slim Fit Checkered Casual Shirt,moda-ropa,hombre,rojo,M,799.0
c0128,Hombres regular ajuste estampado collar de extensión camisa casual,Men Regular Fit Printed Spread Collar Casual Shirt,moda-ropa,hombre,blanco,L,329.0
c0129,Hombre delgado ajuste de cuello de mandarín lavado camisa casual,Men Slim Fit Washed Mandarin Collar Casual Shirt,moda-ropa,hombre,blanco,S,398.0
c0130,Hombres regular ajuste estampado collar de extensión camisa casual,Men Regular Fit Printed Spread Collar Casual Shirt,moda-ropa,hombre,blanco,S,389.0
c0131,Hombres Regularmente Encaje Camisa Casual A cuadros,Men Regular Fit Checkered Casual Shirt,moda-ropa,hombre,rojo,S,1039.0
c0132,Hombres Slim Fit Slim Collar Slim Camisa Casual,Men Slim Fit Solid Slim Collar Casual Shirt,moda-ropa,hombre,naranja,18,649.0
c0133,Hombres Regularmente Ajuste sólido Collar de extensión Casual Camisa,Men Regular Fit Solid Spread Collar Casual Shirt,moda-ropa,hombre,blanco,M,328.0
c0134,Hombre delgado ajuste sólido de la camisa formal de cuello de extensió,Men Slim Fit Solid Spread Collar Formal Shirt,moda-ropa,hombre,verde,XL,398.0
c0135,Hombre delgado ajuste de cuello de mandarín lavado camisa casual,Men Slim Fit Washed Mandarin Collar Casual Shirt,moda-ropa,hombre,amarillo,M,398.0
c0136,Hombres Regularmente Encaje sólido Formal Camisa,Men Regular Fit Solid Formal Shirt,moda-ropa,hombre,azul,L,445.0
c0137,Hombres camisa casual ajustada delgada a cuadros,Men Slim Fit Checkered Casual Shirt,moda-ropa,hombre,rojo,XL,799.0
c0138,Hombre delgado ajuste sólido de la camisa formal de cuello de extensió,Men Slim Fit Solid Spread Collar Formal Shirt,moda-ropa,hombre,morado,M,398.0
c0139,Hombres delgados en forma sólida botón abajo camisa casual cuello,Men Slim Fit Solid Button Down Collar Casual Shirt,moda-ropa,hombre,rosa,L,499.0
c0140,Hombres camisa casual ajustada delgada a cuadros,Men Slim Fit Checkered Casual Shirt,moda-ropa,hombre,rojo,S,849.0
c0141,Hombres delgado ajuste rayas casual Camisa,Men Slim Fit Striped Casual Shirt,moda-ropa,hombre,azul,XL,899.0
c0142,Hombres Regularmente Ajuste sólido Collar de extensión Casual Camisa,Men Regular Fit Solid Spread Collar Casual Shirt,moda-ropa,hombre,negro,S,339.0
c0143,Hombres delgados ajuste a cuadros corte lejos collar casual camisa,Men Slim Fit Checkered Cut Away Collar Casual Shirt,moda-ropa,hombre,rojo,M,474.0
c0144,"Hombres Regular, delgado ajuste sólido Collar de extensión Casual Cami","Men Regular, Slim Fit Solid Spread Collar Casual Shirt",moda-ropa,hombre,negro,M,339.0
c0145,Hombres delgados corte sólido corte lejos camisa casual collar,Men Slim Fit Solid Cut Away Collar Casual Shirt,moda-ropa,hombre,verde,M,545.0
c0146,Hombres delgado ajuste floral estampado casual camisa,Men Slim Fit Floral Print Casual Shirt,moda-ropa,hombre,verde,S,791.0
c0147,Hombres Regularmente Encaje sólido Formal Camisa,Men Regular Fit Solid Formal Shirt,moda-ropa,hombre,verde,M,445.0
c0148,Hombres Regularmente Ajuste sólido Collar de extensión Casual Camisa,Men Regular Fit Solid Spread Collar Casual Shirt,moda-ropa,hombre,azul,M,288.0
c0149,Hombres Regularmente Ajuste sólido Collar de extensión Casual Camisa,Men Regular Fit Solid Spread Collar Casual Shirt,moda-ropa,hombre,azul,XL,339.0
c0150,Hombres delgado ajuste estampado cuello de extensión camisa casual,Men Slim Fit Printed Spread Collar Casual Shirt,moda-ropa,hombre,azul,L,1039.0
c0151,Hombres delgado ajuste camisa casual impresa,Men Slim Fit Printed Casual Shirt,moda-ropa,hombre,azul,M,999.0
c0152,Hombres Regular Fit sólido Collar de extensión formal Camisa,Men Regular Fit Solid Spread Collar Formal Shirt,moda-ropa,hombre,varios,L,379.0
c0153,Hombres Regularmente En forma sólido Casual Camisa,Men Regular Fit Solid Casual Shirt,moda-ropa,hombre,naranja,S,289.0
c0154,Hombre delgado ajuste de cuello de mandarín lavado camisa casual,Men Slim Fit Washed Mandarin Collar Casual Shirt,moda-ropa,hombre,verde,L,398.0
c0155,Hombres Regularmente Encaje Botón Solido Abajo Camisa Formal,Men Regular Fit Solid Button Down Collar Formal Shirt,moda-ropa,hombre,azul,XL,339.0
c0156,Hombres camisa casual sólida ajustada delgada,Men Slim Fit Solid Casual Shirt,moda-ropa,hombre,verde,L,959.0
c0157,Hombres Regular ajuste rayas de cuello de extensión casual Camisa,Men Regular Fit Striped Spread Collar Casual Shirt,moda-ropa,hombre,blanco,L,959.0
c0158,Hombres Regularmente Encaje Botón Solido Abajo Camisa Formal,Men Regular Fit Solid Button Down Collar Formal Shirt,moda-ropa,hombre,azul,L,339.0
c0159,Hombres regular ajuste floral estampado casual camisa,Men Regular Fit Floral Print Casual Shirt,moda-ropa,hombre,gris,XL,299.0
c0160,Hombres regular ajuste de color bloque de camisa casual,Men Regular Fit Color Block Casual Shirt,moda-ropa,hombre,negro,M,349.0
c0161,Hombres Regularmente Encaje Camisa Casual Impreso,Men Regular Fit Printed Casual Shirt,moda-ropa,hombre,negro,L,959.0
c0162,Hombres delgado ajuste rayas corte lejos collar casual camisa,Men Slim Fit Striped Cut Away Collar Casual Shirt,moda-ropa,hombre,multicolor,M,707.0
c0163,Hombres Regularmente Encaje Botón Solido Abajo Camisa Formal,Men Regular Fit Solid Button Down Collar Formal Shirt,moda-ropa,hombre,rosa,XL,339.0
c0164,Hombre delgado ajuste sólido de la camisa casual del cuello de la exte,Men Slim Fit Solid Spread Collar Casual Shirt,moda-calzado,hombre,negro,L,329.0
c0165,Hombres regular ajuste estampado collar de extensión camisa casual,Men Regular Fit Printed Spread Collar Casual Shirt,moda-ropa,hombre,blanco,M,259.0
c0166,Hombres camisa casual ajustada delgada a cuadros,Men Slim Fit Checkered Casual Shirt,moda-ropa,hombre,rojo,XL,799.0
c0167,Hombres regular ajuste estampado collar de extensión camisa casual,Men Regular Fit Printed Spread Collar Casual Shirt,moda-ropa,hombre,blanco,M,389.0
c0168,Hombres Regular Fit sólido Collar de extensión formal Camisa,Men Regular Fit Solid Spread Collar Formal Shirt,moda-ropa,hombre,rosa,L,429.0
c0169,Hombres regular ajuste floral impresión de la camisa casual del collar,Men Regular Fit Floral Print Spread Collar Casual Shirt,moda-ropa,hombre,rosa,M,299.0
c0170,Hombres Regularmente Encaje Camisa Casual A cuadros,Men Regular Fit Checkered Casual Shirt,moda-ropa,hombre,rojo,M,1039.0
c0171,Hombres camisa casual ajustada delgada a cuadros,Men Slim Fit Checkered Casual Shirt,moda-ropa,hombre,rojo,L,849.0
c0172,Hombres delgados ajuste a cuadros corte lejos collar casual camisa,Men Slim Fit Checkered Cut Away Collar Casual Shirt,moda-ropa,hombre,rojo,S,399.0
c0173,Hombres Regular Fit sólido Collar Mandarín Casual Camisa,Men Regular Fit Solid Mandarin Collar Casual Shirt,moda-ropa,hombre,blanco,XL,354.0
c0174,Hombre delgado ajuste sólido de la camisa casual del cuello de la exte,Men Slim Fit Solid Spread Collar Casual Shirt,moda-ropa,hombre,blanco,XL,529.0
c0175,Hombres delgado ajuste a cuadros camisa casual cuello de extensión,Men Slim Fit Checkered Spread Collar Casual Shirt,moda-ropa,hombre,rojo,L,329.0
c0176,Hombres delgado ajuste rayas casual Camisa,Men Slim Fit Striped Casual Shirt,moda-ropa,hombre,azul,XL,899.0
c0177,Hombres delgado ajuste floral estampado casual camisa,Men Slim Fit Floral Print Casual Shirt,moda-ropa,hombre,verde,L,791.0
c0178,Hombres Regular ajuste rayas de cuello de extensión casual Camisa,Men Regular Fit Striped Spread Collar Casual Shirt,moda-ropa,hombre,multicolor,L,299.0
c0179,Hombres Regular Fit sólido Collar Mandarín Casual Camisa,Men Regular Fit Solid Mandarin Collar Casual Shirt,moda-ropa,hombre,azul,M,319.0
c0180,Hombres delgado ajuste estampado cuello de extensión camisa casual,Men Slim Fit Printed Spread Collar Casual Shirt,moda-ropa,hombre,azul,M,1039.0
c0181,Hombres camisa casual ajustada delgada a cuadros,Men Slim Fit Checkered Casual Shirt,moda-ropa,hombre,rojo,L,799.0
c0182,Hombres Regular ajuste impreso corte lejos collar casual camisa,Men Regular Fit Printed Cut Away Collar Casual Shirt,moda-ropa,hombre,naranja,M,376.0
c0183,Hombres Regularmente Ajuste a cuadros corte lejos collar casual camisa,Men Regular Fit Checkered Cut Away Collar Casual Shirt,moda-ropa,hombre,rojo,L,584.0
c0184,Hombre delgado ajuste sólido cuello mandarín casual camisa,Men Slim Fit Solid Mandarin Collar Casual Shirt,moda-ropa,hombre,rosa,L,499.0
c0185,Hombres Regular Fit sólido Collar Mandarín Casual Camisa,Men Regular Fit Solid Mandarin Collar Casual Shirt,moda-ropa,hombre,blanco,M,356.0
c0186,Hombres camisa casual sólida ajustada delgada,Men Slim Fit Solid Casual Shirt,moda-ropa,hombre,verde,L,959.0
c0187,Hombres Regular ajuste rayas de cuello de extensión casual Camisa,Men Regular Fit Striped Spread Collar Casual Shirt,moda-ropa,hombre,blanco,L,959.0
c0188,Hombres delgado ajuste a cuadros camisa casual cuello de extensión,Men Slim Fit Checkered Spread Collar Casual Shirt,moda-ropa,hombre,blanco,S,355.0
c0189,Hombres Regularmente Encaje Botón Solido Abajo Camisa Formal,Men Regular Fit Solid Button Down Collar Formal Shirt,moda-ropa,hombre,azul,M,339.0
c0190,Hombres Regularmente Encaje Camisa Casual A cuadros,Men Regular Fit Checkered Casual Shirt,moda-ropa,hombre,rojo,M,1039.0
c0191,Hombres camisa casual ajustada delgada a cuadros,Men Slim Fit Checkered Casual Shirt,moda-ropa,hombre,negro,S,949.0
c0192,Hombres camisa casual ajustada delgada a cuadros,Men Slim Fit Checkered Casual Shirt,moda-ropa,hombre,rojo,L,438.0
c0193,Hombre delgado ajuste sólido cuello mandarín casual camisa,Men Slim Fit Solid Mandarin Collar Casual Shirt,moda-ropa,hombre,varios,M,398.0
c0194,Hombres Regular Fit sólido Collar de extensión formal Camisa,Men Regular Fit Solid Spread Collar Formal Shirt,moda-ropa,hombre,azul,L,429.0
c0195,Hombres Regularmente En forma sólido Casual Camisa,Men Regular Fit Solid Casual Shirt,moda-ropa,hombre,blanco,M,316.0
c0196,Hombres camisa casual ajustada delgada a cuadros,Men Slim Fit Checkered Casual Shirt,moda-ropa,hombre,rojo,M,999.0
c0197,Hombre delgado ajuste sólido de la camisa casual del cuello de la exte,Men Slim Fit Solid Spread Collar Casual Shirt,moda-ropa,hombre,azul,S,758.0
c0198,Hombre delgado ajuste sólido de la camisa casual del cuello de la exte,Men Slim Fit Solid Spread Collar Casual Shirt,moda-ropa,hombre,negro,L,378.0
c0199,Hombres Regularmente Encaje Camisa Casual A cuadros,Men Regular Fit Checkered Casual Shirt,moda-ropa,hombre,blanco,M,559.0
c0200,Hombres Regularmente Encaje sólido Formal Camisa,Men Regular Fit Solid Formal Shirt,moda-ropa,hombre,azul,S,445.0
c0201,Hombres Regularmente Encaje sólido Formal Camisa,Men Regular Fit Solid Formal Shirt,moda-ropa,hombre,rosa,M,445.0
c0202,Hombre regular ajuste auto diseño botón de abajo collar casual S...,Men Regular Fit Self Design Button Down Collar Casual S...,moda-ropa,hombre,blanco,S,494.0
c0203,Hombres regular ajuste estampado collar de extensión camisa casual,Men Regular Fit Printed Spread Collar Casual Shirt,moda-ropa,hombre,negro,M,299.0
c0204,Hombre delgado ajuste sólido de la camisa casual del cuello de la exte,Men Slim Fit Solid Spread Collar Casual Shirt,moda-ropa,hombre,negro,M,621.0
c0205,Hombres delgado ajuste estampado cuello de extensión camisa casual,Men Slim Fit Printed Spread Collar Casual Shirt,moda-ropa,hombre,blanco,L,328.0
c0206,Hombres regular ajuste de color bloque de camisa casual,Men Regular Fit Color Block Casual Shirt,moda-ropa,hombre,negro,L,359.0
c0207,Hombres regular ajuste de color bloque de camisa casual,Men Regular Fit Color Block Casual Shirt,moda-ropa,hombre,negro,XL,349.0
c0208,Hombres Slim Fit Slim Collar Slim Camisa Casual,Men Slim Fit Solid Slim Collar Casual Shirt,moda-ropa,hombre,verde,18,499.0
c0209,Hombres Regularmente Encaje Collar Collar Costumbre impreso Casual Cam,Men Regular Fit Printed Ribbed Collar Casual Shirt,moda-ropa,hombre,rojo,M,327.0
c0210,Hombres regular ajuste estampado collar de extensión camisa casual,Men Regular Fit Printed Spread Collar Casual Shirt,moda-ropa,hombre,blanco,M,389.0
c0211,Hombres Regularmente Encaje Camisa Casual A cuadros,Men Regular Fit Checkered Casual Shirt,moda-ropa,hombre,rojo,M,1039.0
c0212,Hombre delgado ajuste sólido de la camisa casual del cuello de la exte,Men Slim Fit Solid Spread Collar Casual Shirt,moda-ropa,hombre,blanco,M,620.0
c0213,Hombres Regular Fit sólido Collar de extensión formal Camisa,Men Regular Fit Solid Spread Collar Formal Shirt,moda-ropa,hombre,azul,L,429.0
c0214,Hombres Regular ajuste rayas de cuello de extensión casual Camisa,Men Regular Fit Striped Spread Collar Casual Shirt,moda-ropa,hombre,varios,L,289.0
c0215,Hombres Regularmente En forma sólido Casual Camisa,Men Regular Fit Solid Casual Shirt,moda-ropa,hombre,azul,L,289.0
c0216,Hombres camisa casual ajustada delgada a cuadros,Men Slim Fit Checkered Casual Shirt,moda-ropa,hombre,rojo,M,799.0
c0217,Hombres delgado ajuste floral estampado casual camisa,Men Slim Fit Floral Print Casual Shirt,moda-ropa,hombre,verde,M,791.0
c0218,Hombres delgados ajuste a cuadros corte lejos collar casual camisa,Men Slim Fit Checkered Cut Away Collar Casual Shirt,moda-ropa,hombre,rojo,XL,691.0
c0219,Hombres Regular ajuste autodiseño camisa casual,Men Regular Fit Self Design Casual Shirt,moda-ropa,hombre,blanco,M,424.0
c0220,Hombres Regularmente Encaje sólido Formal Camisa,Men Regular Fit Solid Formal Shirt,moda-ropa,hombre,verde,L,445.0
c0221,Hombres delgado ajuste rayas casual Camisa,Men Slim Fit Striped Casual Shirt,moda-ropa,hombre,azul,M,899.0
c0222,Hombres Regularmente Encaje Botón Solido Abajo Camisa Formal,Men Regular Fit Solid Button Down Collar Formal Shirt,moda-ropa,hombre,verde,M,339.0
c0223,Hombres Regularmente En forma sólido Casual Camisa,Men Regular Fit Solid Casual Shirt,moda-ropa,hombre,azul,M,288.0
c0224,"Hombres Regular, delgado ajuste sólido Collar de extensión Casual Cami","Men Regular, Slim Fit Solid Spread Collar Casual Shirt",moda-ropa,hombre,azul,M,339.0
c0225,Hombres Regular Fit sólido Collar Mandarín Casual Camisa,Men Regular Fit Solid Mandarin Collar Casual Shirt,moda-ropa,hombre,negro,M,289.0
c0226,Hombres delgado ajuste estampado cuello de extensión camisa casual,Men Slim Fit Printed Spread Collar Casual Shirt,moda-ropa,hombre,azul,XL,1039.0
c0227,Hombres camisa casual sólida ajustada delgada,Men Slim Fit Solid Casual Shirt,moda-ropa,hombre,verde,M,959.0
c0228,Hombres Regularmente En forma sólido Casual Camisa,Men Regular Fit Solid Casual Shirt,moda-ropa,hombre,rosa,M,289.0
c0229,Hombre delgado ajuste sólido de la camisa casual del cuello de la exte,Men Slim Fit Solid Spread Collar Casual Shirt,moda-ropa,hombre,blanco,L,328.0
c0230,Hombres Regular ajuste rayas de cuello de extensión casual Camisa,Men Regular Fit Striped Spread Collar Casual Shirt,moda-ropa,hombre,blanco,M,959.0
c0231,Hombres Regularmente Encaje Camisa Casual A cuadros,Men Regular Fit Checkered Casual Shirt,moda-ropa,hombre,rojo,S,1039.0
c0232,Hombres Regular ajuste rayas corte lejos collar casual camisa,Men Regular Fit Striped Cut Away Collar Casual Shirt,moda-ropa,hombre,azul,XL,1532.0
c0233,Hombre delgado ajuste sólido cuello mandarín casual camisa,Men Slim Fit Solid Mandarin Collar Casual Shirt,moda-ropa,hombre,blanco,XL,302.0
c0234,Hombres delgado ajuste estampado cuello de extensión camisa casual,Men Slim Fit Printed Spread Collar Casual Shirt,moda-ropa,hombre,negro,L,330.0
c0235,Hombres Regularmente Ajuste sólido Collar de extensión Casual Camisa,Men Regular Fit Solid Spread Collar Casual Shirt,moda-ropa,hombre,gris,M,339.0
c0236,Hombres camisa casual ajustada delgada a cuadros,Men Slim Fit Checkered Casual Shirt,moda-ropa,hombre,rojo,L,999.0
c0237,Hombres camisa casual sólida ajustada delgada,Men Slim Fit Solid Casual Shirt,moda-ropa,hombre,verde,S,1079.0
c0238,Hombres Regularmente Ajuste sólido Collar de extensión Casual Camisa,Men Regular Fit Solid Spread Collar Casual Shirt,moda-ropa,hombre,varios,XL,289.0
c0239,Hombres Regular Fit sólido Collar de extensión formal Camisa,Men Regular Fit Solid Spread Collar Formal Shirt,moda-ropa,hombre,rosa,M,379.0
c0240,Hombres Regularmente Encaje sólido Formal Camisa,Men Regular Fit Solid Formal Shirt,moda-ropa,hombre,rosa,L,445.0
c0241,Hombres regular ajuste de color bloque de camisa casual,Men Regular Fit Color Block Casual Shirt,moda-ropa,hombre,negro,L,349.0
c0242,Hombres regular ajuste botón impreso abajo cuello casual camisa,Men Regular Fit Printed Button Down Collar Casual Shirt,moda-ropa,hombre,negro,L,292.0
c0243,Hombres delgado ajuste impreso corte lejos collar casual camisa,Men Slim Fit Printed Cut Away Collar Casual Shirt,moda-ropa,hombre,negro,S,374.0
c0244,Hombres Regular ajuste rayas corte lejos collar casual camisa,Men Regular Fit Striped Cut Away Collar Casual Shirt,moda-ropa,hombre,negro,M,289.0
c0245,Hombres delgado ajuste estampado cuello de extensión camisa casual,Men Slim Fit Printed Spread Collar Casual Shirt,moda-ropa,hombre,azul,L,329.0
c0246,Hombres Regularmente Encaje Camisa Casual Impreso,Men Regular Fit Printed Casual Shirt,moda-ropa,hombre,negro,L,959.0
c0247,Hombres regular ajuste estampado collar de extensión camisa casual,Men Regular Fit Printed Spread Collar Casual Shirt,moda-ropa,hombre,blanco,L,389.0
c0248,Hombre delgado ajuste auto diseño botón de abajo collar...,Men Slim Fit Self Design Button Down Collar Casual Shir...,moda-ropa,hombre,blanco,M,599.0
c0249,Hombres camisa casual sólida ajustada delgada,Men Slim Fit Solid Casual Shirt,moda-ropa,hombre,negro,18,328.0
c0250,Hombres Regularmente Encaje Camisa Casual A cuadros,Men Regular Fit Checkered Casual Shirt,moda-ropa,hombre,rojo,L,1039.0
c0251,Hombres camisa casual ajustada delgada a cuadros,Men Slim Fit Checkered Casual Shirt,moda-ropa,hombre,rojo,L,799.0
c0252,Hombres Regular ajuste impreso corte lejos collar casual camisa,Men Regular Fit Printed Cut Away Collar Casual Shirt,moda-ropa,hombre,naranja,L,376.0
c0253,Hombres Regularmente Ajuste sólido Collar de extensión Casual Camisa,Men Regular Fit Solid Spread Collar Casual Shirt,moda-ropa,hombre,blanco,S,339.0
c0254,Hombres delgado ajuste estampado cuello de extensión camisa casual,Men Slim Fit Printed Spread Collar Casual Shirt,moda-ropa,hombre,blanco,L,438.0
c0255,Hombres Regular ajuste rayas de cuello de extensión casual Camisa,Men Regular Fit Striped Spread Collar Casual Shirt,moda-ropa,hombre,naranja,S,289.0
c0256,Hombres camisa casual ajustada delgada a cuadros,Men Slim Fit Checkered Casual Shirt,moda-ropa,hombre,rojo,M,849.0
c0257,Hombres delgado ajuste floral estampado casual camisa,Men Slim Fit Floral Print Casual Shirt,moda-ropa,hombre,verde,L,791.0
c0258,Hombres Regular ajuste impreso corte lejos collar casual camisa,Men Regular Fit Printed Cut Away Collar Casual Shirt,moda-ropa,hombre,negro,L,314.0
c0259,Hombres Regular ajuste rayas corte lejos collar casual camisa,Men Regular Fit Striped Cut Away Collar Casual Shirt,moda-ropa,hombre,amarillo,M,587.0
c0260,Hombres delgado ajuste rayas casual Camisa,Men Slim Fit Striped Casual Shirt,moda-ropa,hombre,azul,L,899.0
c0261,Hombres delgado ajuste estampado cuello de extensión camisa casual,Men Slim Fit Printed Spread Collar Casual Shirt,moda-ropa,hombre,azul,M,1039.0
c0262,Hombres Regularmente En forma sólido Casual Camisa,Men Regular Fit Solid Casual Shirt,moda-ropa,hombre,verde,M,559.0
c0263,Hombres delgados ajustados a cuadros camisa casual delgada cuello,Men Slim Fit Checkered Slim Collar Casual Shirt,moda-ropa,hombre,negro,L,329.0
c0264,"Hombres Regular, delgado ajuste sólido Collar de extensión Casual Cami","Men Regular, Slim Fit Solid Spread Collar Casual Shirt",moda-ropa,hombre,varios,S,339.0
c0265,Hombres delgado ajuste rayas corte lejos collar casual camisa,Men Slim Fit Striped Cut Away Collar Casual Shirt,moda-ropa,hombre,blanco,L,528.0
c0266,Hombres camisa casual sólida ajustada delgada,Men Slim Fit Solid Casual Shirt,moda-ropa,hombre,verde,L,959.0
c0267,Hombres Regular ajuste rayas de cuello de extensión casual Camisa,Men Regular Fit Striped Spread Collar Casual Shirt,moda-ropa,hombre,blanco,M,959.0
c0268,Hombres Regular ajuste rayas corte lejos collar casual camisa,Men Regular Fit Striped Cut Away Collar Casual Shirt,moda-ropa,hombre,gris,M,587.0
c0269,Hombres delgado ajuste impreso corte lejos collar casual camisa,Men Slim Fit Printed Cut Away Collar Casual Shirt,moda-ropa,hombre,multicolor,S,527.0
c0270,Hombres Regularmente Encaje Camisa Casual A cuadros,Men Regular Fit Checkered Casual Shirt,moda-ropa,hombre,rojo,M,1039.0
c0271,Hombres camisa casual ajustada delgada a cuadros,Men Slim Fit Checkered Casual Shirt,moda-ropa,hombre,rojo,L,999.0
c0272,Hombre delgado ajuste sólido de la camisa formal de cuello de extensió,Men Slim Fit Solid Spread Collar Formal Shirt,moda-ropa,hombre,negro,XL,398.0
c0273,Hombres regular ajuste estampado collar de extensión camisa casual,Men Regular Fit Printed Spread Collar Casual Shirt,moda-ropa,hombre,blanco,L,423.0
c0274,Hombre delgado ajuste de cuello de mandarín lavado camisa casual,Men Slim Fit Washed Mandarin Collar Casual Shirt,moda-ropa,hombre,azul,XL,398.0
c0275,Hombre delgado ajuste sólido de la camisa casual del cuello de la exte,Men Slim Fit Solid Spread Collar Casual Shirt,moda-ropa,hombre,negro,L,438.0
c0276,Hombre delgado ajuste sólido de la camisa casual del cuello de la exte,Men Slim Fit Solid Spread Collar Casual Shirt,moda-ropa,hombre,azul,XL,758.0
c0277,Hombre Super Slim Fit sólido Collar Mandarín Casual Camisa,Men Super Slim Fit Solid Mandarin Collar Casual Shirt,moda-ropa,hombre,rojo,M,1559.0
c0278,Hombres delgado ajuste camisa casual impresa,Men Slim Fit Printed Casual Shirt,moda-ropa,hombre,multicolor,L,526.0
c0279,Hombres delgado ajuste a cuadros camisa casual cuello de extensión,Men Slim Fit Checkered Spread Collar Casual Shirt,moda-ropa,hombre,rojo,L,1039.0
c0280,Hombres regular ajuste de color bloque de camisa casual,Men Regular Fit Color Block Casual Shirt,moda-ropa,hombre,negro,M,349.0
c0281,Hombres Regularmente Encaje Camisa Casual Impreso,Men Regular Fit Printed Casual Shirt,moda-ropa,hombre,negro,M,959.0
c0282,Hombres Regularmente Ajustar Camisa Formal A cuadros,Men Regular Fit Checkered Formal Shirt,moda-ropa,hombre,rojo,M,734.0
c0283,Hombres Regular ajuste autodiseño camisa casual,Men Regular Fit Self Design Casual Shirt,moda-ropa,hombre,blanco,M,424.0
c0284,Hombres Regularmente Encaje Camisa Casual A cuadros,Men Regular Fit Checkered Casual Shirt,moda-ropa,hombre,rojo,S,670.0
c0285,Hombres Regularmente Ajustado Collar Estirado Camisa Casual,Men Regular Fit Checkered Spread Collar Casual Shirt,moda-ropa,hombre,rojo,L,349.0
c0286,Hombres regular ajuste estampado collar de extensión camisa casual,Men Regular Fit Printed Spread Collar Casual Shirt,moda-ropa,hombre,blanco,XL,389.0
c0287,Hombres Regularmente Encaje Camisa Casual A cuadros,Men Regular Fit Checkered Casual Shirt,moda-ropa,hombre,rojo,M,1039.0
c0288,Hombres delgados corte sólido corte lejos camisa casual collar,Men Slim Fit Solid Cut Away Collar Casual Shirt,moda-ropa,hombre,morado,XL,699.0
c0289,Hombres delgado ajuste color bloque casual camisa,Men Slim Fit Color Block Casual Shirt,moda-ropa,hombre,negro,M,279.0
c0290,Hombres camisa casual ajustada delgada a cuadros,Men Slim Fit Checkered Casual Shirt,moda-ropa,hombre,rojo,S,799.0
c0291,Hombres camisa casual ajustada delgada a cuadros,Men Slim Fit Checkered Casual Shirt,moda-ropa,hombre,rojo,XL,849.0
c0292,Hombres Regularmente Encaje Botón Solido Camisa Casual Collar,Men Regular Fit Solid Button Down Collar Casual Shirt,moda-ropa,hombre,blanco,M,449.0
c0293,Hombre delgado ajuste sólido cuello mandarín casual camisa,Men Slim Fit Solid Mandarin Collar Casual Shirt,moda-ropa,hombre,negro,M,649.0
c0294,Hombre delgado ajuste sólido cuello mandarín casual camisa,Men Slim Fit Solid Mandarin Collar Casual Shirt,moda-ropa,hombre,negro,XL,299.0
c0295,Hombres regular ajuste estampado collar de extensión camisa casual,Men Regular Fit Printed Spread Collar Casual Shirt,moda-ropa,hombre,azul,S,524.0
c0296,Hombres delgado ajuste floral estampado casual camisa,Men Slim Fit Floral Print Casual Shirt,moda-ropa,hombre,verde,L,791.0
c0297,Hombres delgado ajuste rayas casual Camisa,Men Slim Fit Striped Casual Shirt,moda-ropa,hombre,azul,M,899.0
c0298,Hombres Regular Fit sólido Collar Mandarín Casual Camisa,Men Regular Fit Solid Mandarin Collar Casual Shirt,moda-ropa,hombre,azul,L,279.0
c0299,Hombres Regular Fit sólido Collar Mandarín Casual Camisa,Men Regular Fit Solid Mandarin Collar Casual Shirt,moda-ropa,hombre,varios,L,289.0
c0300,Hombres delgado ajuste estampado cuello de extensión camisa casual,Men Slim Fit Printed Spread Collar Casual Shirt,moda-ropa,hombre,azul,M,1039.0
c0301,Hombres camisa casual sólida ajustada delgada,Men Slim Fit Solid Casual Shirt,moda-ropa,hombre,verde,L,959.0
c0302,Hombres Regularmente Ajuste sólido Collar de extensión Casual Camisa,Men Regular Fit Solid Spread Collar Casual Shirt,moda-ropa,hombre,varios,L,438.0
c0303,Hombres Regular Fit Slim Slim Collar Casual Camisa,Men Regular Fit Solid Slim Collar Casual Shirt,moda-ropa,hombre,blanco,L,345.0
c0304,Hombres Regularmente Encaje Camisa Casual A cuadros,Men Regular Fit Checkered Casual Shirt,moda-ropa,hombre,rojo,M,559.0
c0305,Hombres de ajuste regular rayas de cuello de mandarín formal camisa,Men Regular Fit Striped Mandarin Collar Formal Shirt,moda-ropa,hombre,blanco,M,340.0
c0306,Hombres Regular ajuste rayas de cuello de extensión casual Camisa,Men Regular Fit Striped Spread Collar Casual Shirt,moda-ropa,hombre,blanco,M,959.0
c0307,Hombres Regularmente Encaje Camisa Casual A cuadros,Men Regular Fit Checkered Casual Shirt,moda-ropa,hombre,rojo,M,1039.0
c0308,Hombre delgado ajuste a cuadros de cuello de extensión formal camisa,Men Slim Fit Checkered Spread Collar Formal Shirt,moda-ropa,hombre,rojo,L,359.0
c0309,Hombres delgado ajuste rayas casual Camisa,Men Slim Fit Striped Casual Shirt,moda-ropa,hombre,verde,L,499.0
c0310,Hombres camisa casual ajustada delgada a cuadros,Men Slim Fit Checkered Casual Shirt,moda-ropa,hombre,rojo,M,999.0
c0311,Hombre delgado ajuste sólido de la camisa casual del cuello de la exte,Men Slim Fit Solid Spread Collar Casual Shirt,moda-ropa,hombre,azul,L,758.0
c0312,Hombres regular ajuste estampado collar de extensión camisa casual,Men Regular Fit Printed Spread Collar Casual Shirt,moda-ropa,hombre,blanco,S,412.0
c0313,Hombres delgado ajuste impreso corte lejos collar casual camisa,Men Slim Fit Printed Cut Away Collar Casual Shirt,moda-ropa,hombre,verde,M,451.0
c0314,Hombres delgado ajuste estampado cuello de extensión camisa casual,Men Slim Fit Printed Spread Collar Casual Shirt,moda-ropa,hombre,multicolor,M,330.0
c0315,Hombres Regular Fit Sólido Collar Collar Casual Camisa,Men Regular Fit Solid Ribbed Collar Casual Shirt,moda-ropa,hombre,blanco,M,399.0
c0316,Hombres delgado ajuste camisa casual impresa,Men Slim Fit Printed Casual Shirt,moda-ropa,hombre,blanco,L,1049.0
c0317,Hombre Super Slim Fit sólido Collar Mandarín Casual Camisa,Men Super Slim Fit Solid Mandarin Collar Casual Shirt,moda-ropa,hombre,rojo,M,1559.0
c0318,Hombres Regularmente En forma sólido Casual Camisa,Men Regular Fit Solid Casual Shirt,moda-ropa,hombre,verde,XL,288.0
c0319,Hombres delgado ajuste rayado cuello mandarín casual camisa,Men Slim Fit Striped Mandarin Collar Casual Shirt,moda-ropa,hombre,morado,M,398.0
c0320,Hombres regular ajuste de color bloque de camisa casual,Men Regular Fit Color Block Casual Shirt,moda-ropa,hombre,negro,S,349.0
c0321,Hombres Regularmente Encaje Camisa Casual Impreso,Men Regular Fit Printed Casual Shirt,moda-ropa,hombre,negro,XL,959.0
c0322,Hombres Regular ajuste impreso corte lejos collar casual camisa,Men Regular Fit Printed Cut Away Collar Casual Shirt,moda-ropa,hombre,verde,S,571.0
c0323,Hombres delgados ajuste a cuadros corte lejos collar casual camisa,Men Slim Fit Checkered Cut Away Collar Casual Shirt,moda-ropa,hombre,blanco,L,649.0
c0324,Hombres Regularmente Ajuste sólido Collar de extensión Casual Camisa,Men Regular Fit Solid Spread Collar Casual Shirt,moda-ropa,hombre,verde,S,399.0
c0325,Hombres delgados en forma sólida botón abajo camisa formal cuello,Men Slim Fit Solid Button Down Collar Formal Shirt,moda-ropa,hombre,azul,M,358.0
c0326,Hombres regular ajuste estampado collar de extensión camisa casual,Men Regular Fit Printed Spread Collar Casual Shirt,moda-ropa,hombre,blanco,M,389.0
c0327,Hombres Regularmente Encaje Camisa Casual A cuadros,Men Regular Fit Checkered Casual Shirt,moda-ropa,hombre,rojo,L,1039.0
c0328,Hombres delgado ajuste a cuadros camisa casual cuello de extensión,Men Slim Fit Checkered Spread Collar Casual Shirt,moda-ropa,hombre,rojo,L,295.0
c0329,Hombres delgados ajustados a cuadros camisa casual delgada cuello,Men Slim Fit Checkered Slim Collar Casual Shirt,moda-ropa,hombre,rojo,18,499.0
c0330,Hombres camisa casual ajustada delgada a cuadros,Men Slim Fit Checkered Casual Shirt,moda-ropa,hombre,rojo,L,799.0
c0331,Hombres camisa casual ajustada delgada a cuadros,Men Slim Fit Checkered Casual Shirt,moda-ropa,hombre,rojo,XL,849.0
c0332,Hombres delgados ajuste a cuadros corte lejos collar casual camisa,Men Slim Fit Checkered Cut Away Collar Casual Shirt,moda-ropa,hombre,rojo,S,699.0
c0333,Hombres Regularmente Encaje Camisa Casual Impreso,Men Regular Fit Printed Casual Shirt,moda-ropa,hombre,blanco,XL,299.0
c0334,Hombres Regularmente Ajuste sólido Collar de extensión Casual Camisa,Men Regular Fit Solid Spread Collar Casual Shirt,moda-ropa,hombre,rojo,M,289.0
c0335,Hombres regular ajustados botón a cuadros abajo collar casual Shi...,Men Regular Fit Checkered Button Down Collar Casual Shi...,moda-ropa,hombre,rojo,M,874.0
c0336,Hombres delgado ajuste floral estampado casual camisa,Men Slim Fit Floral Print Casual Shirt,moda-ropa,hombre,verde,M,791.0
c0337,Hombres delgado ajuste rayas casual Camisa,Men Slim Fit Striped Casual Shirt,moda-ropa,hombre,azul,L,899.0
c0338,Hombres Regularmente Encaje Botón Solido Abajo Camisa Formal,Men Regular Fit Solid Button Down Collar Formal Shirt,moda-ropa,hombre,naranja,M,339.0
c0339,Hombre delgado ajuste sólido cuello mandarín casual camisa,Men Slim Fit Solid Mandarin Collar Casual Shirt,moda-ropa,hombre,blanco,L,299.0
c0340,Hombres delgado ajuste estampado cuello de extensión camisa casual,Men Slim Fit Printed Spread Collar Casual Shirt,moda-ropa,hombre,azul,M,1039.0
c0341,Hombres camisa casual sólida ajustada delgada,Men Slim Fit Solid Casual Shirt,moda-ropa,hombre,verde,S,959.0
c0342,Hombres Regularmente En forma Camisa Casual rayas,Men Regular Fit Striped Casual Shirt,moda-ropa,hombre,blanco,M,376.0
c0343,Hombres Regularmente Encaje Camisa Casual A cuadros,Men Regular Fit Checkered Casual Shirt,moda-ropa,hombre,rojo,M,559.0
c0344,Hombres delgado ajuste a cuadros camisa casual cuello de extensión,Men Slim Fit Checkered Spread Collar Casual Shirt,moda-ropa,hombre,rojo,M,929.0
c0345,Hombres regular ajuste de color bloque de camisa casual,Men Regular Fit Color Block Casual Shirt,moda-ropa,hombre,negro,M,359.0
c0346,Hombres Regular ajuste rayas de cuello de extensión casual Camisa,Men Regular Fit Striped Spread Collar Casual Shirt,moda-ropa,hombre,blanco,S,959.0
c0347,Hombres Regularmente Encaje Camisa Casual A cuadros,Men Regular Fit Checkered Casual Shirt,moda-ropa,hombre,rojo,S,1039.0
c0348,Hombre delgado ajuste sólido de la camisa casual del cuello de la exte,Men Slim Fit Solid Spread Collar Casual Shirt,moda-ropa,hombre,café,L,529.0
c0349,Hombres camisa casual sólida ajustada delgada,Men Slim Fit Solid Casual Shirt,moda-ropa,hombre,verde,S,1079.0
c0350,Hombres camisa casual ajustada delgada a cuadros,Men Slim Fit Checkered Casual Shirt,moda-ropa,hombre,rojo,M,999.0
c0351,Hombre delgado ajuste sólido de la camisa casual del cuello de la exte,Men Slim Fit Solid Spread Collar Casual Shirt,moda-ropa,hombre,azul,M,758.0
c0352,Hombres delgado ajuste a cuadros camisa casual cuello de extensión,Men Slim Fit Checkered Spread Collar Casual Shirt,moda-ropa,hombre,rojo,L,328.0
c0353,Hombres delgado ajuste a cuadros camisa casual cuello de extensión,Men Slim Fit Checkered Spread Collar Casual Shirt,moda-ropa,hombre,rojo,S,341.0
c0354,Hombres Regularmente Ajuste sólido Collar de extensión Casual Camisa,Men Regular Fit Solid Spread Collar Casual Shirt,moda-ropa,hombre,azul,38,499.0
c0355,Hombres delgado ajuste impreso corte lejos collar casual camisa,Men Slim Fit Printed Cut Away Collar Casual Shirt,moda-ropa,hombre,multicolor,M,528.0
c0356,Hombres delgado ajuste camisa casual impresa,Men Slim Fit Printed Casual Shirt,moda-ropa,hombre,blanco,L,1049.0
c0357,Hombre Super Slim Fit sólido Collar Mandarín Casual Camisa,Men Super Slim Fit Solid Mandarin Collar Casual Shirt,moda-ropa,hombre,rojo,L,1559.0
c0358,Hombres Regular ajuste impreso corte lejos collar casual camisa,Men Regular Fit Printed Cut Away Collar Casual Shirt,moda-ropa,hombre,azul,S,376.0
c0359,Hombre Super Slim fit sólido camisa casual,Men Super Slim Fit Solid Casual Shirt,moda-ropa,hombre,varios,L,649.0
c0360,Hombres regular ajuste de color bloque de camisa casual,Men Regular Fit Color Block Casual Shirt,moda-ropa,hombre,negro,M,359.0
c0361,Hombres regular ajuste de color bloque de camisa casual,Men Regular Fit Color Block Casual Shirt,moda-ropa,hombre,negro,S,349.0
c0362,Hombres Regularmente En forma sólido Casual Camisa,Men Regular Fit Solid Casual Shirt,moda-ropa,hombre,negro,M,169.0
c0363,Hombres Regularmente En forma sólido Casual Camisa,Men Regular Fit Solid Casual Shirt,moda-ropa,hombre,rosa,L,288.0
c0364,Hombres Regular Fit Slim Slim Collar Casual Camisa,Men Regular Fit Solid Slim Collar Casual Shirt,moda-ropa,hombre,negro,S,444.0
c0365,Hombre delgado ajuste sólido de la camisa casual del cuello de la exte,Men Slim Fit Solid Spread Collar Casual Shirt,moda-ropa,hombre,amarillo,18,499.0
c0366,Hombres regular ajuste estampado collar de extensión camisa casual,Men Regular Fit Printed Spread Collar Casual Shirt,moda-ropa,hombre,blanco,M,389.0
c0367,Hombres Regularmente Encaje Camisa Casual A cuadros,Men Regular Fit Checkered Casual Shirt,moda-ropa,hombre,rojo,M,1039.0
c0368,Hombres Regularmente Ajuste sólido Collar de extensión Casual Camisa,Men Regular Fit Solid Spread Collar Casual Shirt,moda-ropa,hombre,rosa,M,289.0
c0369,Hombres regular ajuste estampado collar de extensión camisa casual,Men Regular Fit Printed Spread Collar Casual Shirt,moda-ropa,hombre,rosa,S,423.0
c0370,Hombres Regularmente Encaje sólido Formal Camisa,Men Regular Fit Solid Formal Shirt,moda-ropa,hombre,azul,L,445.0
c0371,Hombres camisa casual ajustada delgada a cuadros,Men Slim Fit Checkered Casual Shirt,moda-ropa,hombre,rojo,S,799.0
c0372,Hombres regular ajuste botón impreso abajo cuello casual camisa,Men Regular Fit Printed Button Down Collar Casual Shirt,moda-ropa,hombre,azul,M,293.0
c0373,Hombres regular ajuste estampado collar de extensión camisa casual,Men Regular Fit Printed Spread Collar Casual Shirt,moda-ropa,hombre,rojo,S,499.0
c0374,Hombres delgado ajuste estampado cuello de extensión camisa casual,Men Slim Fit Printed Spread Collar Casual Shirt,moda-ropa,hombre,blanco,S,587.0
c0375,Hombre delgado ajuste a cuadros de cuello de extensión formal camisa,Men Slim Fit Checkered Spread Collar Formal Shirt,moda-ropa,hombre,blanco,XL,699.0
c0376,Hombres Regularmente Encaje sólido Formal Camisa,Men Regular Fit Solid Formal Shirt,moda-ropa,hombre,verde,M,445.0
c0377,Hombres delgado ajuste floral estampado casual camisa,Men Slim Fit Floral Print Casual Shirt,moda-ropa,hombre,verde,XL,791.0
c0378,Hombre delgado en forma animal estampado de cuello de extensión casual,Men Slim Fit Animal Print Spread Collar Casual Shirt,moda-ropa,hombre,negro,L,379.0
c0379,Hombres delgados corte sólido corte lejos camisa casual collar,Men Slim Fit Solid Cut Away Collar Casual Shirt,moda-ropa,hombre,negro,S,680.0
c0380,Hombres delgado ajuste rayas casual Camisa,Men Slim Fit Striped Casual Shirt,moda-ropa,hombre,azul,L,899.0
c0381,Hombres delgado ajuste estampado cuello de extensión camisa casual,Men Slim Fit Printed Spread Collar Casual Shirt,moda-ropa,hombre,azul,M,1039.0
c0382,Hombres Regularmente Encaje sólido Formal Camisa,Men Regular Fit Solid Formal Shirt,moda-ropa,hombre,naranja,L,839.0
c0383,Hombre delgado ajuste sólido de la camisa casual del cuello de la exte,Men Slim Fit Solid Spread Collar Casual Shirt,moda-ropa,hombre,azul,S,389.0
c0384,Hombres Regularmente En forma Camisa Casual rayas,Men Regular Fit Striped Casual Shirt,moda-ropa,hombre,blanco,M,376.0
c0385,Hombres delgado ajuste camisa casual impresa,Men Slim Fit Printed Casual Shirt,moda-ropa,hombre,blanco,M,516.0
c0386,Hombres Regularmente Encaje sólido Formal Camisa,Men Regular Fit Solid Formal Shirt,moda-ropa,hombre,rosa,L,445.0
c0387,Hombres camisa casual sólida ajustada delgada,Men Slim Fit Solid Casual Shirt,moda-ropa,hombre,verde,M,959.0
c0388,Hombres delgados ajuste a cuadros corte lejos collar casual camisa,Men Slim Fit Checkered Cut Away Collar Casual Shirt,moda-ropa,hombre,rojo,L,649.0
c0389,Hombres camisa casual sólida ajustada delgada,Men Slim Fit Solid Casual Shirt,moda-ropa,hombre,varios,S,358.0
c0390,Hombres Regular ajuste rayas de cuello de extensión casual Camisa,Men Regular Fit Striped Spread Collar Casual Shirt,moda-ropa,hombre,blanco,L,959.0
c0391,Hombres Regularmente Encaje Camisa Casual A cuadros,Men Regular Fit Checkered Casual Shirt,moda-ropa,hombre,rojo,M,1039.0
c0392,Hombres delgado ajuste rayas casual Camisa,Men Slim Fit Striped Casual Shirt,moda-ropa,hombre,azul,M,549.0
c0393,Hombres Regularmente Ajuste sólido Collar de extensión Casual Camisa,Men Regular Fit Solid Spread Collar Casual Shirt,moda-ropa,hombre,blanco,L,267.0
c0394,Hombres Regular ajuste autodiseño camisa casual,Men Regular Fit Self Design Casual Shirt,moda-ropa,hombre,azul,M,769.0
c0395,Hombres Regularmente Ajuste Sólido Corte de distancia Collar Camisa Ca,Men Regular Fit Solid Cut Away Collar Casual Shirt,moda-ropa,hombre,rosa,S,375.0
c0396,Hombres camisa casual ajustada delgada a cuadros,Men Slim Fit Checkered Casual Shirt,moda-ropa,hombre,rojo,L,999.0
c0397,Hombres camisa casual sólida ajustada delgada,Men Slim Fit Solid Casual Shirt,moda-ropa,hombre,verde,XL,1079.0
c0398,Hombres Slim Fit Slim Collar Slim Camisa Casual,Men Slim Fit Solid Slim Collar Casual Shirt,moda-ropa,hombre,verde,18,649.0
c0399,Hombres delgados ajuste a cuadros corte lejos collar casual camisa,Men Slim Fit Checkered Cut Away Collar Casual Shirt,moda-ropa,hombre,rojo,M,536.0
c0400,Hombres Regularmente Encaje sólido Formal Camisa,Men Regular Fit Solid Formal Shirt,moda-ropa,hombre,azul,M,445.0
c0401,Hombres Regularmente Encaje sólido Formal Camisa,Men Regular Fit Solid Formal Shirt,moda-ropa,hombre,verde,S,445.0
c0402,Hombres Regularmente Ajuste sólido Collar de extensión Casual Camisa,Men Regular Fit Solid Spread Collar Casual Shirt,moda-ropa,hombre,azul,L,339.0
c0403,Hombre delgado ajuste sólido cuello mandarín casual camisa,Men Slim Fit Solid Mandarin Collar Casual Shirt,moda-ropa,hombre,negro,M,495.0
c0404,Hombres regular ajuste estampado collar de extensión camisa casual,Men Regular Fit Printed Spread Collar Casual Shirt,moda-ropa,hombre,verde,L,299.0
c0405,Hombre Slim Fit sólido Collar Mandarín Formal Camisa,Men Slim Fit Solid Mandarin Collar Formal Shirt,moda-ropa,hombre,negro,L,389.0
c0406,Hombres Regularmente Encaje sólido Formal Camisa,Men Regular Fit Solid Formal Shirt,moda-ropa,hombre,rosa,S,445.0
c0407,Hombres regular ajuste de color bloque de camisa casual,Men Regular Fit Color Block Casual Shirt,moda-ropa,hombre,negro,L,359.0
c0408,Hombres regular ajuste estampado collar de extensión camisa casual,Men Regular Fit Printed Spread Collar Casual Shirt,moda-ropa,hombre,negro,M,389.0
c0409,Hombres delgado ajuste estampado cuello de extensión camisa casual,Men Slim Fit Printed Spread Collar Casual Shirt,moda-ropa,hombre,blanco,M,989.0
c0410,Hombres regular ajuste de color bloque de camisa casual,Men Regular Fit Color Block Casual Shirt,moda-ropa,hombre,negro,XL,349.0
c0411,Hombres Regularmente Encaje sólido Formal Camisa,Men Regular Fit Solid Formal Shirt,moda-ropa,hombre,negro,S,445.0
c0412,Hombre delgado ajuste sólido de la camisa formal de cuello de extensió,Men Slim Fit Solid Spread Collar Formal Shirt,moda-ropa,hombre,blanco,S,839.0
c0413,Hombres Regularmente Ajuste a cuadros corte lejos collar casual camisa,Men Regular Fit Checkered Cut Away Collar Casual Shirt,moda-ropa,hombre,negro,M,687.0
c0414,Hombres regular ajustados botón a cuadros abajo collar casual Shi...,Men Regular Fit Checkered Button Down Collar Casual Shi...,moda-ropa,hombre,rojo,M,368.0
c0415,Hombres delgado ajuste rayas casual Camisa,Men Slim Fit Striped Casual Shirt,moda-ropa,hombre,café,M,559.0
c0416,Hombres regular ajuste estampado collar de extensión camisa casual,Men Regular Fit Printed Spread Collar Casual Shirt,moda-ropa,hombre,blanco,L,389.0
c0417,Hombres Regularmente Encaje Camisa Casual A cuadros,Men Regular Fit Checkered Casual Shirt,moda-ropa,hombre,rojo,L,1039.0
c0418,Hombres delgados ajuste a cuadros corte lejos collar formal camisa,Men Slim Fit Checkered Cut Away Collar Formal Shirt,moda-ropa,hombre,blanco,S,1232.0
c0419,Hombre regular ajuste autodiseño de la camisa casual de cuello de exte,Men Regular Fit Self Design Spread Collar Casual Shirt,moda-ropa,hombre,negro,L,494.0
c0420,Hombres camisa casual ajustada delgada a cuadros,Men Slim Fit Checkered Casual Shirt,moda-ropa,hombre,rojo,L,799.0
c0421,Hombres delgado ajuste floral estampado casual camisa,Men Slim Fit Floral Print Casual Shirt,moda-ropa,hombre,verde,XL,791.0
c0422,Hombres delgado ajuste impreso corte lejos collar casual camisa,Men Slim Fit Printed Cut Away Collar Casual Shirt,moda-ropa,hombre,multicolor,M,539.0
c0423,Hombres delgados corte sólido corte lejos camisa formal collar,Men Slim Fit Solid Cut Away Collar Formal Shirt,moda-ropa,hombre,blanco,L,1232.0
c0424,Hombres delgados en forma sólida botón abajo camisa casual cuello,Men Slim Fit Solid Button Down Collar Casual Shirt,moda-ropa,hombre,multicolor,S,1298.0
c0425,Hombres Regularmente Ajuste a cuadros corte lejos collar casual camisa,Men Regular Fit Checkered Cut Away Collar Casual Shirt,moda-ropa,hombre,rojo,M,584.0
c0426,Hombres delgado ajuste rayas casual Camisa,Men Slim Fit Striped Casual Shirt,moda-ropa,hombre,azul,L,899.0
c0427,Hombres delgado ajuste estampado cuello de extensión camisa casual,Men Slim Fit Printed Spread Collar Casual Shirt,moda-ropa,hombre,azul,M,1039.0
c0428,Hombres Regular ajuste rayas de cuello de extensión casual Camisa,Men Regular Fit Striped Spread Collar Casual Shirt,moda-ropa,hombre,verde,M,289.0
c0429,Hombres delgados corte sólido corte lejos camisa casual collar,Men Slim Fit Solid Cut Away Collar Casual Shirt,moda-ropa,hombre,negro,M,647.0
c0430,Hombres camisa casual sólida ajustada delgada,Men Slim Fit Solid Casual Shirt,moda-ropa,hombre,verde,M,959.0
c0431,Hombres Regular ajuste rayas de cuello de extensión casual Camisa,Men Regular Fit Striped Spread Collar Casual Shirt,moda-ropa,hombre,blanco,L,959.0
c0432,Hombres delgados corte sólido corte lejos camisa casual collar,Men Slim Fit Solid Cut Away Collar Casual Shirt,moda-ropa,hombre,negro,L,510.0
c0433,Hombres Regularmente En forma Camisa Casual rayas,Men Regular Fit Striped Casual Shirt,moda-ropa,hombre,negro,S,349.0
c0434,Hombre Slim fit autodiseño corte lejos collar casual camisa,Men Slim Fit Self Design Cut Away Collar Casual Shirt,moda-ropa,hombre,gris,S,606.0
c0435,Hombres delgado ajuste camisa casual impresa,Men Slim Fit Printed Casual Shirt,moda-ropa,hombre,rosa,L,438.0
c0436,Hombres Regularmente Encaje Camisa Casual A cuadros,Men Regular Fit Checkered Casual Shirt,moda-ropa,hombre,rojo,M,1039.0
c0437,Hombres camisa casual ajustada delgada a cuadros,Men Slim Fit Checkered Casual Shirt,moda-ropa,hombre,rojo,M,999.0
c0438,Hombres Regularmente Encaje Collar Mandarín A cuadros Camisa Casual,Men Regular Fit Checkered Mandarin Collar Casual Shirt,moda-ropa,hombre,rojo,L,399.0
c0439,Hombres Regularmente Encaje sólido Formal Camisa,Men Regular Fit Solid Formal Shirt,moda-ropa,hombre,azul,L,445.0
c0440,Hombres regular ajuste de color bloque de camisa casual,Men Regular Fit Color Block Casual Shirt,moda-ropa,hombre,negro,L,359.0
c0441,Hombres delgado ajuste camisa casual impresa,Men Slim Fit Printed Casual Shirt,moda-ropa,hombre,blanco,S,438.0
c0442,Hombres delgado ajuste rayado botón abajo cuello casual camisa,Men Slim Fit Striped Button Down Collar Casual Shirt,moda-ropa,hombre,verde,S,1304.0
c0443,Hombres Regular Fit rayas cuello acanalado casual camisa,Men Regular Fit Striped Ribbed Collar Casual Shirt,moda-ropa,hombre,multicolor,M,289.0
c0444,Hombres regular ajuste estampado cuello mandarín casual camisa,Men Regular Fit Printed Mandarin Collar Casual Shirt,moda-ropa,hombre,verde,L,618.0
c0445,Hombres regular ajuste de color bloque de camisa casual,Men Regular Fit Color Block Casual Shirt,moda-ropa,hombre,negro,M,349.0
c0446,Hombres regular ajuste estampado collar de extensión camisa casual,Men Regular Fit Printed Spread Collar Casual Shirt,moda-ropa,hombre,blanco,S,389.0
c0447,Hombres Regularmente Ajuste a cuadros corte lejos collar casual camisa,Men Regular Fit Checkered Cut Away Collar Casual Shirt,moda-ropa,hombre,rojo,L,730.0
c0448,Hombre delgado ajuste sólido cuello mandarín casual camisa,Men Slim Fit Solid Mandarin Collar Casual Shirt,moda-ropa,hombre,azul,M,389.0
c0449,Hombres Regularmente Encaje Camisa Casual A cuadros,Men Regular Fit Checkered Casual Shirt,moda-ropa,hombre,rojo,L,1039.0
c0450,Hombres camisa casual ajustada delgada a cuadros,Men Slim Fit Checkered Casual Shirt,moda-ropa,hombre,rojo,M,799.0
c0451,Hombres Regular Fit sólido Collar de extensión formal Camisa,Men Regular Fit Solid Spread Collar Formal Shirt,moda-ropa,hombre,rojo,L,429.0
c0452,Hombres delgado ajuste a cuadros camisa casual cuello de extensión,Men Slim Fit Checkered Spread Collar Casual Shirt,moda-ropa,hombre,rojo,L,359.0
c0453,Hombre delgado ajuste sólido de la camisa casual del cuello de la exte,Men Slim Fit Solid Spread Collar Casual Shirt,moda-ropa,hombre,negro,18,699.0
c0454,Hombres Regularmente Ajuste Sólido Corte de distancia Collar Camisa Ca,Men Regular Fit Solid Cut Away Collar Casual Shirt,moda-ropa,hombre,multicolor,XL,839.0
c0455,Hombres Regularmente Encaje sólido Formal Camisa,Men Regular Fit Solid Formal Shirt,moda-ropa,hombre,verde,M,445.0
c0456,Hombres delgado ajuste floral estampado casual camisa,Men Slim Fit Floral Print Casual Shirt,moda-ropa,hombre,verde,L,791.0
c0457,Hombres Regularmente Ajuste sólido Collar de extensión Casual Camisa,Men Regular Fit Solid Spread Collar Casual Shirt,moda-ropa,hombre,blanco,XL,357.0
c0458,Hombres delgado ajuste a cuadros camisa casual cuello de extensión,Men Slim Fit Checkered Spread Collar Casual Shirt,moda-ropa,hombre,rojo,M,558.0
c0459,Hombres delgado ajuste estampado cuello de extensión camisa casual,Men Slim Fit Printed Spread Collar Casual Shirt,moda-ropa,hombre,azul,XL,1039.0
c0460,Hombres Regularmente Encaje sólido Formal Camisa,Men Regular Fit Solid Formal Shirt,moda-ropa,hombre,beige,S,839.0
c0461,Hombres Regularmente Encaje Camisa Casual A cuadros,Men Regular Fit Checkered Casual Shirt,moda-ropa,hombre,rojo,M,399.0
c0462,Hombres delgado ajuste impreso corte lejos collar casual camisa,Men Slim Fit Printed Cut Away Collar Casual Shirt,moda-ropa,hombre,multicolor,S,549.0
c0463,Hombre delgado ajuste sólido cuello mandarín casual camisa,Men Slim Fit Solid Mandarin Collar Casual Shirt,moda-ropa,hombre,verde,L,548.0
c0464,Hombres camisa casual sólida ajustada delgada,Men Slim Fit Solid Casual Shirt,moda-ropa,hombre,verde,M,959.0
c0465,Hombres Regular ajuste rayas de cuello de extensión casual Camisa,Men Regular Fit Striped Spread Collar Casual Shirt,moda-ropa,hombre,blanco,M,959.0
c0466,Hombres Regular ajuste impreso corte lejos collar casual camisa,Men Regular Fit Printed Cut Away Collar Casual Shirt,moda-ropa,hombre,blanco,L,587.0
c0467,Hombres Regularmente Encaje Botón Solido Camisa Casual Collar,Men Regular Fit Solid Button Down Collar Casual Shirt,moda-ropa,hombre,amarillo,M,839.0
c0468,Hombres Regularmente Encaje Camisa Casual A cuadros,Men Regular Fit Checkered Casual Shirt,moda-ropa,hombre,rojo,M,1039.0
c0469,Hombres camisa casual ajustada delgada a cuadros,Men Slim Fit Checkered Casual Shirt,moda-ropa,hombre,rojo,XL,999.0
c0470,Hombres delgado ajuste camisa casual impresa,Men Slim Fit Printed Casual Shirt,moda-ropa,hombre,blanco,S,1439.0
c0471,Hombres delgados corte sólido corte lejos camisa casual collar,Men Slim Fit Solid Cut Away Collar Casual Shirt,moda-ropa,hombre,azul,M,592.0
c0472,Hombres delgados en forma sólida botón abajo camisa casual cuello,Men Slim Fit Solid Button Down Collar Casual Shirt,moda-ropa,hombre,rosa,L,499.0
c0473,Hombres Slim Fit sólido formal Camisa,Men Slim Fit Solid Formal Shirt,moda-ropa,hombre,morado,L,839.0
c0474,Hombres camisa casual sólida ajustada delgada,Men Slim Fit Solid Casual Shirt,moda-ropa,hombre,verde,S,1079.0
c0475,Hombre delgado ajuste sólido de la camisa casual del cuello de la exte,Men Slim Fit Solid Spread Collar Casual Shirt,moda-ropa,hombre,azul,L,758.0
c0476,Hombres Regularmente Ajuste sólido Collar de extensión Casual Camisa,Men Regular Fit Solid Spread Collar Casual Shirt,moda-ropa,hombre,negro,M,267.0
c0477,Hombres delgado ajuste rayas cuello de extensión camisa casual,Men Slim Fit Striped Spread Collar Casual Shirt,moda-ropa,hombre,negro,S,369.0
c0478,Hombres Regularmente Encaje sólido Formal Camisa,Men Regular Fit Solid Formal Shirt,moda-ropa,hombre,azul,M,445.0
c0479,Hombres Regularmente Encaje sólido Formal Camisa,Men Regular Fit Solid Formal Shirt,moda-ropa,hombre,verde,L,445.0
c0480,Hombres Regularmente Encaje Botón Solido Camisa Casual Collar,Men Regular Fit Solid Button Down Collar Casual Shirt,moda-ropa,hombre,negro,S,1299.0
c0481,Hombres delgados en forma militar camuflaje...,Men Slim Fit Military Camouflage Spread Collar Casual S...,moda-ropa,hombre,verde,S,359.0
c0482,Hombres delgados ajuste a cuadros corte lejos collar casual camisa,Men Slim Fit Checkered Cut Away Collar Casual Shirt,moda-ropa,hombre,rojo,S,379.0
c0483,Hombre delgado ajuste sólido de la camisa casual del cuello de la exte,Men Slim Fit Solid Spread Collar Casual Shirt,moda-ropa,hombre,azul,L,438.0
c0484,Hombres Regularmente Encaje sólido Formal Camisa,Men Regular Fit Solid Formal Shirt,moda-ropa,hombre,rosa,M,445.0
c0485,Hombres regular ajuste de color bloque de camisa casual,Men Regular Fit Color Block Casual Shirt,moda-ropa,hombre,negro,M,359.0
c0486,Hombres Regularmente Encaje Botón Solido Camisa Casual Collar,Men Regular Fit Solid Button Down Collar Casual Shirt,moda-ropa,hombre,azul,L,839.0
c0487,Hombres Regularmente En forma sólido Casual Camisa,Men Regular Fit Solid Casual Shirt,moda-ropa,hombre,amarillo,S,319.0
c0488,Hombres regular ajuste de color bloque de camisa casual,Men Regular Fit Color Block Casual Shirt,moda-ropa,hombre,negro,L,349.0
c0489,Hombres Regularmente Encaje sólido Formal Camisa,Men Regular Fit Solid Formal Shirt,moda-ropa,hombre,negro,L,445.0
c0490,Hombre delgado ajuste sólido cuello mandarín casual camisa,Men Slim Fit Solid Mandarin Collar Casual Shirt,moda-ropa,hombre,verde,S,695.0
c0491,Hombres Regularmente Encaje Camisa Casual A cuadros,Men Regular Fit Checkered Casual Shirt,moda-ropa,hombre,negro,M,1241.0
c0492,Hombres delgado ajuste a cuadros camisa casual cuello de extensión,Men Slim Fit Checkered Spread Collar Casual Shirt,moda-ropa,hombre,rojo,M,328.0
c0493,Hombres camisa casual ajustada delgada a cuadros,Men Slim Fit Checkered Casual Shirt,moda-ropa,hombre,rojo,XL,621.0
c0494,Hombres regular ajuste estampado collar de extensión camisa casual,Men Regular Fit Printed Spread Collar Casual Shirt,moda-ropa,hombre,blanco,M,389.0
c0495,Hombres Regularmente Encaje Camisa Casual A cuadros,Men Regular Fit Checkered Casual Shirt,moda-ropa,hombre,rojo,M,1039.0
c0496,Hombres delgado ajuste a cuadros camisa casual cuello de extensión,Men Slim Fit Checkered Spread Collar Casual Shirt,moda-ropa,hombre,rojo,M,328.0
c0497,Hombres delgado ajuste estampado cuello mandarín casual camisa,Men Slim Fit Printed Mandarin Collar Casual Shirt,moda-ropa,hombre,negro,S,359.0
c0498,Hombres camisa casual ajustada delgada a cuadros,Men Slim Fit Checkered Casual Shirt,moda-ropa,hombre,rojo,M,799.0
c0499,Hombres delgado ajuste floral estampado casual camisa,Men Slim Fit Floral Print Casual Shirt,moda-ropa,hombre,verde,L,791.0
c0500,Hombres regular ajuste teñido / Ombre camisa casual cuello delgado,Men Regular Fit Dyed/Ombre Slim Collar Casual Shirt,moda-ropa,hombre,multicolor,XL,349.0
c0501,Hombres Regularmente Ajuste a cuadros corte lejos collar casual camisa,Men Regular Fit Checkered Cut Away Collar Casual Shirt,moda-ropa,hombre,rojo,M,1487.0
c0502,Hombres delgado ajuste estampado cuello mandarín casual camisa,Men Slim Fit Printed Mandarin Collar Casual Shirt,moda-ropa,hombre,varios,M,1379.0
c0503,Hombres de encaje regular militar camuflaje...,Men Regular Fit Military Camouflage Spread Collar Casua...,moda-ropa,hombre,verde,M,341.0
c0504,Hombres delgado ajuste rayas casual Camisa,Men Slim Fit Striped Casual Shirt,moda-ropa,hombre,azul,L,899.0
c0505,Hombres delgado ajuste estampado cuello de extensión camisa casual,Men Slim Fit Printed Spread Collar Casual Shirt,moda-ropa,hombre,azul,S,1039.0
c0506,Hombre delgado ajuste autodiseño formal camisa,Men Slim Fit Self Design Formal Shirt,moda-ropa,hombre,azul,M,363.0
c0507,Hombres camisa casual sólida ajustada delgada,Men Slim Fit Solid Casual Shirt,moda-ropa,hombre,verde,S,959.0
c0508,Hombres Regular ajuste rayas de cuello de extensión casual Camisa,Men Regular Fit Striped Spread Collar Casual Shirt,moda-ropa,hombre,blanco,M,959.0
c0509,Hombres Regularmente Encaje Camisa Casual A cuadros,Men Regular Fit Checkered Casual Shirt,moda-ropa,hombre,negro,XL,899.0
c0510,Hombres Regularmente Ajuste a cuadros corte lejos collar casual camisa,Men Regular Fit Checkered Cut Away Collar Casual Shirt,moda-ropa,hombre,rojo,S,635.0
c0511,Hombres Regularmente En forma sólido Casual Camisa,Men Regular Fit Solid Casual Shirt,moda-ropa,hombre,gris,L,630.0
c0512,Hombre delgado ajuste sólido cuello mandarín casual camisa,Men Slim Fit Solid Mandarin Collar Casual Shirt,moda-ropa,hombre,amarillo,XL,398.0
c0513,Hombres Regularmente Encaje Camisa Casual A cuadros,Men Regular Fit Checkered Casual Shirt,moda-ropa,hombre,rojo,M,1039.0
c0514,Hombres camisa casual ajustada delgada a cuadros,Men Slim Fit Checkered Casual Shirt,moda-ropa,hombre,rojo,L,999.0
c0515,Hombres regular ajuste estampado collar de extensión camisa casual,Men Regular Fit Printed Spread Collar Casual Shirt,moda-ropa,hombre,multicolor,L,399.0
c0516,Hombre delgado ajuste sólido de la camisa casual del cuello de la exte,Men Slim Fit Solid Spread Collar Casual Shirt,moda-ropa,hombre,gris,L,438.0
c0517,Hombres Regularmente Encaje sólido Formal Camisa,Men Regular Fit Solid Formal Shirt,moda-ropa,hombre,azul,L,445.0
c0518,Hombres regular ajuste de color bloque de camisa casual,Men Regular Fit Color Block Casual Shirt,moda-ropa,hombre,negro,M,359.0
c0519,Hombres Regularmente En forma sólido Casual Camisa,Men Regular Fit Solid Casual Shirt,moda-ropa,hombre,verde,L,1139.0
c0520,Hombres delgado ajuste a cuadros camisa casual cuello de extensión,Men Slim Fit Checkered Spread Collar Casual Shirt,moda-ropa,hombre,negro,L,329.0
c0521,Hombre delgado ajuste sólido de la camisa casual del cuello de la exte,Men Slim Fit Solid Spread Collar Casual Shirt,moda-ropa,hombre,azul,S,330.0
c0522,Hombres delgado ajuste a cuadros camisa casual cuello de extensión,Men Slim Fit Checkered Spread Collar Casual Shirt,moda-ropa,hombre,blanco,L,569.0
c0523,Hombres Regularmente Encaje sólido Formal Camisa,Men Regular Fit Solid Formal Shirt,moda-ropa,hombre,verde,M,445.0
c0524,Hombres regular ajuste de color bloque de camisa casual,Men Regular Fit Color Block Casual Shirt,moda-ropa,hombre,negro,XL,349.0
c0525,Hombres Regularmente Encaje Collar Collar Costumbre impreso Casual Cam,Men Regular Fit Printed Ribbed Collar Casual Shirt,moda-ropa,hombre,morado,L,319.0
c0526,Hombres Regular ajuste rayas de cuello de extensión casual Camisa,Men Regular Fit Striped Spread Collar Casual Shirt,moda-ropa,hombre,beige,L,289.0
c0527,Hombres regular ajuste estampado collar de extensión camisa casual,Men Regular Fit Printed Spread Collar Casual Shirt,moda-ropa,hombre,blanco,L,389.0
c0528,Hombres Regularmente Encaje Camisa Casual A cuadros,Men Regular Fit Checkered Casual Shirt,moda-ropa,hombre,rojo,L,1039.0
c0529,Hombres Regularmente Encaje Camisa Casual Impreso,Men Regular Fit Printed Casual Shirt,moda-ropa,hombre,azul,L,399.0
c0530,Hombres regular ajustados botón a cuadros abajo collar casual Shi...,Men Regular Fit Checkered Button Down Collar Casual Shi...,moda-ropa,hombre,rojo,L,909.0
c0531,Hombre Super Slim fit sólido camisa casual,Men Super Slim Fit Solid Casual Shirt,moda-ropa,hombre,rojo,S,674.0
c0532,Hombres delgados corte sólido corte lejos camisa casual collar,Men Slim Fit Solid Cut Away Collar Casual Shirt,moda-ropa,hombre,café,M,556.0
c0533,Hombres camisa casual ajustada delgada a cuadros,Men Slim Fit Checkered Casual Shirt,moda-ropa,hombre,rojo,S,799.0
c0534,Hombres delgado ajuste floral estampado casual camisa,Men Slim Fit Floral Print Casual Shirt,moda-ropa,hombre,verde,L,791.0
c0535,Hombres delgados ajuste a cuadros corte lejos collar casual camisa,Men Slim Fit Checkered Cut Away Collar Casual Shirt,moda-ropa,hombre,negro,L,1596.0
c0536,Hombres Regularmente Encaje Botón Solido Abajo Camisa Formal,Men Regular Fit Solid Button Down Collar Formal Shirt,moda-ropa,hombre,amarillo,M,339.0
c0537,Hombres delgado ajuste rayas casual Camisa,Men Slim Fit Striped Casual Shirt,moda-ropa,hombre,azul,M,899.0
c0538,Hombres delgado ajuste estampado cuello de extensión camisa casual,Men Slim Fit Printed Spread Collar Casual Shirt,moda-ropa,hombre,azul,S,1039.0
c0539,Hombres camisa casual sólida ajustada delgada,Men Slim Fit Solid Casual Shirt,moda-ropa,hombre,blanco,M,548.0
c0540,Hombre delgado ajuste teñido / cuello de algodón de mandarín de color ,Men Slim Fit Dyed/Ombre Mandarin Collar Casual Shirt,moda-ropa,hombre,blanco,M,499.0
c0541,Hombre delgado ajuste sólido de la camisa casual del cuello de la exte,Men Slim Fit Solid Spread Collar Casual Shirt,moda-ropa,hombre,naranja,S,449.0
c0542,Hombres regular ajuste estampado collar de extensión camisa casual,Men Regular Fit Printed Spread Collar Casual Shirt,moda-ropa,hombre,negro,XL,259.0
c0543,Hombres camisa casual sólida ajustada delgada,Men Slim Fit Solid Casual Shirt,moda-ropa,hombre,verde,M,959.0
c0544,Hombres Regular ajuste rayas de cuello de extensión casual Camisa,Men Regular Fit Striped Spread Collar Casual Shirt,moda-ropa,hombre,blanco,M,959.0
c0545,Hombres Regularmente En forma sólido Casual Camisa,Men Regular Fit Solid Casual Shirt,moda-ropa,hombre,beige,M,559.0
c0546,Hombres delgado ajuste a cuadros curvado cuello casual camisa,Men Slim Fit Checkered Curved Collar Casual Shirt,moda-ropa,hombre,rojo,XL,859.0
c0547,Hombres Regularmente Encaje Camisa Casual A cuadros,Men Regular Fit Checkered Casual Shirt,moda-ropa,hombre,rojo,L,1039.0
c0548,Hombres camisa casual ajustada delgada a cuadros,Men Slim Fit Checkered Casual Shirt,moda-ropa,hombre,rojo,L,999.0
c0549,Hombres delgado ajuste rayas corte lejos collar casual camisa,Men Slim Fit Striped Cut Away Collar Casual Shirt,moda-ropa,hombre,multicolor,M,1049.0
c0550,Hombres Regularmente Encaje Camisa Casual A cuadros,Men Regular Fit Checkered Casual Shirt,moda-ropa,hombre,rojo,S,1049.0
c0551,Hombres delgados ajuste a cuadros corte lejos collar casual camisa,Men Slim Fit Checkered Cut Away Collar Casual Shirt,moda-ropa,hombre,rojo,L,949.0
c0552,Hombres delgado ajuste rayas casual Camisa,Men Slim Fit Striped Casual Shirt,moda-ropa,hombre,negro,M,689.0
c0553,Hombres camisa casual sólida ajustada delgada,Men Slim Fit Solid Casual Shirt,moda-ropa,hombre,verde,M,1079.0
c0554,Hombre delgado ajuste sólido de la camisa casual del cuello de la exte,Men Slim Fit Solid Spread Collar Casual Shirt,moda-ropa,hombre,azul,L,758.0
c0555,Hombre delgado ajuste auto diseño de la camisa casual de cuello de ext,Men Slim Fit Self Design Spread Collar Casual Shirt,moda-ropa,hombre,azul,L,328.0
c0556,Hombres delgados en forma de camisa formal a cuadros,Men Slim Fit Checkered Formal Shirt,moda-ropa,hombre,rojo,XL,992.0
c0557,Hombres Regularmente Encaje sólido Formal Camisa,Men Regular Fit Solid Formal Shirt,moda-ropa,hombre,azul,L,445.0
c0558,Hombres Regularmente Encaje sólido Formal Camisa,Men Regular Fit Solid Formal Shirt,moda-ropa,hombre,verde,M,445.0
c0559,Hombres Regularmente Ajuste a cuadros corte lejos collar casual camisa,Men Regular Fit Checkered Cut Away Collar Casual Shirt,moda-ropa,hombre,rojo,L,559.0
c0560,Hombres delgados ajuste a cuadros corte lejos collar casual camisa,Men Slim Fit Checkered Cut Away Collar Casual Shirt,moda-ropa,hombre,rojo,M,449.0
c0561,Hombres Regularmente Encaje sólido Formal Camisa,Men Regular Fit Solid Formal Shirt,moda-ropa,hombre,azul,S,839.0
c0562,Hombre delgado ajuste sólido de la camisa casual del cuello de la exte,Men Slim Fit Solid Spread Collar Casual Shirt,moda-ropa,hombre,gris,M,499.0
c0563,Hombres Regularmente Encaje sólido Formal Camisa,Men Regular Fit Solid Formal Shirt,moda-ropa,hombre,rosa,S,445.0
c0564,Hombres regular ajuste de color bloque de camisa casual,Men Regular Fit Color Block Casual Shirt,moda-ropa,hombre,negro,L,359.0
c0565,Hombres delgado ajuste a cuadros camisa casual cuello de extensión,Men Slim Fit Checkered Spread Collar Casual Shirt,moda-ropa,hombre,blanco,L,559.0
c0566,Hombres Regularmente Encaje sólido Formal Camisa,Men Regular Fit Solid Formal Shirt,moda-ropa,hombre,azul,M,839.0
c0567,Hombres Regularmente Encaje sólido Formal Camisa,Men Regular Fit Solid Formal Shirt,moda-ropa,hombre,negro,L,445.0
c0568,Hombres Regularmente Ajuste sólido Collar de extensión Casual Camisa,Men Regular Fit Solid Spread Collar Casual Shirt,moda-ropa,hombre,azul,M,289.0
c0569,Hombres delgado ajuste rayas corte lejos collar casual camisa,Men Slim Fit Striped Cut Away Collar Casual Shirt,moda-ropa,hombre,blanco,L,559.0
c0570,Hombres delgado ajuste a cuadros camisa casual cuello de extensión,Men Slim Fit Checkered Spread Collar Casual Shirt,moda-ropa,hombre,rojo,S,438.0
c0571,Hombres Regularmente Ajuste sólido Collar de extensión Casual Camisa,Men Regular Fit Solid Spread Collar Casual Shirt,moda-ropa,hombre,blanco,L,489.0
c0572,Hombres regular ajuste estampado collar de extensión camisa casual,Men Regular Fit Printed Spread Collar Casual Shirt,moda-ropa,hombre,blanco,S,389.0
c0573,Hombres Regularmente Encaje Camisa Casual A cuadros,Men Regular Fit Checkered Casual Shirt,moda-ropa,hombre,rojo,XL,1039.0
c0574,Hombre regular ajuste autodiseño de la camisa formal de la extensión d,Men Regular Fit Self Design Spread Collar Formal Shirt,moda-ropa,hombre,verde,M,839.0
c0575,Hombres regular ajuste estampado delgado cuello casual camisa,Men Regular Fit Printed Slim Collar Casual Shirt,moda-ropa,hombre,azul,S,499.0
c0576,Hombres camisa casual ajustada delgada a cuadros,Men Slim Fit Checkered Casual Shirt,moda-ropa,hombre,rojo,M,799.0
c0577,Hombres delgado ajuste floral estampado casual camisa,Men Slim Fit Floral Print Casual Shirt,moda-ropa,hombre,verde,S,791.0
c0578,Hombres regular ajustados botón a cuadros abajo collar casual Shi...,Men Regular Fit Checkered Button Down Collar Casual Shi...,moda-ropa,hombre,rojo,XL,368.0
c0579,Hombres Regular Fit sólido Collar de extensión formal Camisa,Men Regular Fit Solid Spread Collar Formal Shirt,moda-ropa,hombre,verde,M,288.0
c0580,Hombres delgado ajuste rayado botón abajo cuello casual camisa,Men Slim Fit Striped Button Down Collar Casual Shirt,moda-ropa,hombre,blanco,S,659.0
c0581,Hombres Regularmente Ajuste sólido Collar de extensión Casual Camisa,Men Regular Fit Solid Spread Collar Casual Shirt,moda-ropa,hombre,rosa,S,559.0
c0582,Hombres delgado ajuste rayas casual Camisa,Men Slim Fit Striped Casual Shirt,moda-ropa,hombre,azul,S,899.0
c0583,Hombres delgado ajuste estampado cuello de extensión camisa casual,Men Slim Fit Printed Spread Collar Casual Shirt,moda-ropa,hombre,azul,M,1039.0
c0584,Hombres Regularmente Ajuste a cuadros corte lejos collar casual camisa,Men Regular Fit Checkered Cut Away Collar Casual Shirt,moda-ropa,hombre,rojo,M,1532.0
c0585,Hombres delgados en forma sólida botón abajo camisa casual cuello,Men Slim Fit Solid Button Down Collar Casual Shirt,moda-ropa,hombre,azul,S,599.0
c0586,Hombres Regular ajuste rayas de cuello de extensión casual Camisa,Men Regular Fit Striped Spread Collar Casual Shirt,moda-ropa,hombre,blanco,XL,959.0
c0587,Hombres camisa casual sólida ajustada delgada,Men Slim Fit Solid Casual Shirt,moda-ropa,hombre,verde,L,959.0
c0588,Hombres delgados en forma sólida botón abajo camisa casual cuello,Men Slim Fit Solid Button Down Collar Casual Shirt,moda-ropa,hombre,rosa,M,587.0
c0589,Hombre delgado ajuste sólido de la camisa formal de cuello de extensió,Men Slim Fit Solid Spread Collar Formal Shirt,moda-ropa,hombre,rosa,L,398.0
c0590,"Hombres regulares, Super delgados en forma de collar de...","Men Regular, Super Slim Fit Printed Ribbed Collar Casua...",moda-ropa,hombre,multicolor,S,298.0
c0591,Hombres delgado ajuste estampado cuello de extensión camisa casual,Men Slim Fit Printed Spread Collar Casual Shirt,moda-ropa,hombre,blanco,S,758.0
c0592,Hombres Regularmente Encaje Camisa Casual A cuadros,Men Regular Fit Checkered Casual Shirt,moda-ropa,hombre,rojo,XL,1039.0
c0593,Hombres camisa casual ajustada delgada a cuadros,Men Slim Fit Checkered Casual Shirt,moda-ropa,hombre,rojo,L,999.0
c0594,Hombres regular ajuste floral impresión de la camisa casual del collar,Men Regular Fit Floral Print Spread Collar Casual Shirt,moda-ropa,hombre,gris,M,974.0
c0595,Hombres regular ajuste botón impreso abajo cuello casual camisa,Men Regular Fit Printed Button Down Collar Casual Shirt,moda-ropa,hombre,amarillo,M,298.0
c0596,Hombres Regularmente Encaje sólido Formal Camisa,Men Regular Fit Solid Formal Shirt,moda-ropa,hombre,azul,M,445.0
c0597,Hombres regular ajuste de color bloque de camisa casual,Men Regular Fit Color Block Casual Shirt,moda-ropa,hombre,negro,XL,359.0
c0598,Hombres delgado ajuste camisa casual impresa,Men Slim Fit Printed Casual Shirt,moda-ropa,hombre,negro,M,574.0
c0599,Hombres camisa casual ajustada delgada a cuadros,Men Slim Fit Checkered Casual Shirt,moda-ropa,hombre,rojo,S,367.0
c0600,Hombres Regular ajuste rayas de cuello de extensión casual Camisa,Men Regular Fit Striped Spread Collar Casual Shirt,moda-ropa,hombre,azul,M,499.0
c0601,Hombres Regularmente Ajustado Collar Estirado Camisa Casual,Men Regular Fit Checkered Spread Collar Casual Shirt,moda-ropa,hombre,rojo,S,1494.0
c0602,Hombres regular ajuste de color bloque de camisa casual,Men Regular Fit Color Block Casual Shirt,moda-ropa,hombre,negro,L,349.0
c0603,Hombres regular ajuste estampado collar de extensión camisa casual,Men Regular Fit Printed Spread Collar Casual Shirt,moda-ropa,hombre,blanco,L,389.0
c0604,Hombres delgado ajuste rayas cuello de extensión camisa casual,Men Slim Fit Striped Spread Collar Casual Shirt,moda-ropa,hombre,negro,M,438.0
c0605,Hombre delgado ajuste sólido cuello mandarín casual camisa,Men Slim Fit Solid Mandarin Collar Casual Shirt,moda-ropa,hombre,negro,M,398.0
c0606,Hombres Regularmente Encaje Camisa Casual A cuadros,Men Regular Fit Checkered Casual Shirt,moda-ropa,hombre,rojo,L,1039.0
c0607,Hombres camisa casual ajustada delgada a cuadros,Men Slim Fit Checkered Casual Shirt,moda-ropa,hombre,rojo,L,799.0
c0608,Hombres regular ajustados botón a cuadros abajo collar casual Shi...,Men Regular Fit Checkered Button Down Collar Casual Shi...,moda-ropa,hombre,rojo,M,1596.0
c0609,Hombres delgado ajuste rayas corte lejos collar casual camisa,Men Slim Fit Striped Cut Away Collar Casual Shirt,moda-ropa,hombre,multicolor,S,503.0
c0610,Hombres Regularmente Ajuste sólido Collar de extensión Casual Camisa,Men Regular Fit Solid Spread Collar Casual Shirt,moda-ropa,hombre,azul,L,289.0
c0611,Hombres Regularmente Encaje Camisa Casual Impreso,Men Regular Fit Printed Casual Shirt,moda-ropa,hombre,blanco,M,399.0
c0612,Hombres Regularmente Encaje sólido Formal Camisa,Men Regular Fit Solid Formal Shirt,moda-ropa,hombre,verde,M,445.0
c0613,Hombres delgado ajuste floral estampado casual camisa,Men Slim Fit Floral Print Casual Shirt,moda-ropa,hombre,verde,M,791.0
c0614,Hombres Regularmente Encaje Botón Solido Camisa Casual Collar,Men Regular Fit Solid Button Down Collar Casual Shirt,moda-ropa,hombre,azul,S,1611.0
c0615,Hombres delgado ajuste a cuadros camisa casual cuello de extensión,Men Slim Fit Checkered Spread Collar Casual Shirt,moda-ropa,hombre,rojo,L,329.0
c0616,Hombres delgado ajuste rayas casual Camisa,Men Slim Fit Striped Casual Shirt,moda-ropa,hombre,azul,S,899.0
c0617,Hombres delgado ajuste estampado cuello de extensión camisa casual,Men Slim Fit Printed Spread Collar Casual Shirt,moda-ropa,hombre,azul,S,1039.0
c0618,Hombres Regularmente En forma sólido Casual Camisa,Men Regular Fit Solid Casual Shirt,moda-ropa,hombre,varios,M,288.0
c0619,Hombres Regularmente Ajuste sólido Collar de extensión Casual Camisa,Men Regular Fit Solid Spread Collar Casual Shirt,moda-ropa,hombre,verde,M,289.0
c0620,Hombres delgados ajuste a cuadros corte lejos collar casual camisa,Men Slim Fit Checkered Cut Away Collar Casual Shirt,moda-ropa,hombre,rojo,S,1299.0
c0621,Hombres delgado ajuste rayas cuello de extensión camisa casual,Men Slim Fit Striped Spread Collar Casual Shirt,moda-ropa,hombre,verde,S,1151.0
c0622,Hombres camisa casual sólida ajustada delgada,Men Slim Fit Solid Casual Shirt,moda-ropa,hombre,verde,L,959.0
c0623,Hombres Regular ajuste rayas de cuello de extensión casual Camisa,Men Regular Fit Striped Spread Collar Casual Shirt,moda-ropa,hombre,blanco,M,959.0
c0624,Hombre delgado ajustado a cuadros de cuello de abajo camisa casual,Men Slim Fit Checkered Button Down Collar Casual Shirt,moda-ropa,hombre,blanco,L,1859.0
c0625,Hombres Regular ajuste impreso corte lejos collar casual camisa,Men Regular Fit Printed Cut Away Collar Casual Shirt,moda-ropa,hombre,azul,S,647.0
c0626,Hombres Regularmente Encaje Camisa Casual A cuadros,Men Regular Fit Checkered Casual Shirt,moda-ropa,hombre,rojo,M,1039.0
c0627,Hombres camisa casual ajustada delgada a cuadros,Men Slim Fit Checkered Casual Shirt,moda-ropa,hombre,rojo,S,999.0
c0628,Hombres Regularmente Ajuste sólido Collar de extensión Casual Camisa,Men Regular Fit Solid Spread Collar Casual Shirt,moda-ropa,hombre,azul,38,499.0
c0629,Hombres Regularmente En forma sólido Casual Camisa,Men Regular Fit Solid Casual Shirt,moda-ropa,hombre,azul,M,1212.0
c0630,Hombres regular ajuste estampado collar de extensión camisa casual,Men Regular Fit Printed Spread Collar Casual Shirt,moda-ropa,hombre,gris,L,779.0
c0631,Hombres Regularmente Ajuste a cuadros corte lejos collar casual camisa,Men Regular Fit Checkered Cut Away Collar Casual Shirt,moda-ropa,hombre,rojo,XL,730.0
c0632,Hombres camisa casual sólida ajustada delgada,Men Slim Fit Solid Casual Shirt,moda-ropa,hombre,verde,M,1079.0
c0633,Hombre delgado ajuste sólido de la camisa casual del cuello de la exte,Men Slim Fit Solid Spread Collar Casual Shirt,moda-ropa,hombre,azul,S,758.0
c0634,Hombres Regularmente Ajuste sólido Collar de extensión Casual Camisa,Men Regular Fit Solid Spread Collar Casual Shirt,moda-ropa,hombre,azul,M,259.0
c0635,Hombres Regularmente Ajuste sólido Collar de extensión Casual Camisa,Men Regular Fit Solid Spread Collar Casual Shirt,moda-ropa,hombre,azul,S,339.0
c0636,Hombres regular ajuste de color bloque de camisa casual,Men Regular Fit Color Block Casual Shirt,moda-ropa,hombre,negro,M,359.0
c0637,Hombres regular ajuste de color bloque de camisa casual,Men Regular Fit Color Block Casual Shirt,moda-ropa,hombre,negro,M,349.0
c0638,Hombres camisa casual ajustada delgada a cuadros,Men Slim Fit Checkered Casual Shirt,moda-ropa,hombre,rojo,S,1049.0
c0639,Hombre delgado ajustado a cuadros de cuello de abajo camisa casual,Men Slim Fit Checkered Button Down Collar Casual Shirt,moda-ropa,hombre,rojo,M,2274.0
c0640,Hombres delgado ajuste a cuadros camisa casual cuello de extensión,Men Slim Fit Checkered Spread Collar Casual Shirt,moda-ropa,hombre,rojo,M,326.0
c0641,Hombres delgado ajuste estampado cuello mandarín casual camisa,Men Slim Fit Printed Mandarin Collar Casual Shirt,moda-ropa,hombre,azul,L,791.0
c0642,Hombres regular ajuste estampado collar de extensión camisa casual,Men Regular Fit Printed Spread Collar Casual Shirt,moda-ropa,hombre,blanco,L,389.0
c0643,Hombres Regularmente Encaje Camisa Casual A cuadros,Men Regular Fit Checkered Casual Shirt,moda-ropa,hombre,rojo,M,1039.0
c0644,Hombres Slim Fit Slim Collar Formal,Men Slim Fit Solid Slim Collar Formal Shirt,moda-ropa,hombre,azul,M,449.0
c0645,Hombres delgado ajuste floral estampado de cuello de extensión casual ,Men Slim Fit Floral Print Spread Collar Casual Shirt,moda-ropa,hombre,negro,18,499.0
c0646,Hombres camisa casual ajustada delgada a cuadros,Men Slim Fit Checkered Casual Shirt,moda-ropa,hombre,rojo,S,799.0
c0647,Hombres delgado ajuste floral estampado casual camisa,Men Slim Fit Floral Print Casual Shirt,moda-ropa,hombre,verde,S,791.0
c0648,Hombres delgado ajuste impreso corte lejos collar casual camisa,Men Slim Fit Printed Cut Away Collar Casual Shirt,moda-ropa,hombre,negro,XL,374.0
c0649,Hombres delgado ajuste estampado cuello de extensión camisa casual,Men Slim Fit Printed Spread Collar Casual Shirt,moda-ropa,hombre,varios,L,499.0
c0650,Hombres Slim Fit Slim Collar Slim Camisa Casual,Men Slim Fit Solid Slim Collar Casual Shirt,moda-ropa,hombre,azul,S,799.0
c0651,Hombres Regular ajuste rayas corte lejos collar casual camisa,Men Regular Fit Striped Cut Away Collar Casual Shirt,moda-ropa,hombre,azul,XL,615.0
c0652,Hombres delgado ajuste rayas casual Camisa,Men Slim Fit Striped Casual Shirt,moda-ropa,hombre,azul,M,899.0
c0653,Hombres delgado ajuste estampado cuello de extensión camisa casual,Men Slim Fit Printed Spread Collar Casual Shirt,moda-ropa,hombre,azul,S,1039.0
c0654,Hombres delgado ajuste a cuadros camisa casual cuello de extensión,Men Slim Fit Checkered Spread Collar Casual Shirt,moda-ropa,hombre,rojo,M,445.0
c0655,Hombres delgados ajuste a cuadros corte lejos collar casual camisa,Men Slim Fit Checkered Cut Away Collar Casual Shirt,moda-ropa,hombre,rojo,S,730.0
c0656,Hombres camisa casual sólida ajustada delgada,Men Slim Fit Solid Casual Shirt,moda-ropa,hombre,verde,L,959.0
c0657,Hombres Regular ajuste rayas de cuello de extensión casual Camisa,Men Regular Fit Striped Spread Collar Casual Shirt,moda-ropa,hombre,blanco,L,959.0
c0658,Hombres delgados en forma sólida botón abajo camisa casual cuello,Men Slim Fit Solid Button Down Collar Casual Shirt,moda-ropa,hombre,azul,M,974.0
c0659,Hombres delgado ajuste rayas corte lejos collar casual camisa,Men Slim Fit Striped Cut Away Collar Casual Shirt,moda-ropa,hombre,verde,XL,473.0
c0660,Hombres Regularmente Encaje Camisa Casual A cuadros,Men Regular Fit Checkered Casual Shirt,moda-ropa,hombre,rojo,S,389.0
c0661,Hombres delgado ajuste camisa casual impresa,Men Slim Fit Printed Casual Shirt,moda-ropa,hombre,azul,M,799.0
c0662,Hombres Regularmente Encaje Camisa Casual A cuadros,Men Regular Fit Checkered Casual Shirt,moda-ropa,hombre,rojo,M,1039.0
c0663,Hombres camisa casual ajustada delgada a cuadros,Men Slim Fit Checkered Casual Shirt,moda-ropa,hombre,rojo,M,999.0
c0664,Hombres delgado ajuste a cuadros camisa casual cuello de extensión,Men Slim Fit Checkered Spread Collar Casual Shirt,moda-ropa,hombre,rojo,S,1151.0
c0665,Hombres delgados en forma de camisa formal a cuadros,Men Slim Fit Checkered Formal Shirt,moda-ropa,hombre,rojo,L,1199.0
c0666,Hombres camisa casual sólida ajustada delgada,Men Slim Fit Solid Casual Shirt,moda-ropa,hombre,verde,M,1079.0
c0667,Hombre delgado ajuste sólido de la camisa casual del cuello de la exte,Men Slim Fit Solid Spread Collar Casual Shirt,moda-ropa,hombre,azul,L,758.0
c0668,Hombre delgado ajuste sólido de la camisa casual del cuello de la exte,Men Slim Fit Solid Spread Collar Casual Shirt,moda-ropa,hombre,blanco,M,378.0
c0669,Hombres delgado ajuste a cuadros camisa casual cuello de extensión,Men Slim Fit Checkered Spread Collar Casual Shirt,moda-ropa,hombre,rojo,M,499.0
c0670,Hombres Regularmente Encaje sólido Formal Camisa,Men Regular Fit Solid Formal Shirt,moda-ropa,hombre,blanco,M,839.0
c0671,Hombres regular ajustados botón a cuadros abajo collar casual Shi...,Men Regular Fit Checkered Button Down Collar Casual Shi...,moda-ropa,hombre,rojo,M,839.0
c0672,Hombre Super Slim Fit sólido Collar Mandarín Casual Camisa,Men Super Slim Fit Solid Mandarin Collar Casual Shirt,moda-ropa,hombre,rojo,M,1559.0
c0673,Hombres camisa casual ajustada delgada a cuadros,Men Slim Fit Checkered Casual Shirt,moda-ropa,hombre,negro,M,949.0
c0674,Hombre delgado ajuste a cuadros de cuello de extensión formal camisa,Men Slim Fit Checkered Spread Collar Formal Shirt,moda-ropa,hombre,blanco,L,1255.0
c0675,Hombres regular ajuste estampado collar de extensión camisa casual,Men Regular Fit Printed Spread Collar Casual Shirt,moda-ropa,hombre,amarillo,M,423.0
c0676,Hombres regular ajuste de color bloque de camisa casual,Men Regular Fit Color Block Casual Shirt,moda-ropa,hombre,negro,L,359.0
c0677,Hombres regular ajuste de color bloque de camisa casual,Men Regular Fit Color Block Casual Shirt,moda-ropa,hombre,negro,L,349.0
c0678,Hombres Regular Fit sólido Collar de extensión formal Camisa,Men Regular Fit Solid Spread Collar Formal Shirt,moda-ropa,hombre,blanco,M,899.0
c0679,Hombres Regular Fit sólido Collar de extensión formal Camisa,Men Regular Fit Solid Spread Collar Formal Shirt,moda-ropa,hombre,naranja,M,299.0
c0680,Hombres Regularmente Ajuste sólido Collar de extensión Casual Camisa,Men Regular Fit Solid Spread Collar Casual Shirt,moda-ropa,hombre,naranja,M,289.0
c0681,Hombres camisa casual sólida ajustada delgada,Men Slim Fit Solid Casual Shirt,moda-ropa,hombre,blanco,M,773.0
c0682,Hombres regular ajuste estampado collar de extensión camisa casual,Men Regular Fit Printed Spread Collar Casual Shirt,moda-ropa,hombre,blanco,S,389.0
c0683,Hombres Regularmente Encaje Camisa Casual A cuadros,Men Regular Fit Checkered Casual Shirt,moda-ropa,hombre,rojo,M,1039.0
c0684,Hombres delgado ajuste estampado cuello de extensión camisa casual,Men Slim Fit Printed Spread Collar Casual Shirt,moda-ropa,hombre,blanco,M,398.0
c0685,Hombres Regular ajuste rayas de cuello de extensión casual Camisa,Men Regular Fit Striped Spread Collar Casual Shirt,moda-ropa,hombre,blanco,M,412.0
c0686,Hombres camisa casual ajustada delgada a cuadros,Men Slim Fit Checkered Casual Shirt,moda-ropa,hombre,rojo,XL,799.0
c0687,Hombres delgado ajuste floral estampado casual camisa,Men Slim Fit Floral Print Casual Shirt,moda-ropa,hombre,verde,L,791.0
c0688,Hombres regular ajustados botón a cuadros abajo collar casual Shi...,Men Regular Fit Checkered Button Down Collar Casual Shi...,moda-ropa,hombre,rojo,M,839.0
c0689,Hombres delgados ajuste a cuadros corte lejos collar casual camisa,Men Slim Fit Checkered Cut Away Collar Casual Shirt,moda-ropa,hombre,rojo,M,699.0
c0690,Hombres Regularmente En forma sólido Casual Camisa,Men Regular Fit Solid Casual Shirt,moda-ropa,hombre,blanco,L,329.0
c0691,Hombres delgados en forma sólida botón abajo camisa casual cuello,Men Slim Fit Solid Button Down Collar Casual Shirt,moda-ropa,hombre,morado,S,839.0
c0692,Hombres delgado ajuste rayas casual Camisa,Men Slim Fit Striped Casual Shirt,moda-ropa,hombre,azul,L,899.0
c0693,Hombres delgado ajuste estampado cuello de extensión camisa casual,Men Slim Fit Printed Spread Collar Casual Shirt,moda-ropa,hombre,negro,M,839.0
c0694,Hombres delgados ajuste a cuadros corte lejos collar casual camisa,Men Slim Fit Checkered Cut Away Collar Casual Shirt,moda-ropa,hombre,rojo,L,755.0
c0695,Hombres Regularmente Ajuste a cuadros corte lejos collar casual camisa,Men Regular Fit Checkered Cut Away Collar Casual Shirt,moda-ropa,hombre,blanco,M,696.0
c0696,Hombres delgado ajuste estampado cuello de extensión camisa casual,Men Slim Fit Printed Spread Collar Casual Shirt,moda-ropa,hombre,azul,L,1039.0
c0697,Hombres camisa casual sólida ajustada delgada,Men Slim Fit Solid Casual Shirt,moda-ropa,hombre,verde,L,959.0
c0698,"Hombres regular ajuste impreso, a cuadros collar de...","Men Regular Fit Printed, Checkered Ribbed Collar Casual...",moda-ropa,hombre,rojo,M,354.0
c0699,Hombres regular ajuste estampado collar de extensión camisa casual,Men Regular Fit Printed Spread Collar Casual Shirt,moda-ropa,hombre,negro,M,899.0
c0700,Hombre delgado ajuste sólido de la camisa formal de cuello de extensió,Men Slim Fit Solid Spread Collar Formal Shirt,moda-ropa,hombre,naranja,L,959.0
c0701,Hombres Regularmente En forma sólido Casual Camisa,Men Regular Fit Solid Casual Shirt,moda-ropa,hombre,azul,S,1434.0
c0702,Hombres Regular ajuste rayas de cuello de extensión casual Camisa,Men Regular Fit Striped Spread Collar Casual Shirt,moda-ropa,hombre,blanco,M,959.0
c0703,Hombres Regularmente Encaje Camisa Casual A cuadros,Men Regular Fit Checkered Casual Shirt,moda-ropa,hombre,rojo,M,1039.0
c0704,Hombres delgado ajuste a cuadros camisa casual cuello de extensión,Men Slim Fit Checkered Spread Collar Casual Shirt,moda-ropa,hombre,rojo,M,329.0
c0705,Hombres Regular Fit sólido Collar Mandarín Casual Camisa,Men Regular Fit Solid Mandarin Collar Casual Shirt,moda-ropa,hombre,verde,L,319.0
c0706,Hombres camisa casual ajustada delgada a cuadros,Men Slim Fit Checkered Casual Shirt,moda-ropa,hombre,rojo,XL,999.0
c0707,Hombres camisa casual sólida ajustada delgada,Men Slim Fit Solid Casual Shirt,moda-ropa,hombre,verde,XL,1079.0
c0708,Hombres Regularmente Ajuste Sólido Corte de distancia Collar Camisa Ca,Men Regular Fit Solid Cut Away Collar Casual Shirt,moda-ropa,hombre,gris,L,696.0
c0709,Hombres Regular ajuste rayas corte lejos collar casual camisa,Men Regular Fit Striped Cut Away Collar Casual Shirt,moda-ropa,hombre,azul,S,629.0
c0710,Hombres Regularmente Ajuste sólido Collar de extensión Casual Camisa,Men Regular Fit Solid Spread Collar Casual Shirt,moda-ropa,hombre,blanco,L,1239.0
c0711,Hombres delgado ajuste geométrico estampado de extensión collar casual,Men Slim Fit Geometric Print Spread Collar Casual Shirt,moda-ropa,hombre,azul,18,499.0
c0712,Hombre delgado ajuste sólido de la camisa casual del cuello de la exte,Men Slim Fit Solid Spread Collar Casual Shirt,moda-ropa,hombre,azul,L,758.0
c0713,Hombres delgado ajuste camisa casual impresa,Men Slim Fit Printed Casual Shirt,moda-ropa,hombre,blanco,L,1049.0
c0714,Hombres delgados en forma de camisa formal a cuadros,Men Slim Fit Checkered Formal Shirt,moda-ropa,hombre,rojo,M,899.0
c0715,Hombres delgado ajuste impreso corte lejos camisa formal collar,Men Slim Fit Printed Cut Away Collar Formal Shirt,moda-ropa,hombre,verde,L,959.0
c0716,Hombres regular ajuste de color bloque de camisa casual,Men Regular Fit Color Block Casual Shirt,moda-ropa,hombre,negro,XL,359.0
c0717,Hombres regular ajuste de color bloque de camisa casual,Men Regular Fit Color Block Casual Shirt,moda-ropa,hombre,negro,S,349.0
c0718,Hombres delgado ajuste estampado cuello de extensión camisa casual,Men Slim Fit Printed Spread Collar Casual Shirt,moda-ropa,hombre,negro,L,499.0
c0719,Hombres delgado ajuste rayas cuello de extensión camisa casual,Men Slim Fit Striped Spread Collar Casual Shirt,moda-ropa,hombre,multicolor,L,329.0
c0720,Hombres Regularmente Ajustado Collar Estirado Camisa Casual,Men Regular Fit Checkered Spread Collar Casual Shirt,moda-ropa,hombre,negro,M,959.0
c0721,Hombres delgados ajuste a cuadros corte lejos collar casual camisa,Men Slim Fit Checkered Cut Away Collar Casual Shirt,moda-ropa,hombre,rojo,XL,1049.0
c0722,Hombres regular ajuste estampado collar de extensión camisa casual,Men Regular Fit Printed Spread Collar Casual Shirt,moda-ropa,hombre,blanco,XL,389.0
c0723,Hombres Regularmente Encaje Camisa Casual A cuadros,Men Regular Fit Checkered Casual Shirt,moda-ropa,hombre,rojo,L,1039.0
c0724,Hombre Super Slim fit sólido camisa casual,Men Super Slim Fit Solid Casual Shirt,moda-ropa,hombre,blanco,M,624.0
c0725,Hombre delgado ajuste sólido cuello mandarín casual camisa,Men Slim Fit Solid Mandarin Collar Casual Shirt,moda-ropa,hombre,blanco,L,524.0
c0726,Hombres camisa casual ajustada delgada a cuadros,Men Slim Fit Checkered Casual Shirt,moda-ropa,hombre,rojo,XL,799.0
c0727,Hombres delgado ajuste floral estampado casual camisa,Men Slim Fit Floral Print Casual Shirt,moda-ropa,hombre,verde,XL,791.0
c0728,Hombres regular ajuste estampado collar de extensión camisa casual,Men Regular Fit Printed Spread Collar Casual Shirt,moda-ropa,hombre,café,XL,359.0
c0729,Hombre delgado ajuste sólido de la camisa casual del cuello de la exte,Men Slim Fit Solid Spread Collar Casual Shirt,moda-ropa,hombre,azul,18,849.0
c0730,Hombres Regularmente Ajuste sólido Collar de extensión Casual Camisa,Men Regular Fit Solid Spread Collar Casual Shirt,moda-ropa,hombre,amarillo,S,650.0
c0731,Hombres regular ajuste rayas botón abajo cuello casual camisa,Men Regular Fit Striped Button Down Collar Casual Shirt,moda-ropa,hombre,verde,S,1357.0
c0732,Hombres delgado ajuste rayas casual Camisa,Men Slim Fit Striped Casual Shirt,moda-ropa,hombre,azul,M,899.0
c0733,Hombres delgado ajuste estampado cuello de extensión camisa casual,Men Slim Fit Printed Spread Collar Casual Shirt,moda-ropa,hombre,negro,M,839.0
c0734,Hombres delgados en forma sólida botón abajo camisa casual cuello,Men Slim Fit Solid Button Down Collar Casual Shirt,moda-ropa,hombre,verde,S,849.0
c0735,Hombres Regularmente Ajuste sólido Collar de extensión Casual Camisa,Men Regular Fit Solid Spread Collar Casual Shirt,moda-ropa,hombre,varios,L,499.0
c0736,Hombres delgado ajuste estampado cuello de extensión camisa casual,Men Slim Fit Printed Spread Collar Casual Shirt,moda-ropa,hombre,azul,M,1039.0
c0737,Hombres Regular ajuste rayas de cuello de extensión casual Camisa,Men Regular Fit Striped Spread Collar Casual Shirt,moda-ropa,hombre,blanco,M,959.0
c0738,Hombres Regularmente Encaje sólido Formal Camisa,Men Regular Fit Solid Formal Shirt,moda-ropa,hombre,azul,M,899.0
c0739,Hombres Regularmente Encaje Camisa Casual A cuadros,Men Regular Fit Checkered Casual Shirt,moda-ropa,hombre,rojo,M,1706.0
c0740,Hombres delgados corte sólido corte lejos camisa casual collar,Men Slim Fit Solid Cut Away Collar Casual Shirt,moda-ropa,hombre,azul,S,770.0
c0741,Hombres delgado ajuste estampado cuello de extensión camisa casual,Men Slim Fit Printed Spread Collar Casual Shirt,moda-ropa,hombre,blanco,M,381.0
c0742,Hombres camisa casual sólida ajustada delgada,Men Slim Fit Solid Casual Shirt,moda-ropa,hombre,verde,M,959.0
c0743,Hombres Regularmente Encaje Camisa Casual A cuadros,Men Regular Fit Checkered Casual Shirt,moda-ropa,hombre,rojo,M,1039.0
c0744,Hombres delgado ajuste impreso corte lejos collar casual camisa,Men Slim Fit Printed Cut Away Collar Casual Shirt,moda-ropa,hombre,multicolor,XL,524.0
c0745,Hombres Regular Fit sólido Collar Mandarín Casual Camisa,Men Regular Fit Solid Mandarin Collar Casual Shirt,moda-ropa,hombre,blanco,S,352.0
c0746,Hombres camisa casual ajustada delgada a cuadros,Men Slim Fit Checkered Casual Shirt,moda-ropa,hombre,rojo,M,999.0
c0747,Hombres camisa casual sólida ajustada delgada,Men Slim Fit Solid Casual Shirt,moda-ropa,hombre,verde,S,1079.0
c0748,Hombres delgado ajuste rayas casual Camisa,Men Slim Fit Striped Casual Shirt,moda-ropa,hombre,azul,L,329.0
c0749,Hombre delgado ajuste sólido de la camisa casual del cuello de la exte,Men Slim Fit Solid Spread Collar Casual Shirt,moda-ropa,hombre,verde,18,699.0
c0750,Hombre Super Slim Fit sólido Collar de extensión casual Camisa,Men Super Slim Fit Solid Spread Collar Casual Shirt,moda-ropa,hombre,beige,M,974.0
c0751,Hombres Slim Fit sólido formal Camisa,Men Slim Fit Solid Formal Shirt,moda-ropa,hombre,azul,L,899.0
c0752,Hombre delgado ajuste sólido de la camisa casual del cuello de la exte,Men Slim Fit Solid Spread Collar Casual Shirt,moda-ropa,hombre,azul,M,758.0
c0753,Hombres delgado ajuste camisa casual impresa,Men Slim Fit Printed Casual Shirt,moda-ropa,hombre,blanco,L,1049.0
c0754,Hombres delgados ajuste a cuadros corte lejos collar casual camisa,Men Slim Fit Checkered Cut Away Collar Casual Shirt,moda-ropa,hombre,rojo,M,417.0
c0755,Hombre delgado ajuste sólido cuello mandarín casual camisa,Men Slim Fit Solid Mandarin Collar Casual Shirt,moda-ropa,hombre,blanco,M,699.0
c0756,Hombres regular ajuste de color bloque de camisa casual,Men Regular Fit Color Block Casual Shirt,moda-ropa,hombre,negro,M,359.0
c0757,Hombres regular ajuste de color bloque de camisa casual,Men Regular Fit Color Block Casual Shirt,moda-ropa,hombre,negro,M,349.0
c0758,Hombres delgado ajuste estampado formal camisa,Men Slim Fit Printed Formal Shirt,moda-ropa,hombre,azul,M,1013.0
c0759,Hombres delgados ajustados a cuadros camisa casual delgada cuello,Men Slim Fit Checkered Slim Collar Casual Shirt,moda-ropa,hombre,rojo,S,329.0
c0760,Hombres Regularmente En forma sólido Casual Camisa,Men Regular Fit Solid Casual Shirt,moda-ropa,hombre,negro,XL,298.0
c0761,Hombres delgado ajuste rayas cuello de extensión camisa casual,Men Slim Fit Striped Spread Collar Casual Shirt,moda-ropa,hombre,blanco,M,728.0
c0762,Hombres regular ajuste estampado collar de extensión camisa casual,Men Regular Fit Printed Spread Collar Casual Shirt,moda-ropa,hombre,blanco,L,389.0
c0763,Hombres Regularmente Encaje Camisa Casual A cuadros,Men Regular Fit Checkered Casual Shirt,moda-ropa,hombre,rojo,S,1039.0
c0764,Hombres Regularmente Encaje Botón Solido Camisa Casual Collar,Men Regular Fit Solid Button Down Collar Casual Shirt,moda-ropa,hombre,verde,M,839.0
c0765,Hombres Regular ajuste estampado collar curvado casual Camisa,Men Regular Fit Printed Curved Collar Casual Shirt,moda-ropa,hombre,beige,L,773.0
c0766,Hombres camisa casual ajustada delgada a cuadros,Men Slim Fit Checkered Casual Shirt,moda-ropa,hombre,rojo,M,799.0
c0767,Hombres delgado ajuste floral estampado casual camisa,Men Slim Fit Floral Print Casual Shirt,moda-ropa,hombre,verde,L,791.0
c0768,Hombres Regularmente Encaje sólido Formal Camisa,Men Regular Fit Solid Formal Shirt,moda-ropa,hombre,azul,M,899.0
c0769,Hombres delgado ajuste rayado cuello mandarín casual camisa,Men Slim Fit Striped Mandarin Collar Casual Shirt,moda-ropa,hombre,multicolor,L,857.0
c0770,Hombres delgado ajuste rayas casual Camisa,Men Slim Fit Striped Casual Shirt,moda-ropa,hombre,multicolor,M,445.0
c0771,Hombre delgado ajuste sólido de la camisa casual del cuello de la exte,Men Slim Fit Solid Spread Collar Casual Shirt,moda-ropa,hombre,morado,M,398.0
c0772,Hombres delgado ajuste rayas casual Camisa,Men Slim Fit Striped Casual Shirt,moda-ropa,hombre,azul,M,899.0
c0773,Hombres delgado ajuste estampado cuello de extensión camisa casual,Men Slim Fit Printed Spread Collar Casual Shirt,moda-ropa,hombre,negro,L,839.0
c0774,Hombres Regular Fit sólido Collar Mandarín Casual Camisa,Men Regular Fit Solid Mandarin Collar Casual Shirt,moda-ropa,hombre,naranja,L,339.0
c0775,Hombres Regular ajuste rayas de cuello de extensión casual Camisa,Men Regular Fit Striped Spread Collar Casual Shirt,moda-ropa,hombre,naranja,S,1611.0
c0776,Hombres delgado ajuste estampado cuello de extensión camisa casual,Men Slim Fit Printed Spread Collar Casual Shirt,moda-ropa,hombre,azul,S,1039.0
c0777,Hombres camisa casual sólida ajustada delgada,Men Slim Fit Solid Casual Shirt,moda-ropa,hombre,verde,M,959.0
c0778,Hombres Regularmente Encaje Camisa Casual A cuadros,Men Regular Fit Checkered Casual Shirt,moda-ropa,hombre,rojo,L,620.0
c0779,Hombres delgados ajuste a cuadros corte lejos collar casual camisa,Men Slim Fit Checkered Cut Away Collar Casual Shirt,moda-ropa,hombre,rojo,XL,949.0
c0780,Hombres camisa casual ajustada delgada a cuadros,Men Slim Fit Checkered Casual Shirt,moda-ropa,hombre,rojo,M,621.0
c0781,Hombres Regularmente Ajuste a cuadros corte lejos collar casual camisa,Men Regular Fit Checkered Cut Away Collar Casual Shirt,moda-ropa,hombre,rojo,M,1538.0
c0782,Hombres Regular ajuste rayas de cuello de extensión casual Camisa,Men Regular Fit Striped Spread Collar Casual Shirt,moda-ropa,hombre,blanco,L,959.0
c0783,Hombres Regularmente Encaje Camisa Casual A cuadros,Men Regular Fit Checkered Casual Shirt,moda-ropa,hombre,rojo,S,1039.0
c0784,Hombres delgado ajuste a cuadros camisa casual cuello de extensión,Men Slim Fit Checkered Spread Collar Casual Shirt,moda-ropa,hombre,rojo,M,329.0
c0785,Hombres delgado ajuste a cuadros camisa casual cuello de extensión,Men Slim Fit Checkered Spread Collar Casual Shirt,moda-ropa,hombre,rojo,L,329.0
c0786,Hombres camisa casual ajustada delgada a cuadros,Men Slim Fit Checkered Casual Shirt,moda-ropa,hombre,rojo,S,999.0
c0787,Hombres camisa casual sólida ajustada delgada,Men Slim Fit Solid Casual Shirt,moda-ropa,hombre,verde,M,1079.0
c0788,Hombres delgados en forma sólida botón abajo camisa casual cuello,Men Slim Fit Solid Button Down Collar Casual Shirt,moda-ropa,hombre,blanco,M,359.0
c0789,Hombres delgado ajuste rayas formal camisa,Men Slim Fit Striped Formal Shirt,moda-ropa,hombre,azul,L,992.0
c0790,Hombres Regularmente En forma sólido Casual Camisa,Men Regular Fit Solid Casual Shirt,moda-ropa,hombre,rojo,XL,1049.0
c0791,Hombres Regularmente Encaje Camisa Casual A cuadros,Men Regular Fit Checkered Casual Shirt,moda-ropa,hombre,rojo,M,1311.0
c0792,Hombre delgado ajuste sólido de la camisa casual del cuello de la exte,Men Slim Fit Solid Spread Collar Casual Shirt,moda-ropa,hombre,azul,M,758.0
c0793,Hombres delgado ajuste camisa casual impresa,Men Slim Fit Printed Casual Shirt,moda-ropa,hombre,blanco,L,1049.0
c0794,Hombres Regularmente Ajuste sólido Collar de extensión Casual Camisa,Men Regular Fit Solid Spread Collar Casual Shirt,moda-ropa,hombre,verde,S,418.0
c0795,Hombres delgado ajuste a cuadros camisa casual cuello de extensión,Men Slim Fit Checkered Spread Collar Casual Shirt,moda-ropa,hombre,rojo,L,279.0
c0796,Hombres regular ajuste de color bloque de camisa casual,Men Regular Fit Color Block Casual Shirt,moda-ropa,hombre,negro,XL,359.0
c0797,Hombres regular ajuste de color bloque de camisa casual,Men Regular Fit Color Block Casual Shirt,moda-ropa,hombre,negro,M,349.0
c0798,Hombre regular ajuste autodiseño de la camisa casual de cuello de exte,Men Regular Fit Self Design Spread Collar Casual Shirt,moda-ropa,hombre,azul,XL,1399.0
c0799,Hombre delgado ajuste sólido de la camisa casual del cuello de la exte,Men Slim Fit Solid Spread Collar Casual Shirt,moda-ropa,hombre,varios,M,398.0
c0800,Hombres delgado ajuste a cuadros camisa casual cuello de extensión,Men Slim Fit Checkered Spread Collar Casual Shirt,moda-ropa,hombre,rojo,M,659.0
c0801,Hombres Regularmente Encaje Camisa Casual A cuadros,Men Regular Fit Checkered Casual Shirt,moda-ropa,hombre,rojo,XL,1039.0
c0802,Hombres camisa casual ajustada delgada a cuadros,Men Slim Fit Checkered Casual Shirt,moda-ropa,hombre,rojo,L,799.0
c0803,Hombre delgado ajuste sólido cuello mandarín casual camisa,Men Slim Fit Solid Mandarin Collar Casual Shirt,moda-ropa,hombre,blanco,M,379.0
c0804,Hombres Super Slim Fit Impreso Formal Camisa,Men Super Slim Fit Printed Formal Shirt,moda-ropa,hombre,azul,L,899.0
c0805,Hombres delgado ajuste floral estampado casual camisa,Men Slim Fit Floral Print Casual Shirt,moda-ropa,hombre,verde,M,791.0
c0806,Hombres delgado ajuste rayas casual Camisa,Men Slim Fit Striped Casual Shirt,moda-ropa,hombre,azul,M,899.0
c0807,Hombres Regularmente Encaje Camisa Casual A cuadros,Men Regular Fit Checkered Casual Shirt,moda-ropa,hombre,rojo,L,839.0
c0808,Hombres camisa casual ajustada delgada a cuadros,Men Slim Fit Checkered Casual Shirt,moda-ropa,hombre,rojo,S,445.0
c0809,Hombre delgado ajuste autodiseño formal camisa,Men Slim Fit Self Design Formal Shirt,moda-ropa,hombre,amarillo,L,1020.0
c0810,Hombres Regular ajuste rayas corte lejos collar casual camisa,Men Regular Fit Striped Cut Away Collar Casual Shirt,moda-ropa,hombre,multicolor,L,289.0
c0811,Hombres delgado ajuste estampado cuello de extensión camisa casual,Men Slim Fit Printed Spread Collar Casual Shirt,moda-ropa,hombre,negro,M,839.0
c0812,Hombres delgado ajuste estampado cuello de extensión camisa casual,Men Slim Fit Printed Spread Collar Casual Shirt,moda-ropa,hombre,azul,L,1039.0
c0813,Hombres camisa casual ajustada delgada a cuadros,Men Slim Fit Checkered Casual Shirt,moda-ropa,hombre,rojo,XL,699.0
c0814,Hombres Regularmente Encaje Camisa Casual A cuadros,Men Regular Fit Checkered Casual Shirt,moda-ropa,hombre,rojo,M,389.0
c0815,Hombres Regular ajuste rayas de cuello de extensión casual Camisa,Men Regular Fit Striped Spread Collar Casual Shirt,moda-ropa,hombre,blanco,M,959.0
c0816,Hombres camisa casual sólida ajustada delgada,Men Slim Fit Solid Casual Shirt,moda-ropa,hombre,verde,XL,959.0
c0817,Hombres camisa casual ajustada delgada a cuadros,Men Slim Fit Checkered Casual Shirt,moda-ropa,hombre,rojo,S,1201.0
c0818,Hombres camisa casual ajustada delgada a cuadros,Men Slim Fit Checkered Casual Shirt,moda-ropa,hombre,rojo,L,298.0
c0819,Hombre Super Slim ajustado camisa casual a cuadros,Men Super Slim Fit Checkered Casual Shirt,moda-ropa,hombre,rojo,L,1274.0
c0820,Hombres Slim Fit Slim Collar Formal,Men Slim Fit Solid Slim Collar Formal Shirt,moda-ropa,hombre,varios,L,449.0
c0821,Hombres Regularmente Encaje Camisa Casual A cuadros,Men Regular Fit Checkered Casual Shirt,moda-ropa,hombre,rojo,L,1039.0
c0822,Hombres camisa casual ajustada delgada a cuadros,Men Slim Fit Checkered Casual Shirt,moda-ropa,hombre,rojo,M,999.0
c0823,Hombres Regularmente Ajustado Collar Estirado Camisa Casual,Men Regular Fit Checkered Spread Collar Casual Shirt,moda-ropa,hombre,rojo,L,279.0
c0824,Hombres Regularmente Encaje Camisa Casual A cuadros,Men Regular Fit Checkered Casual Shirt,moda-ropa,hombre,rojo,M,559.0
c0825,Hombres camisa casual sólida ajustada delgada,Men Slim Fit Solid Casual Shirt,moda-ropa,hombre,verde,M,1079.0
c0826,Hombre delgado ajuste sólido de la camisa casual del cuello de la exte,Men Slim Fit Solid Spread Collar Casual Shirt,moda-ropa,hombre,azul,M,758.0
c0827,Hombres delgados corte sólido corte lejos camisa casual collar,Men Slim Fit Solid Cut Away Collar Casual Shirt,moda-ropa,hombre,verde,M,979.0
c0828,Hombres delgados en forma de camisa formal a cuadros,Men Slim Fit Checkered Formal Shirt,moda-ropa,hombre,rojo,S,959.0
c0829,Hombres delgado ajuste camisa casual impresa,Men Slim Fit Printed Casual Shirt,moda-ropa,hombre,azul,S,758.0
c0830,Hombres Regularmente Ajustado Collar Estirado Camisa Casual,Men Regular Fit Checkered Spread Collar Casual Shirt,moda-ropa,hombre,rojo,XL,636.0
c0831,Hombres camisa casual sólida ajustada delgada,Men Slim Fit Solid Casual Shirt,moda-ropa,hombre,negro,XL,521.0
c0832,Hombres camisa casual ajustada delgada a cuadros,Men Slim Fit Checkered Casual Shirt,moda-ropa,hombre,negro,M,949.0
c0833,Hombres regular ajustados botón a cuadros abajo collar casual Shi...,Men Regular Fit Checkered Button Down Collar Casual Shi...,moda-ropa,hombre,rojo,M,909.0
c0834,Hombres delgado ajuste impreso corte lejos collar casual camisa,Men Slim Fit Printed Cut Away Collar Casual Shirt,moda-ropa,hombre,multicolor,M,656.0
c0835,Hombres regular ajuste de color bloque de camisa casual,Men Regular Fit Color Block Casual Shirt,moda-ropa,hombre,negro,M,359.0
c0836,Hombres regular ajuste de color bloque de camisa casual,Men Regular Fit Color Block Casual Shirt,moda-ropa,hombre,negro,M,349.0
c0837,Hombres Regularmente Ajustado Collar Estirado Camisa Casual,Men Regular Fit Checkered Spread Collar Casual Shirt,moda-ropa,hombre,rojo,M,1487.0
c0838,Hombres Regularmente Encaje Camisa Casual Lavada,Men Regular Fit Washed Casual Shirt,moda-ropa,hombre,azul,S,869.0
c0839,Hombres Regular ajuste impreso corte lejos collar casual camisa,Men Regular Fit Printed Cut Away Collar Casual Shirt,moda-ropa,hombre,verde,M,1379.0
c0840,Hombres Regularmente Ajuste a cuadros corte lejos collar casual camisa,Men Regular Fit Checkered Cut Away Collar Casual Shirt,moda-ropa,hombre,rojo,L,571.0
c0841,Hombres Regularmente Encaje Camisa Casual A cuadros,Men Regular Fit Checkered Casual Shirt,moda-ropa,hombre,rojo,L,1039.0
c0842,Hombres camisa casual ajustada delgada a cuadros,Men Slim Fit Checkered Casual Shirt,moda-ropa,hombre,rojo,M,799.0
c0843,Hombres delgado ajuste camisa casual impresa,Men Slim Fit Printed Casual Shirt,moda-ropa,hombre,negro,XL,1049.0
c0844,Hombres delgado ajuste camisa casual impresa,Men Slim Fit Printed Casual Shirt,moda-ropa,hombre,blanco,M,1319.0
c0845,Hombres delgado ajuste floral estampado casual camisa,Men Slim Fit Floral Print Casual Shirt,moda-ropa,hombre,verde,L,791.0
c0846,Hombres delgado ajuste rayas casual Camisa,Men Slim Fit Striped Casual Shirt,moda-ropa,hombre,azul,M,899.0
c0847,Hombres delgados en forma de camisa formal a cuadros,Men Slim Fit Checkered Formal Shirt,moda-ropa,hombre,rojo,S,1035.0
c0848,Hombre delgado ajuste sólido de la camisa casual del cuello de la exte,Men Slim Fit Solid Spread Collar Casual Shirt,moda-ropa,hombre,blanco,M,574.0
c0849,Hombres Regular ajuste rayas corte lejos collar casual camisa,Men Regular Fit Striped Cut Away Collar Casual Shirt,moda-ropa,hombre,azul,L,725.0
c0850,Hombres regular ajuste estampado collar de extensión camisa casual,Men Regular Fit Printed Spread Collar Casual Shirt,moda-ropa,hombre,negro,S,1299.0
c0851,Hombres delgado ajuste estampado cuello de extensión camisa casual,Men Slim Fit Printed Spread Collar Casual Shirt,moda-ropa,hombre,negro,M,839.0
c0852,Hombres delgado ajuste estampado cuello de extensión camisa casual,Men Slim Fit Printed Spread Collar Casual Shirt,moda-ropa,hombre,azul,S,1039.0
c0853,Hombres Regularmente Encaje Camisa Casual Impreso,Men Regular Fit Printed Casual Shirt,moda-ropa,hombre,negro,L,767.0
c0854,Hombres camisa casual sólida ajustada delgada,Men Slim Fit Solid Casual Shirt,moda-ropa,hombre,verde,L,1044.0
c0855,Hombres camisa casual sólida ajustada delgada,Men Slim Fit Solid Casual Shirt,moda-ropa,hombre,verde,L,959.0
c0856,Hombres Regular ajuste rayas de cuello de extensión casual Camisa,Men Regular Fit Striped Spread Collar Casual Shirt,moda-ropa,hombre,blanco,XL,959.0
c0857,Hombres delgado ajuste rayas cuello de extensión formal camisa,Men Slim Fit Striped Spread Collar Formal Shirt,moda-ropa,hombre,blanco,L,1133.0
c0858,Hombres Regularmente Ajustado Collar Estirado Camisa Casual,Men Regular Fit Checkered Spread Collar Casual Shirt,moda-ropa,hombre,blanco,S,799.0
c0859,Hombres Regularmente Ajuste sólido Collar de extensión Casual Camisa,Men Regular Fit Solid Spread Collar Casual Shirt,moda-ropa,hombre,varios,L,479.0
c0860,Hombres Regularmente Ajustado Collar Estirado Camisa Casual,Men Regular Fit Checkered Spread Collar Casual Shirt,moda-ropa,hombre,blanco,M,288.0
c0861,Hombres Regularmente Encaje Camisa Casual A cuadros,Men Regular Fit Checkered Casual Shirt,moda-ropa,hombre,rojo,S,1039.0
c0862,Hombres camisa casual ajustada delgada a cuadros,Men Slim Fit Checkered Casual Shirt,moda-ropa,hombre,rojo,M,999.0
c0863,Hombres delgado ajuste rayas corte lejos collar casual camisa,Men Slim Fit Striped Cut Away Collar Casual Shirt,moda-ropa,hombre,blanco,XL,1539.0
c0864,Hombres camisa casual sólida ajustada delgada,Men Slim Fit Solid Casual Shirt,moda-ropa,hombre,morado,XL,1199.0
c0865,Hombres camisa casual sólida ajustada delgada,Men Slim Fit Solid Casual Shirt,moda-ropa,hombre,verde,L,1079.0
c0866,Hombre delgado ajuste sólido de la camisa casual del cuello de la exte,Men Slim Fit Solid Spread Collar Casual Shirt,moda-ropa,hombre,azul,M,758.0
c0867,Hombres camisa casual sólida ajustada delgada,Men Slim Fit Solid Casual Shirt,moda-ropa,hombre,azul,L,974.0
c0868,Hombre delgado ajuste sólido de la camisa casual del cuello de la exte,Men Slim Fit Solid Spread Collar Casual Shirt,moda-ropa,hombre,café,M,499.0
c0869,Hombres Regularmente Ajuste Sólido Corte de distancia Collar Camisa Ca,Men Regular Fit Solid Cut Away Collar Casual Shirt,moda-ropa,hombre,gris,M,499.0
c0870,Hombres delgado ajuste rayas cuello de extensión camisa casual,Men Slim Fit Striped Spread Collar Casual Shirt,moda-ropa,hombre,blanco,XL,398.0
c0871,Hombre Super Slim Fit sólido Collar Mandarín Casual Camisa,Men Super Slim Fit Solid Mandarin Collar Casual Shirt,moda-ropa,hombre,rojo,M,1559.0
c0872,Hombres camisa casual ajustada delgada a cuadros,Men Slim Fit Checkered Casual Shirt,moda-ropa,hombre,negro,L,949.0
c0873,Hombres delgado ajuste rayas corte lejos collar casual camisa,Men Slim Fit Striped Cut Away Collar Casual Shirt,moda-ropa,hombre,multicolor,S,641.0
c0874,Hombres delgado ajuste rayas casual Camisa,Men Slim Fit Striped Casual Shirt,moda-ropa,hombre,blanco,S,684.0
c0875,Hombres regular ajuste de color bloque de camisa casual,Men Regular Fit Color Block Casual Shirt,moda-ropa,hombre,negro,M,359.0
c0876,Hombres regular ajuste de color bloque de camisa casual,Men Regular Fit Color Block Casual Shirt,moda-ropa,hombre,negro,M,349.0
c0877,Hombres Regular ajuste rayas de cuello de extensión casual Camisa,Men Regular Fit Striped Spread Collar Casual Shirt,moda-ropa,hombre,varios,XL,2299.0
c0878,Hombres Regular Fit sólido Collar Mandarín Casual Camisa,Men Regular Fit Solid Mandarin Collar Casual Shirt,moda-ropa,hombre,naranja,M,339.0
c0879,Hombres delgados en forma sólida botón abajo camisa casual cuello,Men Slim Fit Solid Button Down Collar Casual Shirt,moda-ropa,hombre,azul,M,699.0
c0880,Hombres Regularmente En forma sólido Casual Camisa,Men Regular Fit Solid Casual Shirt,moda-ropa,hombre,azul,M,499.0
c0881,Hombres Regularmente Encaje Camisa Casual A cuadros,Men Regular Fit Checkered Casual Shirt,moda-ropa,hombre,rojo,XL,1039.0
c0882,Hombres camisa casual ajustada delgada a cuadros,Men Slim Fit Checkered Casual Shirt,moda-ropa,hombre,rojo,L,799.0
c0883,Hombres Regularmente Ajuste sólido Collar de extensión Casual Camisa,Men Regular Fit Solid Spread Collar Casual Shirt,moda-ropa,hombre,verde,XL,438.0
c0884,Hombres Slim Fit Slim Collar Slim Camisa Casual,Men Slim Fit Solid Slim Collar Casual Shirt,moda-ropa,hombre,varios,M,488.0
c0885,Hombres delgado ajuste floral estampado casual camisa,Men Slim Fit Floral Print Casual Shirt,moda-ropa,hombre,verde,L,791.0
c0886,Hombres delgado ajuste rayas casual Camisa,Men Slim Fit Striped Casual Shirt,moda-ropa,hombre,azul,M,899.0
c0887,Hombres Regularmente Encaje Camisa Casual A cuadros,Men Regular Fit Checkered Casual Shirt,moda-ropa,hombre,rojo,M,559.0
c0888,Hombres Regularmente Encaje Camisa Casual Impreso,Men Regular Fit Printed Casual Shirt,moda-ropa,hombre,azul,M,1749.0
c0889,Hombres delgado ajuste camisa casual impresa,Men Slim Fit Printed Casual Shirt,moda-ropa,hombre,multicolor,M,649.0
c0890,Hombres Super Slim Fit Impreso Formal Camisa,Men Super Slim Fit Printed Formal Shirt,moda-ropa,hombre,morado,XL,899.0
c0891,Hombres delgado ajuste estampado cuello de extensión camisa casual,Men Slim Fit Printed Spread Collar Casual Shirt,moda-ropa,hombre,negro,S,839.0
c0892,Hombres delgado ajuste estampado cuello de extensión camisa casual,Men Slim Fit Printed Spread Collar Casual Shirt,moda-ropa,hombre,azul,M,1039.0
c0893,Hombres delgados ajustados a cuadros camisa casual delgada cuello,Men Slim Fit Checkered Slim Collar Casual Shirt,moda-ropa,hombre,rojo,M,649.0
c0894,Hombres delgado ajuste estampado cuello de extensión camisa casual,Men Slim Fit Printed Spread Collar Casual Shirt,moda-ropa,hombre,azul,M,839.0
c0895,Hombres camisa casual sólida ajustada delgada,Men Slim Fit Solid Casual Shirt,moda-ropa,hombre,verde,M,959.0
c0896,Hombres Regular ajuste rayas de cuello de extensión casual Camisa,Men Regular Fit Striped Spread Collar Casual Shirt,moda-ropa,hombre,blanco,L,959.0
c0897,Hombres Regularmente Encaje Botón Solido Camisa Casual Collar,Men Regular Fit Solid Button Down Collar Casual Shirt,moda-ropa,hombre,naranja,XL,1298.0
c0898,Hombres regular ajustados botón a cuadros abajo collar casual Shi...,Men Regular Fit Checkered Button Down Collar Casual Shi...,moda-ropa,hombre,rojo,M,2099.0
c0899,Hombres delgados en forma sólida botón abajo camisa casual cuello,Men Slim Fit Solid Button Down Collar Casual Shirt,moda-ropa,hombre,negro,M,799.0
c0900,Hombre delgado ajuste a cuadros de cuello de extensión formal camisa,Men Slim Fit Checkered Spread Collar Formal Shirt,moda-ropa,hombre,rojo,M,959.0
c0901,Hombres Regularmente Encaje Camisa Casual A cuadros,Men Regular Fit Checkered Casual Shirt,moda-ropa,hombre,rojo,XL,1039.0
c0902,Hombres camisa casual ajustada delgada a cuadros,Men Slim Fit Checkered Casual Shirt,moda-ropa,hombre,rojo,M,999.0
c0903,Hombres delgado ajuste estampado cuello de extensión camisa casual,Men Slim Fit Printed Spread Collar Casual Shirt,moda-ropa,hombre,verde,M,328.0
c0904,Hombres Regularmente Ajustado Collar Estirado Camisa Casual,Men Regular Fit Checkered Spread Collar Casual Shirt,moda-ropa,hombre,rojo,M,599.0
c0905,Hombres camisa casual sólida ajustada delgada,Men Slim Fit Solid Casual Shirt,moda-ropa,hombre,verde,M,1079.0
c0906,Hombre delgado ajuste sólido de la camisa casual del cuello de la exte,Men Slim Fit Solid Spread Collar Casual Shirt,moda-ropa,hombre,azul,L,758.0
c0907,Hombre delgado ajuste auto diseño de la camisa casual de cuello de ext,Men Slim Fit Self Design Spread Collar Casual Shirt,moda-ropa,hombre,negro,M,424.0
c0908,Hombres delgado ajuste estampado cuello de extensión camisa casual,Men Slim Fit Printed Spread Collar Casual Shirt,moda-ropa,hombre,rosa,M,799.0
c0909,Hombres delgado ajuste rayas cuello de extensión camisa casual,Men Slim Fit Striped Spread Collar Casual Shirt,moda-ropa,hombre,azul,L,1049.0
c0910,Hombre Slim Fit Auto Diseño de Collar de extensión Formal Camisa,Men Slim Fit Self Design Spread Collar Formal Shirt,moda-ropa,hombre,azul,S,1599.0
c0911,Hombres delgado ajuste camisa casual impresa,Men Slim Fit Printed Casual Shirt,moda-ropa,hombre,blanco,M,1049.0
c0912,Hombre Super Slim Fit sólido Collar Mandarín Casual Camisa,Men Super Slim Fit Solid Mandarin Collar Casual Shirt,moda-ropa,hombre,rojo,M,1559.0
c0913,Hombres Regularmente Ajuste sólido Collar de extensión Casual Camisa,Men Regular Fit Solid Spread Collar Casual Shirt,moda-ropa,hombre,gris,M,267.0
c0914,Hombre delgado ajuste de cuello de mandarín lavado camisa casual,Men Slim Fit Washed Mandarin Collar Casual Shirt,moda-ropa,hombre,verde,M,398.0
c0915,Hombres regular ajuste de color bloque de camisa casual,Men Regular Fit Color Block Casual Shirt,moda-ropa,hombre,negro,M,359.0
c0916,Hombres regular ajuste de color bloque de camisa casual,Men Regular Fit Color Block Casual Shirt,moda-ropa,hombre,negro,M,349.0
c0917,Hombres Regularmente En forma sólido Casual Camisa,Men Regular Fit Solid Casual Shirt,moda-ropa,hombre,varios,L,289.0
c0918,Hombres delgado ajuste a cuadros camisa casual cuello de extensión,Men Slim Fit Checkered Spread Collar Casual Shirt,moda-ropa,hombre,negro,S,857.0
c0919,Hombre delgado ajuste sólido de la camisa casual del cuello de la exte,Men Slim Fit Solid Spread Collar Casual Shirt,moda-ropa,hombre,negro,M,562.0
c0920,Hombres camisa casual ajustada delgada a cuadros,Men Slim Fit Checkered Casual Shirt,moda-ropa,hombre,rojo,M,799.0
c0921,Hombres Regularmente Encaje Camisa Casual A cuadros,Men Regular Fit Checkered Casual Shirt,moda-ropa,hombre,rojo,M,1039.0
c0922,Hombres Regularmente En forma sólido Casual Camisa,Men Regular Fit Solid Casual Shirt,moda-ropa,hombre,azul,M,899.0
c0923,Hombres camisa casual ajustada delgada a cuadros,Men Slim Fit Checkered Casual Shirt,moda-ropa,hombre,rojo,S,919.0
c0924,Hombres delgado ajuste floral estampado casual camisa,Men Slim Fit Floral Print Casual Shirt,moda-ropa,hombre,verde,M,791.0
c0925,Hombres delgado ajuste rayas casual Camisa,Men Slim Fit Striped Casual Shirt,moda-ropa,hombre,azul,M,899.0
c0926,Hombres delgado ajuste rayas de cuello mandarín partido camisa,Men Slim Fit Striped Mandarin Collar Party Shirt,moda-ropa,hombre,verde,L,480.0
c0927,Hombres Regularmente Encaje Botón Solido Camisa Casual Collar,Men Regular Fit Solid Button Down Collar Casual Shirt,moda-ropa,hombre,azul,L,1319.0
c0928,Hombre delgado ajuste sólido cuello mandarín casual camisa,Men Slim Fit Solid Mandarin Collar Casual Shirt,moda-ropa,hombre,blanco,XL,649.0
c0929,Hombres Regular Fit sólido Collar Mandarín Casual Camisa,Men Regular Fit Solid Mandarin Collar Casual Shirt,moda-ropa,hombre,blanco,S,769.0
c0930,Hombres delgado ajuste estampado cuello de extensión camisa casual,Men Slim Fit Printed Spread Collar Casual Shirt,moda-ropa,hombre,negro,L,839.0
c0931,Hombres delgado ajuste estampado cuello de extensión camisa casual,Men Slim Fit Printed Spread Collar Casual Shirt,moda-ropa,hombre,azul,M,1039.0
c0932,Hombres delgado ajuste estampado cuello de extensión camisa casual,Men Slim Fit Printed Spread Collar Casual Shirt,moda-ropa,hombre,amarillo,L,549.0
c0933,Hombres delgado ajuste camisa casual impresa,Men Slim Fit Printed Casual Shirt,moda-ropa,hombre,amarillo,M,759.0
c0934,Hombres camisa casual sólida ajustada delgada,Men Slim Fit Solid Casual Shirt,moda-ropa,hombre,verde,L,959.0
c0935,Hombres Regular ajuste rayas de cuello de extensión casual Camisa,Men Regular Fit Striped Spread Collar Casual Shirt,moda-ropa,hombre,blanco,M,959.0
c0936,Hombres regular ajuste estampado collar de extensión camisa casual,Men Regular Fit Printed Spread Collar Casual Shirt,moda-ropa,hombre,gris,M,387.0
c0937,Hombres delgados en forma de camisa formal a cuadros,Men Slim Fit Checkered Formal Shirt,moda-ropa,hombre,rojo,M,992.0
c0938,Hombres delgado ajuste camisa casual impresa,Men Slim Fit Printed Casual Shirt,moda-ropa,hombre,verde,L,869.0
c0939,Hombres Regularmente Ajuste a cuadros corte lejos collar casual camisa,Men Regular Fit Checkered Cut Away Collar Casual Shirt,moda-ropa,hombre,rojo,M,594.0
c0940,Hombres Regularmente Encaje Camisa Casual A cuadros,Men Regular Fit Checkered Casual Shirt,moda-ropa,hombre,rojo,M,1039.0
c0941,Hombres camisa casual ajustada delgada a cuadros,Men Slim Fit Checkered Casual Shirt,moda-ropa,hombre,rojo,M,999.0
c0942,Hombre delgado ajuste sólido de la camisa casual del cuello de la exte,Men Slim Fit Solid Spread Collar Casual Shirt,moda-ropa,hombre,café,S,499.0
c0943,Hombres Slim Fit sólido formal Camisa,Men Slim Fit Solid Formal Shirt,moda-ropa,hombre,rojo,M,899.0
c0944,Hombres camisa casual sólida ajustada delgada,Men Slim Fit Solid Casual Shirt,moda-ropa,hombre,verde,S,1079.0
c0945,Hombre delgado ajuste sólido de la camisa casual del cuello de la exte,Men Slim Fit Solid Spread Collar Casual Shirt,moda-ropa,hombre,azul,L,758.0
c0946,Hombres delgado ajuste rayas cuello de extensión camisa casual,Men Slim Fit Striped Spread Collar Casual Shirt,moda-ropa,hombre,azul,M,799.0
c0947,Hombres delgado ajuste impreso corte lejos collar casual camisa,Men Slim Fit Printed Cut Away Collar Casual Shirt,moda-ropa,hombre,multicolor,M,611.0
c0948,Hombres delgado ajuste rayas cuello de extensión camisa casual,Men Slim Fit Striped Spread Collar Casual Shirt,moda-ropa,hombre,multicolor,S,1049.0
c0949,Hombres delgados corte sólido corte lejos camisa casual collar,Men Slim Fit Solid Cut Away Collar Casual Shirt,moda-ropa,hombre,blanco,L,599.0
c0950,Hombre Super Slim Fit sólido Collar Mandarín Casual Camisa,Men Super Slim Fit Solid Mandarin Collar Casual Shirt,moda-ropa,hombre,rojo,L,1559.0
c0951,Hombres camisa casual ajustada delgada a cuadros,Men Slim Fit Checkered Casual Shirt,moda-ropa,hombre,negro,S,949.0
c0952,Hombres Regularmente Ajustado Collar Estirado Camisa Casual,Men Regular Fit Checkered Spread Collar Casual Shirt,moda-ropa,hombre,rojo,M,599.0
c0953,Hombres delgados ajustados a cuadros camisa casual delgada cuello,Men Slim Fit Checkered Slim Collar Casual Shirt,moda-ropa,hombre,rojo,S,499.0
c0954,Mujer A-line vestido de naranja,Women A-line Orange Dress,moda-ropa,mujer,naranja,XS,229.0
c0955,Mujeres A-line vestido púrpura,Women A-line Purple Dress,moda-accesorio,mujer,morado,M,479.0
c0956,Mujer A-line vestido azul,Women A-line Blue Dress,moda-ropa,mujer,azul,L,399.0
c0957,Vestido multicolor de las mujeres en forma y la llama,Women Fit and Flare Multicolor Dress,moda-ropa,mujer,multicolor,L,399.0
c0958,Vestido multicolor de las mujeres en forma y la llama,Women Fit and Flare Multicolor Dress,moda-ropa,mujer,multicolor,M,399.0
c0959,Mujeres étnica vestido vestido negro,Women Ethnic Dress Black Dress,moda-ropa,mujer,negro,L,359.0
c0960,Mujeres Maxi vestido negro,Women Maxi Black Dress,moda-ropa,mujer,negro,M,289.0
c0961,"Mujeres Co-orden Verde, Azul, Blanco vestido","Women Co-ords Green, Blue, White Dress",moda-ropa,mujer,blanco,S,599.0
c0962,Mujer A-line vestido de Maroon,Women A-line Maroon Dress,moda-ropa,mujer,varios,S,399.0
c0963,Mujer A-line vestido negro,Women A-line Black Dress,moda-ropa,mujer,negro,S,999.0
c0964,Mujeres A-line Multicolor vestido,Women A-line Multicolor Dress,moda-ropa,mujer,multicolor,M,999.0
c0965,"Mujeres Bodycon rosa, vestido negro","Women Bodycon Pink, Black Dress",moda-ropa,mujer,negro,S,224.0
c0966,Vestido de mujer en forma y brillo púrpura,Women Fit and Flare Purple Dress,moda-ropa,mujer,morado,S,349.0
c0967,Vestido negro asimétrico de las mujeres,Women Asymmetric Black Dress,moda-ropa,mujer,negro,44,299.0
c0968,Mujer A-line vestido blanco,Women A-line White Dress,moda-ropa,mujer,blanco,S,267.0
c0969,Mujeres étnica vestido vestido de naranja,Women Ethnic Dress Orange Dress,moda-ropa,mujer,naranja,M,424.0
c0970,Mujeres vestido étnico vestido Maroon,Women Ethnic Dress Maroon Dress,moda-ropa,mujer,varios,M,424.0
c0971,Mujeres Skater Multicolor vestido,Women Skater Multicolor Dress,moda-ropa,mujer,multicolor,L,495.0
c0972,Vestido multicolor de las mujeres en forma y la llama,Women Fit and Flare Multicolor Dress,moda-ropa,mujer,multicolor,M,370.0
c0973,Mujeres étnica vestido vestido negro,Women Ethnic Dress Black Dress,moda-ropa,mujer,negro,M,424.0
c0974,Mujeres vestido étnico vestido verde,Women Ethnic Dress Green Dress,moda-ropa,mujer,verde,M,424.0
c0975,Mujeres Maxi vestido marrón con máscara,Women Maxi Brown Dress With Mask,moda-ropa,mujer,café,XL,891.0
c0976,"Mujer A-line rosa, blanco vestido","Women A-line Pink, White Dress",moda-ropa,mujer,blanco,M,499.0
c0977,Vestido de mujer Corporal púrpura,Women Bodycon Purple Dress,moda-ropa,mujer,morado,M,312.0
c0978,Vestido de mujer en forma y fuego Maroon,Women Fit and Flare Maroon Dress,moda-ropa,mujer,varios,M,359.0
c0979,Mujeres étnica vestido de luz verde vestido,Women Ethnic Dress Light Green Dress,moda-ropa,mujer,verde,M,424.0
c0980,Vestido azul de mujer en forma y brillo,Women Fit and Flare Blue Dress,moda-ropa,mujer,azul,S,1999.0
c0981,Vestido azul de mujer en forma y brillo,Women Fit and Flare Blue Dress,moda-ropa,mujer,azul,M,359.0
c0982,Mujeres plegado vestido verde,Women Pleated Green Dress,moda-accesorio,mujer,verde,M,329.0
c0983,Mujeres Maxi vestido negro,Women Maxi Black Dress,moda-ropa,mujer,negro,L,444.0
c0984,Mujeres A-line vestido marrón,Women A-line Brown Dress,moda-ropa,mujer,café,S,399.0
c0985,Mujeres A-line Multicolor vestido,Women A-line Multicolor Dress,moda-ropa,mujer,multicolor,XS,220.0
c0986,Mujer A-line vestido negro,Women A-line Black Dress,moda-ropa,mujer,negro,L,322.0
c0987,Vestido azul oscuro de las mujeres en forma y la llama,Women Fit and Flare Dark Blue Dress,moda-ropa,mujer,azul,L,349.0
c0988,Vestido de mujer en forma y brillo púrpura,Women Fit and Flare Purple Dress,moda-ropa,mujer,morado,M,699.0
c0989,Vestido de mujer en forma y brillo rosa,Women Fit and Flare Pink Dress,moda-ropa,mujer,rosa,L,399.0
c0990,Mujeres envolver vestido rosa,Women Wrap Pink Dress,moda-ropa,mujer,rosa,L,349.0
c0991,Vestido de mujer Corporal Negro,Women Bodycon Black Dress,moda-ropa,mujer,negro,L,349.0
c0992,Vestido de mujer Corporal Negro,Women Bodycon Black Dress,moda-ropa,mujer,negro,XL,359.0
c0993,Mujeres Peplum vestido negro,Women Peplum Black Dress,moda-ropa,mujer,negro,M,499.0
c0994,Mujer A-line vestido de naranja,Women A-line Orange Dress,moda-ropa,mujer,naranja,XS,229.0
c0995,"Mujeres Co-ordenado gris, vestido blanco","Women Co-ords Grey, White Dress",moda-ropa,mujer,blanco,M,699.0
c0996,Vestido de mujer de Beige Bodycon,Women Bodycon Beige Dress,moda-ropa,mujer,beige,M,374.0
c0997,Mujeres Maxi vestido negro,Women Maxi Black Dress,moda-ropa,mujer,negro,L,249.0
c0998,Vestido multicolor de las mujeres en forma y la llama,Women Fit and Flare Multicolor Dress,moda-ropa,mujer,multicolor,L,370.0
c0999,Mujeres Maxi vestido negro,Women Maxi Black Dress,moda-ropa,mujer,negro,XL,289.0
c1000,Mujeres étnica vestido vestido de naranja,Women Ethnic Dress Orange Dress,moda-ropa,mujer,naranja,M,424.0
c1001,Vestido de mujer Maxi Maroon,Women Maxi Maroon Dress,moda-ropa,mujer,varios,S,399.0
c1002,Vestido de mujer Corporal Negro,Women Bodycon Black Dress,moda-ropa,mujer,negro,S,493.0
c1003,Mujer A-line vestido negro,Women A-line Black Dress,moda-ropa,mujer,negro,L,999.0
c1004,Mujeres A-line Multicolor vestido,Women A-line Multicolor Dress,moda-ropa,mujer,multicolor,S,999.0
c1005,Vestido de mujer Corporal Negro,Women Bodycon Black Dress,moda-ropa,mujer,negro,M,349.0
c1006,Vestido negro de mujer en forma y brillo,Women Fit and Flare Black Dress,moda-ropa,mujer,negro,50,449.0
c1007,Vestido de mujer de bodycon maroon,Women Bodycon Maroon Dress,moda-ropa,mujer,varios,M,349.0
c1008,Vestido negro de mujer en forma y brillo,Women Fit and Flare Black Dress,moda-ropa,mujer,negro,M,349.0
c1009,Mujeres vestido étnico vestido Maroon,Women Ethnic Dress Maroon Dress,moda-ropa,mujer,varios,L,424.0
c1010,Mujeres étnica vestido vestido negro,Women Ethnic Dress Black Dress,moda-ropa,mujer,negro,M,424.0
c1011,Mujer A-line rosa vestido,Women A-line Pink Dress,moda-accesorio,mujer,rosa,L,479.0
c1012,Vestido de mujer Maxi Maroon,Women Maxi Maroon Dress,moda-ropa,mujer,varios,S,474.0
c1013,Mujeres vestido étnico vestido verde,Women Ethnic Dress Green Dress,moda-ropa,mujer,verde,L,424.0
c1014,Mujeres étnica vestido de luz verde vestido,Women Ethnic Dress Light Green Dress,moda-ropa,mujer,verde,XL,424.0
c1015,Mujeres Maxi vestido negro,Women Maxi Black Dress,moda-ropa,mujer,negro,M,349.0
c1016,Mujer A-line vestido de Maroon,Women A-line Maroon Dress,moda-ropa,mujer,varios,S,404.0
c1017,Vestido azul de mujer en forma y brillo,Women Fit and Flare Blue Dress,moda-ropa,mujer,azul,M,815.0
c1018,"Mujer A-line azul, vestido blanco","Women A-line Blue, White Dress",moda-ropa,mujer,blanco,XL,499.0
c1019,Vestido azul de mujer en forma y brillo,Women Fit and Flare Blue Dress,moda-ropa,mujer,azul,L,1999.0
c1020,Mujeres vestido étnico vestido verde,Women Ethnic Dress Green Dress,moda-ropa,mujer,verde,L,594.0
c1021,Mujeres plisado vestido rojo,Women Pleated Red Dress,moda-accesorio,mujer,rojo,XL,329.0
c1022,Vestido azul de mujer en forma y brillo,Women Fit and Flare Blue Dress,moda-ropa,mujer,azul,M,399.0
c1023,Mujeres Skater rosa vestido,Women Skater Pink Dress,moda-ropa,mujer,rosa,XS,221.0
c1024,Vestido amarillo de mujer en forma y brillo,Women Fit and Flare Yellow Dress,moda-ropa,mujer,amarillo,M,639.0
c1025,Mujer A-line vestido de naranja,Women A-line Orange Dress,moda-ropa,mujer,naranja,XS,229.0
c1026,Mujeres Alta Baja Negro Vestido,Women High Low Black Dress,moda-ropa,mujer,negro,L,359.0
c1027,Vestido de mujer Corporal Negro,Women Bodycon Black Dress,moda-ropa,mujer,negro,XL,349.0
c1028,Mujeres A-line vestido verde,Women A-line Green Dress,moda-ropa,mujer,verde,M,267.0
c1029,Mujeres Maxi Multicolor vestido,Women Maxi Multicolor Dress,moda-ropa,mujer,multicolor,M,359.0
c1030,Mujeres A-line Multicolor vestido,Women A-line Multicolor Dress,moda-ropa,mujer,multicolor,M,336.0
c1031,Vestido rosado de las mujeres en forma y la llama con máscara,Women Fit and Flare Pink Dress With Mask,moda-accesorio,mujer,rosa,M,367.0
c1032,Vestido de mujer marrón de vestido de vestido,Women Gown Brown Dress,moda-ropa,mujer,café,XL,934.0
c1033,Mujeres Peplum vestido negro,Women Peplum Black Dress,moda-ropa,mujer,negro,L,499.0
c1034,Mujer A-line vestido de naranja,Women A-line Orange Dress,moda-ropa,mujer,naranja,XS,229.0
c1035,Mujeres Maxi vestido amarillo,Women Maxi Yellow Dress,moda-ropa,mujer,amarillo,XL,269.0
c1036,Vestido verde de las mujeres en forma y la llama con máscara,Women Fit and Flare Green Dress With Mask,moda-accesorio,mujer,verde,L,352.0
c1037,Mujeres Alta Baja Negro Vestido,Women High Low Black Dress,moda-ropa,mujer,negro,21,599.0
c1038,Vestido rojo de bodycon de mujeres,Women Bodycon Red Dress,moda-ropa,mujer,rojo,XL,424.0
c1039,Mujeres Maxi vestido negro,Women Maxi Black Dress,moda-ropa,mujer,negro,M,289.0
c1040,Mujeres étnica vestido vestido de naranja,Women Ethnic Dress Orange Dress,moda-ropa,mujer,naranja,L,424.0
c1041,Mujer vestido negro de la funda,Women Sheath Black Dress,moda-ropa,mujer,negro,41,429.0
c1042,Vestido amarillo de mujer en forma y brillo,Women Fit and Flare Yellow Dress,moda-ropa,mujer,amarillo,L,474.0
c1043,Mujer A-line vestido negro,Women A-line Black Dress,moda-ropa,mujer,negro,L,999.0
c1044,Mujeres A-line Multicolor vestido,Women A-line Multicolor Dress,moda-ropa,mujer,multicolor,L,999.0
c1045,"Mujer Imperio Cintura Negro, Blanco, Rosa vestido","Women Empire Waist Black, White, Pink Dress",moda-ropa,mujer,negro,M,370.0
c1046,Mujeres Maxi Beige vestido,Women Maxi Beige Dress,moda-calzado,mujer,beige,M,389.0
c1047,Vestido de mujer Corporal Negro,Women Bodycon Black Dress,moda-ropa,mujer,negro,S,376.0
c1048,Mujeres Skater vestido azul,Women Skater Blue Dress,moda-ropa,mujer,azul,XS,236.0
c1049,Mujeres vestido étnico vestido Maroon,Women Ethnic Dress Maroon Dress,moda-ropa,mujer,varios,S,424.0
c1050,Mujeres étnica vestido vestido negro,Women Ethnic Dress Black Dress,moda-ropa,mujer,negro,S,424.0
c1051,"Mujer ajuste y brillo blanco, vestido azul","Women Fit and Flare White, Blue Dress",moda-ropa,mujer,blanco,L,399.0
c1052,Vestido rojo de las mujeres en forma y la llama,Women Fit and Flare Red Dress,moda-ropa,mujer,rojo,50,449.0
c1053,Mujeres vestido étnico vestido verde,Women Ethnic Dress Green Dress,moda-ropa,mujer,verde,M,424.0
c1054,Mujeres étnica vestido de luz verde vestido,Women Ethnic Dress Light Green Dress,moda-ropa,mujer,verde,XL,424.0
c1055,Mujer A-line vestido rojo,Women A-line Red Dress,moda-ropa,mujer,rojo,M,349.0
c1056,Mujer A-line vestido verde claro,Women A-line Light Green Dress,moda-ropa,mujer,verde,M,407.0
c1057,Vestido de mujer de bodycon maroon,Women Bodycon Maroon Dress,moda-ropa,mujer,varios,S,349.0
c1058,Vestido de mujer en forma y luz de la llama azul,Women Fit and Flare Light Blue Dress,moda-ropa,mujer,azul,S,509.0
c1059,Vestido azul de mujer en forma y brillo,Women Fit and Flare Blue Dress,moda-ropa,mujer,azul,L,1999.0
c1060,Vestido de mujer Corporal Negro,Women Bodycon Black Dress,moda-ropa,mujer,negro,M,349.0
c1061,Mujeres envolver vestido negro,Women Wrap Black Dress,moda-ropa,mujer,negro,M,349.0
c1062,Mujer A-line rosa vestido,Women A-line Pink Dress,moda-ropa,mujer,rosa,44,529.0
c1063,Mujer A-line vestido blanco,Women A-line White Dress,moda-ropa,mujer,blanco,L,480.0
c1064,Mujeres Maxi gris vestido,Women Maxi Grey Dress,moda-ropa,mujer,gris,L,349.0
c1065,"Mujer ajuste y brillo azul, vestido blanco","Women Fit and Flare Blue, White Dress",moda-ropa,mujer,blanco,L,854.0
c1066,Vestido de mujer en forma y brillo púrpura,Women Fit and Flare Purple Dress,moda-ropa,mujer,morado,M,399.0
c1067,Mujer Skater vestido blanco,Women Skater White Dress,moda-ropa,mujer,blanco,XS,236.0
c1068,Mujer A-line vestido amarillo,Women A-line Yellow Dress,moda-ropa,mujer,amarillo,M,284.0
c1069,Vestido de mujer Bodycon rosa,Women Bodycon Pink Dress,moda-ropa,mujer,rosa,L,499.0
c1070,Vestido azul de mujer en forma y brillo,Women Fit and Flare Blue Dress,moda-ropa,mujer,azul,M,449.0
c1071,Mujer A-line vestido de Maroon,Women A-line Maroon Dress,moda-accesorio,mujer,varios,XL,479.0
c1072,Mujer A-line vestido verde claro,Women A-line Light Green Dress,moda-ropa,mujer,verde,S,399.0
c1073,Mujeres Peplum vestido negro,Women Peplum Black Dress,moda-ropa,mujer,negro,M,499.0
c1074,Mujer A-line vestido de naranja,Women A-line Orange Dress,moda-ropa,mujer,naranja,XS,229.0
c1075,Vestido negro de mujer en forma y brillo,Women Fit and Flare Black Dress,moda-ropa,mujer,negro,L,394.0
c1076,"Mujer ajuste y brillo blanco, vestido azul","Women Fit and Flare White, Blue Dress",moda-ropa,mujer,blanco,M,399.0
c1077,Vestido de mujer Corporal Negro,Women Bodycon Black Dress,moda-ropa,mujer,negro,L,349.0
c1078,Mujeres envolver vestido negro,Women Wrap Black Dress,moda-ropa,mujer,negro,M,349.0
c1079,Mujeres Maxi vestido negro,Women Maxi Black Dress,moda-ropa,mujer,negro,S,289.0
c1080,Mujeres étnica vestido vestido de naranja,Women Ethnic Dress Orange Dress,moda-ropa,mujer,naranja,XL,424.0
c1081,Mujeres Skater vestido azul,Women Skater Blue Dress,moda-ropa,mujer,azul,XS,236.0
c1082,Vestido de mujer de Beige Bodycon,Women Bodycon Beige Dress,moda-ropa,mujer,beige,S,370.0
c1083,Mujer A-line vestido negro,Women A-line Black Dress,moda-ropa,mujer,negro,XL,999.0
c1084,Mujeres A-line Multicolor vestido,Women A-line Multicolor Dress,moda-ropa,mujer,multicolor,M,999.0
c1085,Mujer A-line rosa vestido,Women A-line Pink Dress,moda-ropa,mujer,rosa,44,529.0
c1086,Mujer A-line vestido blanco,Women A-line White Dress,moda-ropa,mujer,blanco,XL,480.0
c1087,Vestido de mujer en forma y brillo púrpura,Women Fit and Flare Purple Dress,moda-ropa,mujer,morado,M,349.0
c1088,Vestido de mujer Corporal Negro,Women Bodycon Black Dress,moda-ropa,mujer,negro,M,349.0
c1089,Mujeres étnica vestido vestido negro,Women Ethnic Dress Black Dress,moda-ropa,mujer,negro,L,424.0
c1090,Mujeres vestido étnico vestido verde,Women Ethnic Dress Green Dress,moda-ropa,mujer,verde,S,424.0
c1091,Vestido de mujer Maxi Maroon,Women Maxi Maroon Dress,moda-ropa,mujer,varios,M,474.0
c1092,Vestido azul de mujer en forma y brillo,Women Fit and Flare Blue Dress,moda-ropa,mujer,azul,M,449.0
c1093,Mujeres étnica vestido de luz verde vestido,Women Ethnic Dress Light Green Dress,moda-ropa,mujer,verde,L,424.0
c1094,Mujeres vestido étnico vestido Maroon,Women Ethnic Dress Maroon Dress,moda-ropa,mujer,varios,XL,424.0
c1095,Vestido de mujer Bodycon rosa,Women Bodycon Pink Dress,moda-ropa,mujer,rosa,S,499.0
c1096,Mujeres Maxi Beige vestido,Women Maxi Beige Dress,moda-calzado,mujer,beige,M,389.0
c1097,Vestido verde de las mujeres en forma y la llama,Women Fit and Flare Green Dress,moda-ropa,mujer,verde,L,349.0
c1098,Mujeres Maxi gris vestido,Women Maxi Grey Dress,moda-ropa,mujer,gris,S,349.0
c1099,Vestido azul de mujer en forma y brillo,Women Fit and Flare Blue Dress,moda-ropa,mujer,azul,S,1999.0
c1100,Mujer A-line vestido verde claro,Women A-line Light Green Dress,moda-ropa,mujer,verde,S,407.0
c1101,Mujer A-line vestido verde claro,Women A-line Light Green Dress,moda-ropa,mujer,verde,L,399.0
c1102,Vestido de mujer en forma y marrón de llama,Women Fit and Flare Brown Dress,moda-ropa,mujer,café,L,639.0
c1103,Mujeres plisado vestido blanco,Women Pleated White Dress,moda-ropa,mujer,blanco,M,949.0
c1104,Mujeres Maxi rosa vestido,Women Maxi Pink Dress,moda-ropa,mujer,rosa,M,349.0
c1105,Vestido de mujer Corporal Negro,Women Bodycon Black Dress,moda-ropa,mujer,negro,L,399.0
c1106,Vestido de mujer Corporal púrpura,Women Bodycon Purple Dress,moda-ropa,mujer,morado,XL,349.0
c1107,Vestido de mujer en forma y brillo púrpura,Women Fit and Flare Purple Dress,moda-accesorio,mujer,morado,M,329.0
c1108,Vestido verde de las mujeres en forma y la llama,Women Fit and Flare Green Dress,moda-accesorio,mujer,verde,M,349.0
c1109,Mujeres Maxi vestido azul,Women Maxi Blue Dress,moda-ropa,mujer,azul,L,349.0
c1110,"Mujeres Co-ordenes Beige, Vestido Negro","Women Co-ords Beige, Black Dress",moda-ropa,mujer,negro,M,599.0
c1111,Mujeres A-line vestido marrón,Women A-line Brown Dress,moda-ropa,mujer,café,XS,239.0
c1112,Vestido rojo de las mujeres en forma y la llama,Women Fit and Flare Red Dress,moda-ropa,mujer,rojo,50,449.0
c1113,Mujeres Peplum vestido negro,Women Peplum Black Dress,moda-ropa,mujer,negro,M,499.0
c1114,Mujer A-line vestido de naranja,Women A-line Orange Dress,moda-ropa,mujer,naranja,XS,229.0
c1115,Vestido de mujer Corporal Negro,Women Bodycon Black Dress,moda-ropa,mujer,negro,L,399.0
c1116,Vestido negro de mujer en forma y brillo,Women Fit and Flare Black Dress,moda-ropa,mujer,negro,S,399.0
c1117,Mujeres Maxi vestido amarillo con máscara,Women Maxi Yellow Dress With Mask,moda-ropa,mujer,amarillo,L,352.0
c1118,Mujeres A-line Multicolor vestido,Women A-line Multicolor Dress,moda-ropa,mujer,multicolor,S,391.0
c1119,Mujeres Maxi vestido negro,Women Maxi Black Dress,moda-ropa,mujer,negro,L,289.0
c1120,Mujeres étnica vestido vestido de naranja,Women Ethnic Dress Orange Dress,moda-ropa,mujer,naranja,M,424.0
c1121,Vestido de mujer Maxi Maroon,Women Maxi Maroon Dress,moda-ropa,mujer,varios,M,445.0
c1122,Mujeres Maxi gris vestido,Women Maxi Grey Dress,moda-ropa,mujer,gris,48,424.0
c1123,Mujer A-line vestido negro,Women A-line Black Dress,moda-ropa,mujer,negro,L,999.0
c1124,Mujeres A-line Multicolor vestido,Women A-line Multicolor Dress,moda-ropa,mujer,multicolor,XL,999.0
c1125,Mujeres Maxi vestido verde,Women Maxi Green Dress,moda-calzado,mujer,verde,L,389.0
c1126,Mujeres Maxi púrpura vestido,Women Maxi Purple Dress,moda-ropa,mujer,morado,M,899.0
c1127,Vestido de mujer Corporal púrpura,Women Bodycon Purple Dress,moda-ropa,mujer,morado,S,649.0
c1128,Vestido rojo de las mujeres en forma y la llama,Women Fit and Flare Red Dress,moda-ropa,mujer,rojo,S,1249.0
c1129,Mujeres vestido étnico vestido Maroon,Women Ethnic Dress Maroon Dress,moda-ropa,mujer,varios,L,424.0
c1130,Mujeres étnica vestido vestido negro,Women Ethnic Dress Black Dress,moda-ropa,mujer,negro,L,424.0
c1131,Mujeres Co-ordenado vestido verde oscuro,Women Co-ords Dark Green Dress,moda-ropa,mujer,verde,L,489.0
c1132,Vestido de mujer en forma y fuego Maroon,Women Fit and Flare Maroon Dress,moda-ropa,mujer,varios,M,639.0
c1133,Mujeres vestido étnico vestido verde,Women Ethnic Dress Green Dress,moda-ropa,mujer,verde,L,424.0
c1134,Mujeres étnica vestido de luz verde vestido,Women Ethnic Dress Light Green Dress,moda-ropa,mujer,verde,L,424.0
c1135,Vestido de mujer Beige,Women Sheath Beige Dress,moda-ropa,mujer,beige,43,529.0
c1136,Mujeres Pleado vestido amarillo,Women Pleated Yellow Dress,moda-accesorio,mujer,amarillo,S,329.0
c1137,Mujeres Pleado vestido de plata,Women Pleated Silver Dress,moda-ropa,mujer,plateado,M,379.0
c1138,Vestido de mujer Corporal Negro,Women Bodycon Black Dress,moda-ropa,mujer,negro,M,649.0
c1139,Vestido azul de mujer en forma y brillo,Women Fit and Flare Blue Dress,moda-ropa,mujer,azul,M,1999.0
c1140,Vestido de mujer de Bodycon marrón,Women Bodycon Brown Dress,moda-ropa,mujer,café,L,499.0
c1141,Vestido de mujer Corporal Negro,Women Bodycon Black Dress,moda-ropa,mujer,negro,S,493.0
c1142,Mujeres Alta Baja Blanco Vestido,Women High Low White Dress,moda-ropa,mujer,blanco,L,599.0
c1143,Vestido verde de bodycon de las mujeres,Women Bodycon Green Dress,moda-ropa,mujer,verde,37,429.0
c1144,Mujeres Maxi púrpura vestido,Women Maxi Purple Dress,moda-ropa,mujer,morado,L,287.0
c1145,Mujeres Skater púrpura vestido,Women Skater Purple Dress,moda-ropa,mujer,morado,L,599.0
c1146,Vestido negro de mujer en forma y brillo,Women Fit and Flare Black Dress,moda-ropa,mujer,negro,S,594.0
c1147,Mujeres Maxi Beige vestido,Women Maxi Beige Dress,moda-ropa,mujer,beige,L,828.0
c1148,Vestido de mujer de cuerpo con multicolor,Women Bodycon Multicolor Dress,moda-ropa,mujer,multicolor,M,359.0
c1149,Vestido de mujer Bodycon rosa,Women Bodycon Pink Dress,moda-ropa,mujer,rosa,37,429.0
c1150,Mujeres A-line Multicolor vestido,Women A-line Multicolor Dress,moda-ropa,mujer,multicolor,XS,236.0
c1151,Vestido multicolor de las mujeres en forma y la llama,Women Fit and Flare Multicolor Dress,moda-ropa,mujer,multicolor,S,701.0
c1152,Mujer A-line vestido amarillo,Women A-line Yellow Dress,moda-ropa,mujer,amarillo,M,407.0
c1153,Mujeres Peplum vestido negro,Women Peplum Black Dress,moda-ropa,mujer,negro,XL,499.0
c1154,Mujer A-line vestido de naranja,Women A-line Orange Dress,moda-ropa,mujer,naranja,XS,229.0
c1155,Vestido azul de la ropa de las mujeres,Women Gown Blue Dress,moda-ropa,mujer,azul,M,943.0
c1156,Vestido de mujer Corporal púrpura,Women Bodycon Purple Dress,moda-ropa,mujer,morado,M,349.0
c1157,Mujeres Maxi vestido negro,Women Maxi Black Dress,moda-ropa,mujer,negro,XL,395.0
c1158,Vestido multicolor de las mujeres en forma y la llama,Women Fit and Flare Multicolor Dress,moda-ropa,mujer,multicolor,M,449.0
c1159,Mujeres Maxi vestido negro,Women Maxi Black Dress,moda-ropa,mujer,negro,M,289.0
c1160,Mujeres étnica vestido vestido de naranja,Women Ethnic Dress Orange Dress,moda-ropa,mujer,naranja,S,424.0
c1161,Mujeres Skater luz verde vestido,Women Skater Light Green Dress,moda-ropa,mujer,verde,S,719.0
c1162,Mujeres Maxi vestido amarillo,Women Maxi Yellow Dress,moda-ropa,mujer,amarillo,L,349.0
c1163,Mujer A-line vestido negro,Women A-line Black Dress,moda-ropa,mujer,negro,L,999.0
c1164,Mujeres A-line Multicolor vestido,Women A-line Multicolor Dress,moda-ropa,mujer,multicolor,S,999.0
c1165,Vestido azul de mujer en forma y brillo,Women Fit and Flare Blue Dress,moda-ropa,mujer,azul,S,752.0
c1166,Vestido azul de las mujeres bodycon,Women Bodycon Blue Dress,moda-ropa,mujer,azul,M,370.0
c1167,Vestido de mujer Corporal Negro,Women Bodycon Black Dress,moda-ropa,mujer,negro,M,422.0
c1168,Mujeres A-line vestido marrón,Women A-line Brown Dress,moda-ropa,mujer,café,M,299.0
c1169,Mujeres vestido étnico vestido Maroon,Women Ethnic Dress Maroon Dress,moda-ropa,mujer,varios,M,424.0
c1170,Mujeres étnica vestido vestido negro,Women Ethnic Dress Black Dress,moda-ropa,mujer,negro,M,424.0
c1171,Mujeres A-line Multicolor vestido,Women A-line Multicolor Dress,moda-accesorio,mujer,multicolor,M,298.0
c1172,Mujeres Skater Multicolor vestido,Women Skater Multicolor Dress,moda-ropa,mujer,multicolor,XS,236.0
c1173,Mujeres vestido étnico vestido verde,Women Ethnic Dress Green Dress,moda-ropa,mujer,verde,S,424.0
c1174,Mujeres étnica vestido de luz verde vestido,Women Ethnic Dress Light Green Dress,moda-ropa,mujer,verde,S,424.0
c1175,Mujeres envolver vestido negro,Women Wrap Black Dress,moda-ropa,mujer,negro,M,529.0
c1176,Vestido verde de las mujeres en forma y la llama,Women Fit and Flare Green Dress,moda-accesorio,mujer,verde,M,329.0
c1177,Mujer A-line rosa vestido,Women A-line Pink Dress,moda-ropa,mujer,rosa,L,839.0
c1178,Vestido de mujer Bodycon rosa,Women Bodycon Pink Dress,moda-ropa,mujer,rosa,L,350.0
c1179,Vestido azul de mujer en forma y brillo,Women Fit and Flare Blue Dress,moda-ropa,mujer,azul,L,1999.0
c1180,Vestido de mujer Corporal Negro,Women Bodycon Black Dress,moda-ropa,mujer,negro,S,499.0
c1181,Mujeres Maxi rosa vestido,Women Maxi Pink Dress,moda-ropa,mujer,rosa,S,809.0
c1182,Mujer A-line vestido amarillo,Women A-line Yellow Dress,moda-ropa,mujer,amarillo,M,509.0
c1183,Vestido verde de bodycon de las mujeres,Women Bodycon Green Dress,moda-ropa,mujer,verde,M,370.0
c1184,"Mujer Skater Rojo, Vestido blanco","Women Skater Red, White Dress",moda-ropa,mujer,blanco,M,578.0
c1185,Vestido de mujer Corporal Negro,Women Bodycon Black Dress,moda-ropa,mujer,negro,M,269.0
c1186,Vestido de mujer Corporal Negro,Women Bodycon Black Dress,moda-ropa,mujer,negro,M,477.0
c1187,Mujer A-line vestido negro,Women A-line Black Dress,moda-ropa,mujer,negro,M,359.0
c1188,"Mujer A-line Negro, Brown vestido","Women A-line Black, Brown Dress",moda-ropa,mujer,negro,S,413.0
c1189,Mujeres Skater vestido negro,Women Skater Black Dress,moda-ropa,mujer,negro,XL,591.0
c1190,Mujeres A-line vestido verde,Women A-line Green Dress,moda-ropa,mujer,verde,XL,828.0
c1191,Vestido amarillo de las mujeres en forma y la llama con máscara,Women Fit and Flare Yellow Dress With Mask,moda-accesorio,mujer,amarillo,M,365.0
c1192,Mujeres Bodycon vestido verde claro,Women Bodycon Light Green Dress,moda-ropa,mujer,verde,XL,349.0
c1193,Mujeres Peplum vestido negro,Women Peplum Black Dress,moda-ropa,mujer,negro,S,499.0
c1194,Mujer A-line vestido de naranja,Women A-line Orange Dress,moda-ropa,mujer,naranja,XS,229.0
c1195,"Mujeres Bodycon azul claro, vestido negro","Women Bodycon Light Blue, Black Dress",moda-ropa,mujer,negro,M,269.0
c1196,Vestido verde de bodycon de las mujeres,Women Bodycon Green Dress,moda-ropa,mujer,verde,XL,350.0
c1197,Mujer A-line vestido negro,Women A-line Black Dress,moda-ropa,mujer,negro,42,529.0
c1198,"Mujeres Maxi Negro, Blanco Vestido","Women Maxi Black, White Dress",moda-ropa,mujer,negro,S,467.0
c1199,Mujeres Maxi vestido negro,Women Maxi Black Dress,moda-ropa,mujer,negro,L,289.0
c1200,Mujeres étnica vestido vestido de naranja,Women Ethnic Dress Orange Dress,moda-ropa,mujer,naranja,M,424.0
c1201,Vestido de mujer Corporal Negro,Women Bodycon Black Dress,moda-ropa,mujer,negro,S,427.0
c1202,Mujeres A-line vestido púrpura,Women A-line Purple Dress,moda-ropa,mujer,morado,L,349.0
c1203,Mujer A-line vestido negro,Women A-line Black Dress,moda-ropa,mujer,negro,L,999.0
c1204,Mujeres A-line Multicolor vestido,Women A-line Multicolor Dress,moda-ropa,mujer,multicolor,L,999.0
c1205,Mujeres envolver vestido negro,Women Wrap Black Dress,moda-ropa,mujer,negro,M,529.0
c1206,Mujeres Maxi púrpura vestido,Women Maxi Purple Dress,moda-ropa,mujer,morado,S,396.0
c1207,Mujeres Bodycon luz azul vestido,Women Bodycon Light Blue Dress,moda-ropa,mujer,azul,S,299.0
c1208,Mujeres reunidas vestido blanco,Women Gathered White Dress,moda-ropa,mujer,blanco,L,665.0
c1209,Mujeres vestido étnico vestido Maroon,Women Ethnic Dress Maroon Dress,moda-ropa,mujer,varios,M,424.0
c1210,Mujeres étnica vestido vestido negro,Women Ethnic Dress Black Dress,moda-ropa,mujer,negro,S,424.0
c1211,Vestido de mujer en forma y luz de la llama azul,Women Fit and Flare Light Blue Dress,moda-ropa,mujer,azul,L,509.0
c1212,Vestido de mujer Corporal Negro,Women Bodycon Black Dress,moda-ropa,mujer,negro,M,1124.0
c1213,Mujeres vestido étnico vestido verde,Women Ethnic Dress Green Dress,moda-ropa,mujer,verde,S,424.0
c1214,Mujeres étnica vestido de luz verde vestido,Women Ethnic Dress Light Green Dress,moda-ropa,mujer,verde,M,424.0
c1215,Vestido verde de las mujeres en forma y la llama,Women Fit and Flare Green Dress,moda-ropa,mujer,verde,S,629.0
c1216,Vestido de mujer en forma y marrón de llama,Women Fit and Flare Brown Dress,moda-ropa,mujer,café,L,392.0
c1217,Vestido blanco de mujer en forma y brillo,Women Fit and Flare White Dress,moda-ropa,mujer,blanco,S,269.0
c1218,Vestido de mujer de camisa blanca,Women Shirt White Dress,moda-ropa,mujer,blanco,M,759.0
c1219,Vestido azul de mujer en forma y brillo,Women Fit and Flare Blue Dress,moda-ropa,mujer,azul,M,1999.0
c1220,Mujer A-line vestido rojo,Women A-line Red Dress,moda-ropa,mujer,rojo,XL,255.0
c1221,Vestido de mujer de Bodycon marrón,Women Bodycon Brown Dress,moda-ropa,mujer,café,M,370.0
c1222,Vestido azul de mujer en forma y brillo,Women Fit and Flare Blue Dress,moda-ropa,mujer,azul,XL,499.0
c1223,Mujer vestido púrpura de la funda,Women Sheath Purple Dress,moda-ropa,mujer,morado,41,429.0
c1224,Vestido de mujer rosa asimétrico,Women Asymmetric Pink Dress,moda-ropa,mujer,rosa,L,366.0
c1225,Mujeres Maxi vestido rojo,Women Maxi Red Dress,moda-ropa,mujer,rojo,S,399.0
c1226,Vestido amarillo de mujer en forma y brillo,Women Fit and Flare Yellow Dress,moda-calzado,mujer,amarillo,XL,399.0
c1227,Mujeres Maxi vestido azul,Women Maxi Blue Dress,moda-ropa,mujer,azul,M,349.0
c1228,Mujeres Alta Baja Azul Vestido,Women High Low Blue Dress,moda-ropa,mujer,azul,XL,759.0
c1229,Vestido verde de bodycon de las mujeres,Women Bodycon Green Dress,moda-ropa,mujer,verde,XL,336.0
c1230,"Mujeres Co-ordenado rosa, vestido negro","Women Co-ords Pink, Black Dress",moda-ropa,mujer,negro,M,699.0
c1231,"Mujer ajuste y brillo azul, vestido blanco","Women Fit and Flare Blue, White Dress",moda-ropa,mujer,blanco,L,854.0
c1232,"Mujer A-line vestido blanco, negro","Women A-line Black, White Dress",moda-ropa,mujer,negro,M,680.0
c1233,Mujeres Peplum vestido negro,Women Peplum Black Dress,moda-ropa,mujer,negro,S,499.0
c1234,Mujer A-line vestido de naranja,Women A-line Orange Dress,moda-ropa,mujer,naranja,XS,229.0
c1235,Mujeres A-line Multicolor vestido,Women A-line Multicolor Dress,moda-ropa,mujer,multicolor,M,699.0
c1236,Mujeres Maxi vestido verde,Women Maxi Green Dress,moda-ropa,mujer,verde,M,349.0
c1237,Mujeres Maxi rosa vestido,Women Maxi Pink Dress,moda-ropa,mujer,rosa,L,499.0
c1238,Vestido verde de las mujeres en forma y la llama,Women Fit and Flare Green Dress,moda-ropa,mujer,verde,XL,594.0
c1239,Mujeres Maxi vestido negro,Women Maxi Black Dress,moda-ropa,mujer,negro,L,289.0
c1240,Mujeres étnica vestido vestido de naranja,Women Ethnic Dress Orange Dress,moda-ropa,mujer,naranja,L,424.0
c1241,Vestido de mujer Corporal Negro,Women Bodycon Black Dress,moda-ropa,mujer,negro,M,369.0
c1242,Vestido de mujer Corporal púrpura,Women Bodycon Purple Dress,moda-ropa,mujer,morado,38,359.0
c1243,Mujer A-line vestido negro,Women A-line Black Dress,moda-ropa,mujer,negro,M,999.0
c1244,Mujeres A-line Multicolor vestido,Women A-line Multicolor Dress,moda-ropa,mujer,multicolor,S,999.0
c1245,"Mujeres Co-ordenado rosa, vestido negro","Women Co-ords Pink, Black Dress",moda-ropa,mujer,negro,L,699.0
c1246,Mujeres Co-ordenado rosa vestido,Women Co-ords Pink Dress,moda-ropa,mujer,rosa,M,674.0
c1247,Mujeres A-line vestido verde,Women A-line Green Dress,moda-ropa,mujer,verde,S,438.0
c1248,Mujeres Alta Baja Azul Vestido,Women High Low Blue Dress,moda-ropa,mujer,azul,L,759.0
c1249,Mujeres vestido étnico vestido Maroon,Women Ethnic Dress Maroon Dress,moda-ropa,mujer,varios,M,424.0
c1250,Mujeres étnica vestido vestido negro,Women Ethnic Dress Black Dress,moda-ropa,mujer,negro,L,424.0
c1251,Vestido de mujer en forma y fuego Maroon,Women Fit and Flare Maroon Dress,moda-ropa,mujer,varios,XL,349.0
c1252,Mujeres Alta Baja Azul Vestido,Women High Low Blue Dress,moda-ropa,mujer,azul,S,419.0
c1253,Mujeres vestido étnico vestido verde,Women Ethnic Dress Green Dress,moda-ropa,mujer,verde,M,424.0
c1254,Mujeres étnica vestido de luz verde vestido,Women Ethnic Dress Light Green Dress,moda-ropa,mujer,verde,M,424.0
c1255,Vestido multicolor de las mujeres en forma y la llama,Women Fit and Flare Multicolor Dress,moda-ropa,mujer,multicolor,M,444.0
c1256,Mujeres Maxi púrpura vestido,Women Maxi Purple Dress,moda-ropa,mujer,morado,M,828.0
c1257,Vestido negro de mujer en forma y brillo,Women Fit and Flare Black Dress,moda-ropa,mujer,negro,M,449.0
c1258,Vestido de mujer en forma y brillo rosa,Women Fit and Flare Pink Dress,moda-ropa,mujer,rosa,XL,493.0
c1259,Vestido azul de mujer en forma y brillo,Women Fit and Flare Blue Dress,moda-ropa,mujer,azul,S,1999.0
c1260,Vestido blanco de las mujeres del bodycon,Women Bodycon White Dress,moda-ropa,mujer,blanco,M,649.0
c1261,Mujeres Maxi vestido marrón,Women Maxi Brown Dress,moda-ropa,mujer,café,L,480.0
c1262,Mujeres Bodycon vestido verde claro,Women Bodycon Light Green Dress,moda-ropa,mujer,verde,M,349.0
c1263,Vestido amarillo de mujer en forma y brillo,Women Fit and Flare Yellow Dress,moda-ropa,mujer,amarillo,XL,249.0
c1264,Mujer A-line rosa vestido,Women A-line Pink Dress,moda-ropa,mujer,rosa,XS,239.0
c1265,Mujeres Maxi vestido negro,Women Maxi Black Dress,moda-ropa,mujer,negro,L,374.0
c1266,"Mujer de la funda blanca, vestido multicolor","Women Sheath White, Multicolor Dress",moda-ropa,mujer,blanco,36,429.0
c1267,Vestido verde de bodycon de las mujeres,Women Bodycon Green Dress,moda-ropa,mujer,verde,S,349.0
c1268,Mujer A-line vestido blanco,Women A-line White Dress,moda-ropa,mujer,blanco,S,1399.0
c1269,Vestido de mujer en forma y brillo rosa,Women Fit and Flare Pink Dress,moda-ropa,mujer,rosa,L,574.0
c1270,"Mujeres Pleado verde, blanco, vestido amarillo","Women Pleated Green, White, Yellow Dress",moda-ropa,mujer,blanco,S,924.0
c1271,Vestido de mujer Corporal Negro,Women Bodycon Black Dress,moda-ropa,mujer,negro,M,599.0
c1272,Mujeres Maxi vestido de oro,Women Maxi Gold Dress,moda-ropa,mujer,dorado,M,477.0
c1273,Mujeres Peplum vestido negro,Women Peplum Black Dress,moda-ropa,mujer,negro,L,499.0
c1274,Mujer A-line vestido de naranja,Women A-line Orange Dress,moda-ropa,mujer,naranja,XS,229.0
c1275,Vestido de mujer Corporal púrpura,Women Bodycon Purple Dress,moda-ropa,mujer,morado,M,429.0
c1276,Vestido amarillo de mujer en forma y brillo,Women Fit and Flare Yellow Dress,moda-calzado,mujer,amarillo,XL,399.0
c1277,Mujer A-line vestido de Maroon,Women A-line Maroon Dress,moda-ropa,mujer,varios,S,349.0
c1278,Mujeres A-line Multicolor vestido,Women A-line Multicolor Dress,moda-accesorio,mujer,multicolor,M,289.0
c1279,Mujeres Maxi vestido negro,Women Maxi Black Dress,moda-ropa,mujer,negro,L,289.0
c1280,Mujeres étnica vestido vestido de naranja,Women Ethnic Dress Orange Dress,moda-ropa,mujer,naranja,M,424.0
c1281,Vestido de mujer en forma y gris brillante,Women Fit and Flare Grey Dress,moda-ropa,mujer,gris,L,413.0
c1282,Mujeres Co-ordenado Multicolor vestido,Women Co-ords Multicolor Dress,moda-ropa,mujer,multicolor,M,599.0
c1283,Mujer A-line vestido negro,Women A-line Black Dress,moda-ropa,mujer,negro,XL,999.0
c1284,Mujeres A-line Multicolor vestido,Women A-line Multicolor Dress,moda-ropa,mujer,multicolor,M,999.0
c1285,Vestido negro de mujer en forma y brillo,Women Fit and Flare Black Dress,moda-ropa,mujer,negro,S,639.0
c1286,Mujeres Maxi vestido azul,Women Maxi Blue Dress,moda-ropa,mujer,azul,M,389.0
c1287,Vestido de mujer de bodycon maroon,Women Bodycon Maroon Dress,moda-ropa,mujer,varios,S,249.0
c1288,Vestido negro de mujer en forma y brillo,Women Fit and Flare Black Dress,moda-ropa,mujer,negro,M,649.0
c1289,Mujeres vestido étnico vestido Maroon,Women Ethnic Dress Maroon Dress,moda-ropa,mujer,varios,L,424.0
c1290,Mujeres étnica vestido vestido negro,Women Ethnic Dress Black Dress,moda-ropa,mujer,negro,XL,424.0
c1291,Vestido rojo de las mujeres en forma y la llama,Women Fit and Flare Red Dress,moda-accesorio,mujer,rojo,M,299.0
c1292,Vestido negro de mujer en forma y brillo,Women Fit and Flare Black Dress,moda-ropa,mujer,negro,XL,467.0
c1293,Mujeres vestido étnico vestido verde,Women Ethnic Dress Green Dress,moda-ropa,mujer,verde,M,424.0
c1294,Mujeres étnica vestido de luz verde vestido,Women Ethnic Dress Light Green Dress,moda-ropa,mujer,verde,M,424.0
c1295,Mujeres Skater Multicolor vestido,Women Skater Multicolor Dress,moda-ropa,mujer,multicolor,36,229.0
c1296,Mujeres Maxi vestido negro,Women Maxi Black Dress,moda-ropa,mujer,negro,L,804.0
c1297,Vestido de mujer Corporal Negro,Women Bodycon Black Dress,moda-ropa,mujer,negro,38,309.0
c1298,Mujeres Skater vestido azul,Women Skater Blue Dress,moda-ropa,mujer,azul,XS,221.0
c1299,Vestido azul de mujer en forma y brillo,Women Fit and Flare Blue Dress,moda-ropa,mujer,azul,S,1999.0
c1300,Mujeres Maxi vestido rojo,Women Maxi Red Dress,moda-ropa,mujer,rojo,XL,349.0
c1301,Mujeres plegado vestido negro,Women Pleated Black Dress,moda-accesorio,mujer,negro,S,329.0
c1302,Vestido negro de mujer en forma y brillo,Women Fit and Flare Black Dress,moda-ropa,mujer,negro,M,299.0
c1303,Mujeres A-line Multicolor vestido,Women A-line Multicolor Dress,moda-ropa,mujer,multicolor,L,799.0
c1304,Vestido de mujer en forma y fuego Maroon,Women Fit and Flare Maroon Dress,moda-ropa,mujer,varios,XL,349.0
c1305,Mujer A-line vestido rojo,Women A-line Red Dress,moda-ropa,mujer,rojo,S,664.0
c1306,Vestido rojo de las mujeres en forma y la llama,Women Fit and Flare Red Dress,moda-ropa,mujer,rojo,L,544.0
c1307,Vestido de mujer en forma y brillo rosa,Women Fit and Flare Pink Dress,moda-accesorio,mujer,rosa,M,349.0
c1308,Mujer Skater luz azul vestido,Women Skater Light Blue Dress,moda-ropa,mujer,azul,M,479.0
c1309,"Mujer A-line Negro, vestido beige","Women A-line Black, Beige Dress",moda-ropa,mujer,negro,M,788.0
c1310,Vestido de mujer en forma y luz de la llama azul,Women Fit and Flare Light Blue Dress,moda-ropa,mujer,azul,36,279.0
c1311,Vestido de mujer Corporal púrpura,Women Bodycon Purple Dress,moda-ropa,mujer,morado,M,599.0
c1312,Mujeres Maxi vestido amarillo,Women Maxi Yellow Dress,moda-calzado,mujer,amarillo,M,374.0
c1313,Mujer A-line vestido de naranja,Women A-line Orange Dress,moda-ropa,mujer,naranja,XS,229.0
c1314,Vestido de mujer Corporal Negro,Women Bodycon Black Dress,moda-ropa,mujer,negro,S,399.0
c1315,"Mujeres Co-orden Verde, Azul, Blanco vestido","Women Co-ords Green, Blue, White Dress",moda-ropa,mujer,blanco,M,529.0
c1316,Mujeres plegado vestido verde,Women Pleated Green Dress,moda-accesorio,mujer,verde,L,499.0
c1317,Mujeres Dos piezas de vestido multicolor,Women Two Piece Dress Multicolor Dress,moda-ropa,mujer,multicolor,M,359.0
c1318,Mujeres de nivel rosa vestido,Women Tiered Pink Dress,moda-ropa,mujer,rojo,S,379.0
c1319,Mujeres Peplum vestido negro,Women Peplum Black Dress,moda-ropa,mujer,negro,M,499.0
c1320,Mujeres Maxi vestido negro,Women Maxi Black Dress,moda-ropa,mujer,negro,L,289.0
c1321,Mujer A-line rosa vestido,Women A-line Pink Dress,moda-ropa,mujer,rosa,M,734.0
c1322,Vestido de mujer Corporal púrpura,Women Bodycon Purple Dress,moda-ropa,mujer,morado,L,359.0
c1323,Mujeres étnica vestido vestido de naranja,Women Ethnic Dress Orange Dress,moda-ropa,mujer,naranja,S,424.0
c1324,Mujeres vestido étnico vestido Maroon,Women Ethnic Dress Maroon Dress,moda-ropa,mujer,varios,L,424.0
c1325,Mujeres Skater vestido azul,Women Skater Blue Dress,moda-ropa,mujer,azul,XS,221.0
c1326,"Mujeres Maxi Verde, Rosa, Beige vestido","Women Maxi Green, Pink, Beige Dress",moda-ropa,mujer,verde,M,924.0
c1327,"Mujeres Bodycon Negro, Rosa vestido","Women Bodycon Black, Pink Dress",moda-ropa,mujer,negro,S,420.0
c1328,Mujeres Maxi vestido azul oscuro,Women Maxi Dark Blue Dress,moda-ropa,mujer,azul,S,289.0
c1329,Mujeres étnica vestido vestido negro,Women Ethnic Dress Black Dress,moda-ropa,mujer,negro,M,424.0
c1330,Mujeres vestido étnico vestido verde,Women Ethnic Dress Green Dress,moda-ropa,mujer,verde,S,424.0
c1331,Vestido blanco de mujer en forma y brillo,Women Fit and Flare White Dress,moda-ropa,mujer,blanco,S,499.0
c1332,Mujer vestido verde de la funda,Women Sheath Green Dress,moda-ropa,mujer,verde,38,599.0
c1333,Mujeres étnica vestido de luz verde vestido,Women Ethnic Dress Light Green Dress,moda-ropa,mujer,verde,S,424.0
c1334,Mujer A-line vestido negro,Women A-line Black Dress,moda-ropa,mujer,negro,M,999.0
c1335,Mujeres Maxi vestido verde oscuro con máscara,Women Maxi Dark Green Dress With Mask,moda-ropa,mujer,verde,M,365.0
c1336,Mujeres Maxi vestido rojo,Women Maxi Red Dress,moda-ropa,mujer,rojo,M,879.0
c1337,Vestido de mujer Corporal púrpura,Women Bodycon Purple Dress,moda-ropa,mujer,morado,M,429.0
c1338,Mujeres Pinafore vestido azul oscuro,Women Pinafore Dark Blue Dress,moda-ropa,mujer,azul,XL,741.0
c1339,Mujeres A-line Multicolor vestido,Women A-line Multicolor Dress,moda-ropa,mujer,multicolor,L,999.0
c1340,Vestido azul de mujer en forma y brillo,Women Fit and Flare Blue Dress,moda-ropa,mujer,azul,XL,1999.0
c1341,Mujeres Cinchada cintura vestido negro,Women Cinched Waist Black Dress,moda-ropa,mujer,negro,L,359.0
c1342,Vestido azul de la camisa de las mujeres,Women Shirt Blue Dress,moda-ropa,mujer,azul,M,734.0
c1343,"Mujer Ajustar y la llama azul, vestido rojo","Women Fit and Flare Blue, Red Dress",moda-ropa,mujer,rojo,S,225.0
c1344,Mujeres reunidas luz azul vestido,Women Gathered Light Blue Dress,moda-ropa,mujer,rojo,M,479.0
c1345,Vestido verde de las mujeres en forma y la llama,Women Fit and Flare Green Dress,moda-ropa,mujer,verde,S,432.0
c1346,Mujeres plegado vestido negro,Women Pleated Black Dress,moda-ropa,mujer,negro,S,499.0
c1347,Vestido negro de mujer en forma y brillo,Women Fit and Flare Black Dress,moda-ropa,mujer,negro,XL,269.0
c1348,"Mujer Envolver Blanco, Negro, Vestido de Marrón","Women Wrap White, Black, Brown Dress",moda-ropa,mujer,negro,L,702.0
c1349,Mujer A-line vestido negro,Women A-line Black Dress,moda-ropa,mujer,negro,M,448.0
c1350,Mujeres Maxi vestido negro,Women Maxi Black Dress,moda-ropa,mujer,negro,M,694.0
c1351,Mujer A-line vestido negro,Women A-line Black Dress,moda-ropa,mujer,negro,L,839.0
c1352,Vestido de mujer de cuerpo con multicolor,Women Bodycon Multicolor Dress,moda-ropa,mujer,multicolor,M,759.0
c1353,Mujer A-line vestido de naranja,Women A-line Orange Dress,moda-ropa,mujer,naranja,XS,229.0
c1354,Vestido de mujer Corporal Negro,Women Bodycon Black Dress,moda-ropa,mujer,negro,M,399.0
c1355,Mujeres de nivel rosa vestido,Women Tiered Pink Dress,moda-ropa,mujer,rojo,M,379.0
c1356,Mujeres Maxi vestido rojo,Women Maxi Red Dress,moda-ropa,mujer,rojo,S,879.0
c1357,"Mujer A-line Negro, vestido beige","Women A-line Black, Beige Dress",moda-ropa,mujer,negro,M,788.0
c1358,Mujeres Maxi vestido blanco,Women Maxi White Dress,moda-ropa,mujer,blanco,M,664.0
c1359,Mujeres Peplum vestido negro,Women Peplum Black Dress,moda-ropa,mujer,negro,L,499.0
c1360,Mujeres Maxi vestido negro,Women Maxi Black Dress,moda-ropa,mujer,negro,M,289.0
c1361,Vestido de mujer en forma y brillo rosa,Women Fit and Flare Pink Dress,moda-ropa,mujer,rosa,M,758.0
c1362,Mujer A-line vestido blanco,Women A-line White Dress,moda-ropa,mujer,blanco,M,269.0
c1363,Mujeres étnica vestido vestido de naranja,Women Ethnic Dress Orange Dress,moda-ropa,mujer,naranja,M,424.0
c1364,Mujeres vestido étnico vestido Maroon,Women Ethnic Dress Maroon Dress,moda-ropa,mujer,varios,S,424.0
c1365,Mujeres Maxi luz vestido verde,Women Maxi Light Green Dress,moda-ropa,mujer,verde,M,404.0
c1366,Vestido de mujer Corporal Negro,Women Bodycon Black Dress,moda-ropa,mujer,negro,M,850.0
c1367,Mujeres Maxi vestido blanco,Women Maxi White Dress,moda-ropa,mujer,blanco,M,399.0
c1368,Mujeres cambio vestido verde,Women Shift Green Dress,moda-ropa,mujer,verde,S,839.0
c1369,Mujeres étnica vestido vestido negro,Women Ethnic Dress Black Dress,moda-ropa,mujer,negro,L,424.0
c1370,Mujeres vestido étnico vestido verde,Women Ethnic Dress Green Dress,moda-ropa,mujer,verde,M,424.0
c1371,Mujer A-line vestido azul,Women A-line Blue Dress,moda-ropa,mujer,azul,XL,349.0
c1372,Vestido de mujer en forma y luz de la llama azul,Women Fit and Flare Light Blue Dress,moda-ropa,mujer,azul,L,999.0
c1373,Mujeres étnica vestido de luz verde vestido,Women Ethnic Dress Light Green Dress,moda-ropa,mujer,verde,M,424.0
c1374,Mujer A-line vestido negro,Women A-line Black Dress,moda-ropa,mujer,negro,M,999.0
c1375,Vestido azul de las mujeres bodycon,Women Bodycon Blue Dress,moda-ropa,mujer,azul,S,349.0
c1376,Vestido de mujer en forma y brillo rosa,Women Fit and Flare Pink Dress,moda-ropa,mujer,rosa,M,639.0
c1377,Mujeres A-line Multicolor vestido,Women A-line Multicolor Dress,moda-ropa,mujer,multicolor,L,428.0
c1378,Vestido verde de bodycon de las mujeres,Women Bodycon Green Dress,moda-ropa,mujer,verde,S,249.0
c1379,Mujeres A-line Multicolor vestido,Women A-line Multicolor Dress,moda-ropa,mujer,multicolor,XL,999.0
c1380,Vestido azul de mujer en forma y brillo,Women Fit and Flare Blue Dress,moda-ropa,mujer,azul,M,1999.0
c1381,Vestido negro de mujer en forma y brillo,Women Fit and Flare Black Dress,moda-ropa,mujer,negro,M,1097.0
c1382,Vestido azul de las mujeres bodycon,Women Bodycon Blue Dress,moda-ropa,mujer,azul,S,349.0
c1383,Mujeres Alta Baja Maroon vestido,Women High Low Maroon Dress,moda-ropa,mujer,varios,M,594.0
c1384,Vestido azul oscuro de las mujeres Bodycon,Women Bodycon Dark Blue Dress,moda-ropa,mujer,azul,XL,899.0
c1385,Vestido de mujer de camisa marrón,Women Shirt Brown Dress,moda-ropa,mujer,café,M,730.0
c1386,Mujeres A-line vestido marrón,Women A-line Brown Dress,moda-ropa,mujer,café,L,799.0
c1387,Vestido de mujer en forma y brillo púrpura,Women Fit and Flare Purple Dress,moda-ropa,mujer,morado,L,628.0
c1388,Mujeres Co-ordenado vestido verde,Women Co-ords Green Dress,moda-ropa,mujer,verde,S,599.0
c1389,"Mujer A-line azul oscuro, vestido blanco","Women A-line Dark Blue, White Dress",moda-ropa,mujer,blanco,L,629.0
c1390,Vestido de mujer en forma y brillo beige,Women Fit and Flare Beige Dress,moda-accesorio,mujer,beige,XL,319.0
c1391,Vestido azul de la ropa de las mujeres,Women Gown Blue Dress,moda-ropa,mujer,azul,S,346.0
c1392,Mujeres Maxi púrpura vestido,Women Maxi Purple Dress,moda-ropa,mujer,morado,S,435.0
c1393,Mujer A-line vestido de naranja,Women A-line Orange Dress,moda-ropa,mujer,naranja,XS,229.0
c1394,Vestido de mujer Corporal Negro,Women Bodycon Black Dress,moda-ropa,mujer,negro,S,399.0
c1395,Vestido de mujer de Bodycon marrón,Women Bodycon Brown Dress,moda-ropa,mujer,café,48,429.0
c1396,Vestido de mujer Corporal Negro,Women Bodycon Black Dress,moda-ropa,mujer,negro,XL,605.0
c1397,Vestido multicolor de las mujeres en forma y la llama,Women Fit and Flare Multicolor Dress,moda-ropa,mujer,multicolor,L,629.0
c1398,Mujeres Maxi vestido negro,Women Maxi Black Dress,moda-ropa,mujer,negro,L,349.0
c1399,Mujeres Peplum vestido negro,Women Peplum Black Dress,moda-ropa,mujer,negro,L,499.0
c1400,Mujeres Maxi vestido negro,Women Maxi Black Dress,moda-ropa,mujer,negro,L,289.0
c1401,Mujer vestido blanco de la funda,Women Sheath White Dress,moda-ropa,mujer,blanco,L,521.0
c1402,Vestido de mujer en forma y gris brillante,Women Fit and Flare Grey Dress,moda-ropa,mujer,gris,S,806.0
c1403,Mujeres étnica vestido vestido de naranja,Women Ethnic Dress Orange Dress,moda-ropa,mujer,naranja,S,424.0
c1404,Mujeres vestido étnico vestido Maroon,Women Ethnic Dress Maroon Dress,moda-ropa,mujer,varios,L,424.0
c1405,Mujeres Maxi vestido negro,Women Maxi Black Dress,moda-ropa,mujer,negro,S,477.0
c1406,"Mujeres Maxi Blanco, Negro, Amarillo vestido","Women Maxi White, Black, Yellow Dress",moda-ropa,mujer,negro,M,359.0
c1407,Mujeres Maxi vestido verde,Women Maxi Green Dress,moda-ropa,mujer,verde,S,873.0
c1408,"Mujer ajuste y brillo blanco, vestido negro","Women Fit and Flare White, Black Dress",moda-ropa,mujer,negro,M,804.0
c1409,Mujeres étnica vestido vestido negro,Women Ethnic Dress Black Dress,moda-ropa,mujer,negro,L,424.0
c1410,Mujeres vestido étnico vestido verde,Women Ethnic Dress Green Dress,moda-ropa,mujer,verde,M,424.0
c1411,Vestido de mujer Corporal Negro,Women Bodycon Black Dress,moda-ropa,mujer,negro,L,591.0
c1412,Vestido verde de bodycon de las mujeres,Women Bodycon Green Dress,moda-ropa,mujer,verde,38,309.0
c1413,Mujeres étnica vestido de luz verde vestido,Women Ethnic Dress Light Green Dress,moda-ropa,mujer,verde,S,424.0
c1414,Mujer A-line vestido negro,Women A-line Black Dress,moda-ropa,mujer,negro,M,999.0
c1415,Mujeres Dos piezas vestido vestido negro,Women Two Piece Dress Black Dress,moda-ropa,mujer,negro,M,679.0
c1416,Vestido multicolor de las mujeres en forma y la llama,Women Fit and Flare Multicolor Dress,moda-ropa,mujer,multicolor,S,753.0
c1417,Mujeres A-line vestido púrpura,Women A-line Purple Dress,moda-ropa,mujer,morado,M,335.0
c1418,Vestido de mujer Corporal Negro,Women Bodycon Black Dress,moda-ropa,mujer,negro,M,424.0
c1419,Mujeres A-line Multicolor vestido,Women A-line Multicolor Dress,moda-ropa,mujer,multicolor,S,999.0
c1420,Vestido azul de mujer en forma y brillo,Women Fit and Flare Blue Dress,moda-ropa,mujer,azul,XL,1999.0
c1421,"Mujer A-line Negro, vestido de naranja","Women A-line Black, Orange Dress",moda-ropa,mujer,negro,S,299.0
c1422,"Mujeres Maxi Rojo, Blanco, Negro vestido","Women Maxi Red, White, Black Dress",moda-ropa,mujer,negro,M,477.0
c1423,Vestido de mujer Corporal púrpura,Women Bodycon Purple Dress,moda-ropa,mujer,morado,37,429.0
c1424,Vestido amarillo de cintura ceñida de las mujeres,Women Cinched Waist Yellow Dress,moda-ropa,mujer,amarillo,M,629.0
c1425,Mujer Imperio cintura multicolor vestido,Women Empire Waist Multicolor Dress,moda-ropa,mujer,multicolor,M,438.0
c1426,Vestido de mujer Corporal Negro,Women Bodycon Black Dress,moda-ropa,mujer,negro,M,527.0
c1427,Mujeres Skater púrpura vestido,Women Skater Purple Dress,moda-ropa,mujer,morado,S,475.0
c1428,Mujer A-line vestido negro,Women A-line Black Dress,moda-ropa,mujer,negro,15,529.0
c1429,Mujeres Pleado vestido amarillo,Women Pleated Yellow Dress,moda-accesorio,mujer,amarillo,XL,499.0
c1430,Vestido blanco de las mujeres del bodycon,Women Bodycon White Dress,moda-ropa,mujer,blanco,L,664.0
c1431,Mujer A-line vestido azul,Women A-line Blue Dress,moda-ropa,mujer,azul,XL,1049.0
c1432,Vestido de mujer en forma y brillo rosa,Women Fit and Flare Pink Dress,moda-ropa,mujer,rosa,S,759.0
c1433,Mujer A-line vestido de naranja,Women A-line Orange Dress,moda-ropa,mujer,naranja,XS,229.0
c1434,Vestido de mujer Corporal Negro,Women Bodycon Black Dress,moda-ropa,mujer,negro,M,399.0
c1435,Mujer A-line vestido amarillo,Women A-line Yellow Dress,moda-ropa,mujer,amarillo,XS,215.0
c1436,Mujeres Maxi rosa vestido,Women Maxi Pink Dress,moda-ropa,mujer,rosa,L,874.0
c1437,Mujer A-line vestido rojo,Women A-line Red Dress,moda-ropa,mujer,rojo,L,422.0
c1438,Vestido negro de mujer en forma y brillo,Women Fit and Flare Black Dress,moda-ropa,mujer,negro,XL,499.0
c1439,Mujeres Peplum vestido negro,Women Peplum Black Dress,moda-ropa,mujer,negro,L,499.0
c1440,Mujeres Maxi vestido negro,Women Maxi Black Dress,moda-ropa,mujer,negro,M,289.0
c1441,Vestido de mujer en forma y naranja de llama,Women Fit and Flare Orange Dress,moda-ropa,mujer,naranja,M,429.0
c1442,Mujeres Maxi vestido amarillo,Women Maxi Yellow Dress,moda-ropa,mujer,amarillo,L,1022.0
c1443,Mujeres étnica vestido vestido de naranja,Women Ethnic Dress Orange Dress,moda-ropa,mujer,naranja,S,424.0
c1444,Mujeres vestido étnico vestido Maroon,Women Ethnic Dress Maroon Dress,moda-ropa,mujer,varios,M,424.0
c1445,Mujer Skater vestido blanco,Women Skater White Dress,moda-ropa,mujer,blanco,L,816.0
c1446,Vestido azul de mujer en forma y brillo,Women Fit and Flare Blue Dress,moda-ropa,mujer,azul,M,429.0
c1447,"Mujer en forma y fuego Maroon, vestido negro","Women Fit and Flare Maroon, Black Dress",moda-accesorio,mujer,negro,S,319.0
c1448,Mujer A-line vestido amarillo,Women A-line Yellow Dress,moda-ropa,mujer,amarillo,M,299.0
c1449,Mujeres étnica vestido vestido negro,Women Ethnic Dress Black Dress,moda-ropa,mujer,negro,S,424.0
c1450,Mujeres vestido étnico vestido verde,Women Ethnic Dress Green Dress,moda-ropa,mujer,verde,L,424.0
c1451,Mujer A-line vestido de Maroon,Women A-line Maroon Dress,moda-ropa,mujer,varios,M,509.0
c1452,"Mujeres Co-ordenado gris, vestido blanco","Women Co-ords Grey, White Dress",moda-ropa,mujer,blanco,L,529.0
c1453,Mujeres étnica vestido de luz verde vestido,Women Ethnic Dress Light Green Dress,moda-ropa,mujer,verde,M,424.0
c1454,Mujer A-line vestido negro,Women A-line Black Dress,moda-ropa,mujer,negro,M,999.0
c1455,Mujeres Pleado vestido azul,Women Pleated Blue Dress,moda-accesorio,mujer,azul,L,659.0
c1456,Mujer A-line vestido negro,Women A-line Black Dress,moda-ropa,mujer,negro,XS,229.0
c1457,Vestido verde de bodycon de las mujeres,Women Bodycon Green Dress,moda-ropa,mujer,verde,L,599.0
c1458,Mujer A-line vestido blanco,Women A-line White Dress,moda-accesorio,mujer,blanco,S,298.0
c1459,Mujeres A-line Multicolor vestido,Women A-line Multicolor Dress,moda-ropa,mujer,multicolor,S,999.0
c1460,Vestido azul de mujer en forma y brillo,Women Fit and Flare Blue Dress,moda-ropa,mujer,azul,L,1999.0
c1461,Vestido de mujer de bodycon maroon,Women Bodycon Maroon Dress,moda-ropa,mujer,varios,XL,918.0
c1462,Mujeres A-line vestido púrpura,Women A-line Purple Dress,moda-ropa,mujer,morado,M,399.0
c1463,Vestido de mujer en forma y fuego Maroon,Women Fit and Flare Maroon Dress,moda-ropa,mujer,varios,XL,349.0
c1464,"Mujer A-line Negro, vestido beige","Women A-line Black, Beige Dress",moda-ropa,mujer,negro,S,813.0
c1465,Mujer Funda vestido azul oscuro,Women Sheath Dark Blue Dress,moda-ropa,mujer,azul,41,429.0
c1466,Vestido negro de mujer en forma y brillo,Women Fit and Flare Black Dress,moda-ropa,mujer,negro,S,477.0
c1467,Mujeres Dos piezas de vestido multicolor,Women Two Piece Dress Multicolor Dress,moda-ropa,mujer,multicolor,S,359.0
c1468,Vestido de mujer Corporal Negro,Women Bodycon Black Dress,moda-ropa,mujer,negro,M,349.0
c1469,Vestido azul oscuro de las mujeres en forma y la llama,Women Fit and Flare Dark Blue Dress,moda-ropa,mujer,azul,XS,229.0
c1470,Vestido blanco de mujer en forma y brillo,Women Fit and Flare White Dress,moda-ropa,mujer,blanco,XS,236.0
c1471,Vestido de mujer en forma y brillo rosa,Women Fit and Flare Pink Dress,moda-ropa,mujer,rosa,M,486.0
c1472,Mujeres A-line vestido púrpura,Women A-line Purple Dress,moda-ropa,mujer,morado,M,374.0
c1473,Mujer A-line vestido de naranja,Women A-line Orange Dress,moda-ropa,mujer,naranja,XS,229.0
c1474,Vestido de mujer Corporal Negro,Women Bodycon Black Dress,moda-ropa,mujer,negro,S,399.0
c1475,"Mujer Skater púrpura, vestido rosa","Women Skater Purple, Pink Dress",moda-ropa,mujer,rosa,M,527.0
c1476,"Mujer ajuste y brillo blanco, vestido azul","Women Fit and Flare White, Blue Dress",moda-ropa,mujer,blanco,M,699.0
c1477,Mujeres Maxi vestido amarillo,Women Maxi Yellow Dress,moda-ropa,mujer,amarillo,S,687.0
c1478,Vestido verde de bodycon de las mujeres,Women Bodycon Green Dress,moda-ropa,mujer,verde,L,282.0
c1479,Mujeres Peplum vestido negro,Women Peplum Black Dress,moda-ropa,mujer,negro,M,499.0
c1480,Mujeres Maxi vestido negro,Women Maxi Black Dress,moda-ropa,mujer,negro,L,289.0
c1481,"Camisa de mujer blanca, vestido azul","Women Shirt White, Blue Dress",moda-ropa,mujer,blanco,M,759.0
c1482,Vestido multicolor de las mujeres en forma y la llama,Women Fit and Flare Multicolor Dress,moda-ropa,mujer,multicolor,M,449.0
c1483,Mujeres étnica vestido vestido de naranja,Women Ethnic Dress Orange Dress,moda-ropa,mujer,naranja,M,424.0
c1484,Mujeres étnica vestido vestido negro,Women Ethnic Dress Black Dress,moda-ropa,mujer,negro,S,424.0
c1485,Mujeres Maxi vestido rojo,Women Maxi Red Dress,moda-ropa,mujer,rojo,S,269.0
c1486,Vestido azul oscuro de las mujeres Bodycon,Women Bodycon Dark Blue Dress,moda-ropa,mujer,azul,S,899.0
c1487,Vestido de mujer de bodycon maroon,Women Bodycon Maroon Dress,moda-ropa,mujer,varios,M,477.0
c1488,Vestido de mujer de bodycon maroon,Women Bodycon Maroon Dress,moda-ropa,mujer,varios,XL,249.0
c1489,Mujeres vestido étnico vestido verde,Women Ethnic Dress Green Dress,moda-ropa,mujer,verde,L,424.0
c1490,Mujeres étnica vestido de luz verde vestido,Women Ethnic Dress Light Green Dress,moda-ropa,mujer,verde,L,424.0
c1491,Vestido blanco asimétrico de las mujeres,Women Asymmetric White Dress,moda-ropa,mujer,blanco,54,599.0
c1492,Mujeres Maxi púrpura vestido,Women Maxi Purple Dress,moda-ropa,mujer,morado,S,499.0
c1493,Mujeres vestido étnico vestido Maroon,Women Ethnic Dress Maroon Dress,moda-ropa,mujer,varios,L,424.0
c1494,Mujer A-line vestido negro,Women A-line Black Dress,moda-ropa,mujer,negro,M,999.0
c1495,Mujer A-line vestido negro,Women A-line Black Dress,moda-calzado,mujer,negro,S,399.0
c1496,Vestido blanco de mujer en forma y brillo,Women Fit and Flare White Dress,moda-ropa,mujer,blanco,S,699.0
c1497,"Mujer de la funda amarillo, vestido negro","Women Sheath Yellow, Black Dress",moda-ropa,mujer,negro,M,499.0
c1498,Mujer A-line rosa vestido,Women A-line Pink Dress,moda-ropa,mujer,rosa,M,1049.0
c1499,Mujeres A-line Multicolor vestido,Women A-line Multicolor Dress,moda-ropa,mujer,multicolor,XL,999.0
c1500,Vestido azul de mujer en forma y brillo,Women Fit and Flare Blue Dress,moda-ropa,mujer,azul,L,1999.0
c1501,Mujeres caída cintura vestido de maron,Women Drop Waist Maroon Dress,moda-ropa,mujer,varios,L,399.0
c1502,Mujeres Maxi vestido azul,Women Maxi Blue Dress,moda-calzado,mujer,azul,L,374.0
c1503,Mujer A-line vestido azul oscuro,Women A-line Dark Blue Dress,moda-ropa,mujer,azul,M,422.0
c1504,Mujeres Maxi vestido gris con máscara,Women Maxi Grey Dress With Mask,moda-ropa,mujer,gris,M,351.0
c1505,Vestido de mujer en forma y naranja de llama,Women Fit and Flare Orange Dress,moda-ropa,mujer,naranja,S,349.0
c1506,Vestido de mujer de Bodycon marrón,Women Bodycon Brown Dress,moda-ropa,mujer,café,42,359.0
c1507,Mujeres Maxi Multicolor vestido,Women Maxi Multicolor Dress,moda-ropa,mujer,multicolor,L,359.0
c1508,Mujeres Dos piezas vestido vestido amarillo,Women Two Piece Dress Yellow Dress,moda-ropa,mujer,amarillo,L,269.0
c1509,"Mujer ajuste y fuego rosa, naranja, vestido amarillo","Women Fit and Flare Pink, Orange, Yellow Dress",moda-ropa,mujer,amarillo,M,804.0
c1510,Mujer A-line rosa vestido,Women A-line Pink Dress,moda-ropa,mujer,rosa,L,664.0
c1511,Vestido de mujer Corporal Negro,Women Bodycon Black Dress,moda-ropa,mujer,negro,42,359.0
c1512,Mujeres Skater vestido negro,Women Skater Black Dress,moda-ropa,mujer,negro,XL,741.0
c1513,Mujer A-line vestido de naranja,Women A-line Orange Dress,moda-ropa,mujer,naranja,XS,229.0
c1514,Vestido de mujer Corporal Negro,Women Bodycon Black Dress,moda-ropa,mujer,negro,M,399.0
c1515,Mujeres caída cintura vestido amarillo,Women Drop Waist Yellow Dress,moda-ropa,mujer,amarillo,XL,493.0
c1516,Vestido de mujer Maxi Maroon,Women Maxi Maroon Dress,moda-ropa,mujer,varios,M,664.0
c1517,Mujeres A-line Beige vestido,Women A-line Beige Dress,moda-ropa,mujer,beige,L,549.0
c1518,Vestido azul de mujer en forma y brillo,Women Fit and Flare Blue Dress,moda-ropa,mujer,azul,M,599.0
c1519,Mujeres Peplum vestido negro,Women Peplum Black Dress,moda-ropa,mujer,negro,M,499.0
c1520,Mujeres Maxi vestido negro,Women Maxi Black Dress,moda-ropa,mujer,negro,S,289.0
c1521,"Mujer ajuste y brillo negro, vestido blanco","Women Fit and Flare Black, White Dress",moda-ropa,mujer,negro,M,196.0
c1522,Mujer A-line vestido azul claro,Women A-line Light Blue Dress,moda-ropa,mujer,azul,XS,239.0
c1523,Mujeres étnica vestido vestido de naranja,Women Ethnic Dress Orange Dress,moda-ropa,mujer,naranja,M,424.0
c1524,Mujeres vestido étnico vestido Maroon,Women Ethnic Dress Maroon Dress,moda-ropa,mujer,varios,L,424.0
c1525,Mujeres de nivel negro vestido,Women Tiered Black Dress,moda-ropa,mujer,negro,L,1364.0
c1526,Vestido de mujer Corporal Negro,Women Bodycon Black Dress,moda-ropa,mujer,negro,M,454.0
c1527,Camiseta de mujer vestido gris,Women T Shirt Grey Dress,moda-ropa,mujer,gris,M,474.0
c1528,Vestido de mujer Maxi Maroon,Women Maxi Maroon Dress,moda-ropa,mujer,varios,M,699.0
c1529,Mujeres étnica vestido vestido negro,Women Ethnic Dress Black Dress,moda-ropa,mujer,negro,M,424.0
c1530,Mujeres vestido étnico vestido verde,Women Ethnic Dress Green Dress,moda-ropa,mujer,verde,M,424.0
c1531,"Mujer ajuste y la llama Negro, vestido rojo","Women Fit and Flare Black, Red Dress",moda-ropa,mujer,negro,42,359.0
c1532,Vestido multicolor de las mujeres en forma y la llama,Women Fit and Flare Multicolor Dress,moda-ropa,mujer,multicolor,M,399.0
c1533,Mujeres étnica vestido de luz verde vestido,Women Ethnic Dress Light Green Dress,moda-ropa,mujer,verde,S,424.0
c1534,Mujer A-line vestido negro,Women A-line Black Dress,moda-ropa,mujer,negro,XL,999.0
c1535,Vestido de mujer en forma y brillo rosa,Women Fit and Flare Pink Dress,moda-ropa,mujer,rosa,S,874.0
c1536,Vestido azul de vendaje de mujeres,Women Bandage Blue Dress,moda-ropa,mujer,azul,M,499.0
c1537,Vestido de mujer de color púrpura,Women Gown Purple Dress,moda-ropa,mujer,morado,S,943.0
c1538,Vestido amarillo de la ropa de las mujeres,Women Gown Yellow Dress,moda-ropa,mujer,amarillo,M,769.0
c1539,Mujeres A-line Multicolor vestido,Women A-line Multicolor Dress,moda-ropa,mujer,multicolor,M,999.0
c1540,Vestido azul de mujer en forma y brillo,Women Fit and Flare Blue Dress,moda-ropa,mujer,azul,M,1999.0
c1541,Mujeres A-line vestido marrón,Women A-line Brown Dress,moda-ropa,mujer,café,M,625.0
c1542,Mujeres Maxi vestido negro,Women Maxi Black Dress,moda-ropa,mujer,negro,L,349.0
c1543,Mujeres caída cintura rojo vestido,Women Drop Waist Red Dress,moda-ropa,mujer,rojo,L,399.0
c1544,Vestido de mujer de bodycon maroon,Women Bodycon Maroon Dress,moda-ropa,mujer,varios,35,359.0
c1545,Mujeres Maxi vestido azul oscuro,Women Maxi Dark Blue Dress,moda-ropa,mujer,azul,L,477.0
c1546,Mujer vestido negro de la funda,Women Sheath Black Dress,moda-ropa,mujer,negro,34,799.0
c1547,Vestido verde de luz de luz de ajuste y brillo de las mujeres,Women Fit and Flare Light Green Dress,moda-ropa,mujer,verde,42,529.0
c1548,Vestido azul oscuro de las mujeres en forma y la llama,Women Fit and Flare Dark Blue Dress,moda-ropa,mujer,azul,L,477.0
c1549,"Mujer Skater gris, verde claro, vestido blanco","Women Skater Grey, Light Green, White Dress",moda-ropa,mujer,blanco,S,439.0
c1550,Vestido de mujer en forma y marrón de llama,Women Fit and Flare Brown Dress,moda-ropa,mujer,café,M,309.0
c1551,Mujer A-line vestido negro,Women A-line Black Dress,moda-ropa,mujer,negro,S,739.0
c1552,Mujeres reunidas vestido blanco,Women Gathered White Dress,moda-ropa,mujer,blanco,L,769.0
c1553,Vestido de mujer Corporal Negro,Women Bodycon Black Dress,moda-ropa,mujer,negro,M,399.0
c1554,Mujer A-line vestido de naranja,Women A-line Orange Dress,moda-ropa,mujer,naranja,XS,229.0
c1555,Mujeres envolver vestido azul,Women Wrap Blue Dress,moda-ropa,mujer,azul,M,349.0
c1556,"Mujer Envolver Blanco, Marrón, Amarillo","Women Wrap White, Brown, Yellow Dress",moda-ropa,mujer,blanco,L,628.0
c1557,"Mujer Skater púrpura, vestido rosa","Women Skater Purple, Pink Dress",moda-ropa,mujer,rosa,XL,527.0
c1558,Mujeres Maxi vestido amarillo,Women Maxi Yellow Dress,moda-ropa,mujer,amarillo,M,687.0
c1559,Mujeres Maxi vestido negro,Women Maxi Black Dress,moda-ropa,mujer,negro,M,289.0
c1560,Mujeres étnica vestido vestido de naranja,Women Ethnic Dress Orange Dress,moda-ropa,mujer,naranja,XL,424.0
c1561,"Camisa de mujer blanca, vestido azul","Women Shirt White, Blue Dress",moda-ropa,mujer,blanco,S,759.0
c1562,Vestido multicolor de las mujeres en forma y la llama,Women Fit and Flare Multicolor Dress,moda-ropa,mujer,multicolor,XL,449.0
c1563,Mujeres étnica vestido vestido negro,Women Ethnic Dress Black Dress,moda-ropa,mujer,negro,L,424.0
c1564,Mujer A-line vestido negro,Women A-line Black Dress,moda-ropa,mujer,negro,S,999.0
c1565,Vestido verde de bodycon de las mujeres,Women Bodycon Green Dress,moda-ropa,mujer,verde,M,282.0
c1566,Camiseta de mujer vestido negro,Women T Shirt Black Dress,moda-ropa,mujer,negro,M,719.0
c1567,Mujeres Maxi vestido rojo,Women Maxi Red Dress,moda-ropa,mujer,rojo,M,269.0
c1568,Vestido azul oscuro de las mujeres Bodycon,Women Bodycon Dark Blue Dress,moda-ropa,mujer,azul,M,899.0
c1569,Mujeres A-line Multicolor vestido,Women A-line Multicolor Dress,moda-ropa,mujer,multicolor,S,999.0
c1570,Mujeres vestido étnico vestido Maroon,Women Ethnic Dress Maroon Dress,moda-ropa,mujer,varios,S,424.0
c1571,Vestido blanco asimétrico de las mujeres,Women Asymmetric White Dress,moda-ropa,mujer,blanco,54,599.0
c1572,Mujeres Maxi púrpura vestido,Women Maxi Purple Dress,moda-ropa,mujer,morado,M,499.0
c1573,Mujeres vestido étnico vestido verde,Women Ethnic Dress Green Dress,moda-ropa,mujer,verde,L,424.0
c1574,Mujeres étnica vestido de luz verde vestido,Women Ethnic Dress Light Green Dress,moda-ropa,mujer,verde,L,424.0
c1575,Vestido verde de bodycon de las mujeres,Women Bodycon Green Dress,moda-ropa,mujer,verde,M,565.0
c1576,Mujer A-line vestido negro,Women A-line Black Dress,moda-calzado,mujer,negro,XL,399.0
c1577,"Mujer de la funda amarillo, vestido negro","Women Sheath Yellow, Black Dress",moda-ropa,mujer,negro,XL,499.0
c1578,Vestido de mujer en forma y fuego Maroon,Women Fit and Flare Maroon Dress,moda-ropa,mujer,varios,S,404.0
c1579,Vestido azul de mujer en forma y brillo,Women Fit and Flare Blue Dress,moda-ropa,mujer,azul,S,1999.0
c1580,Mujer A-line vestido amarillo,Women A-line Yellow Dress,moda-ropa,mujer,amarillo,38,359.0
c1581,Mujer A-line rosa vestido,Women A-line Pink Dress,moda-ropa,mujer,rosa,L,1049.0
c1582,Mujeres caída cintura vestido de maron,Women Drop Waist Maroon Dress,moda-ropa,mujer,varios,M,399.0
c1583,Mujeres Maxi vestido azul,Women Maxi Blue Dress,moda-calzado,mujer,azul,L,374.0
c1584,Mujer A-line vestido azul oscuro,Women A-line Dark Blue Dress,moda-ropa,mujer,azul,M,422.0
c1585,Vestido de mujer de bodycon maroon,Women Bodycon Maroon Dress,moda-ropa,mujer,varios,M,477.0
c1586,Vestido de mujer de Bodycon marrón,Women Bodycon Brown Dress,moda-ropa,mujer,café,42,359.0
c1587,Vestido de mujer Corporal Negro,Women Bodycon Black Dress,moda-ropa,mujer,negro,S,739.0
c1588,Mujeres Maxi Multicolor vestido,Women Maxi Multicolor Dress,moda-ropa,mujer,multicolor,S,359.0
c1589,Mujeres Dos piezas vestido vestido amarillo,Women Two Piece Dress Yellow Dress,moda-ropa,mujer,amarillo,M,269.0
c1590,Mujeres Alta Baja Beige vestido,Women High Low Beige Dress,moda-ropa,mujer,beige,L,494.0
c1591,"Mujer ajuste y fuego rosa, naranja, vestido amarillo","Women Fit and Flare Pink, Orange, Yellow Dress",moda-ropa,mujer,amarillo,S,804.0
c1592,Vestido de mujer Corporal Negro,Women Bodycon Black Dress,moda-ropa,mujer,negro,42,359.0
c1593,Vestido de mujer Corporal Negro,Women Bodycon Black Dress,moda-ropa,mujer,negro,M,399.0
c1594,Mujer A-line vestido de naranja,Women A-line Orange Dress,moda-ropa,mujer,naranja,XS,229.0
c1595,Mujeres A-line Multicolor vestido,Women A-line Multicolor Dress,moda-ropa,mujer,multicolor,XS,221.0
c1596,Vestido de mujer Bodycon rosa,Women Bodycon Pink Dress,moda-ropa,mujer,rosa,XL,949.0
c1597,Mujeres A-line vestido verde,Women A-line Green Dress,moda-ropa,mujer,verde,XS,239.0
c1598,Vestido de mujer Corporal púrpura,Women Bodycon Purple Dress,moda-ropa,mujer,morado,L,449.0
c1599,Mujeres Maxi vestido negro,Women Maxi Black Dress,moda-ropa,mujer,negro,XL,289.0
c1600,Mujeres étnica vestido vestido de naranja,Women Ethnic Dress Orange Dress,moda-ropa,mujer,naranja,L,424.0
c1601,Vestido rojo asimétrico de las mujeres,Women Asymmetric Red Dress,moda-ropa,mujer,rojo,M,472.0
c1602,Mujeres caída cintura vestido amarillo,Women Drop Waist Yellow Dress,moda-ropa,mujer,amarillo,M,493.0
c1603,Mujer A-line vestido negro,Women A-line Black Dress,moda-ropa,mujer,negro,L,999.0
c1604,Mujeres A-line Multicolor vestido,Women A-line Multicolor Dress,moda-ropa,mujer,multicolor,L,999.0
c1605,Mujeres A-line Beige vestido,Women A-line Beige Dress,moda-ropa,mujer,beige,L,549.0
c1606,Vestido azul de mujer en forma y brillo,Women Fit and Flare Blue Dress,moda-ropa,mujer,azul,S,599.0
c1607,"Mujer ajuste y brillo negro, vestido blanco","Women Fit and Flare Black, White Dress",moda-ropa,mujer,negro,M,196.0
c1608,Mujer A-line vestido azul claro,Women A-line Light Blue Dress,moda-ropa,mujer,azul,XS,239.0
c1609,Mujeres vestido étnico vestido Maroon,Women Ethnic Dress Maroon Dress,moda-ropa,mujer,varios,S,424.0
c1610,Mujeres étnica vestido vestido negro,Women Ethnic Dress Black Dress,moda-ropa,mujer,negro,S,424.0
c1611,Mujeres Pleado vestido rosa,Women Pleated Pink Dress,moda-accesorio,mujer,rosa,M,499.0
c1612,Mujeres de nivel negro vestido,Women Tiered Black Dress,moda-ropa,mujer,negro,S,1364.0
c1613,Mujeres vestido étnico vestido verde,Women Ethnic Dress Green Dress,moda-ropa,mujer,verde,L,424.0
c1614,Mujeres étnica vestido de luz verde vestido,Women Ethnic Dress Light Green Dress,moda-ropa,mujer,verde,M,424.0
c1615,Vestido de mujer Maxi Maroon,Women Maxi Maroon Dress,moda-ropa,mujer,varios,M,699.0
c1616,"Mujer ajuste y la llama Negro, vestido rojo","Women Fit and Flare Black, Red Dress",moda-ropa,mujer,negro,42,359.0
c1617,Vestido multicolor de las mujeres en forma y la llama,Women Fit and Flare Multicolor Dress,moda-ropa,mujer,multicolor,L,399.0
c1618,Vestido azul de vendaje de mujeres,Women Bandage Blue Dress,moda-ropa,mujer,azul,L,499.0
c1619,Vestido azul de mujer en forma y brillo,Women Fit and Flare Blue Dress,moda-ropa,mujer,azul,M,1999.0
c1620,Vestido de mujer de color púrpura,Women Gown Purple Dress,moda-ropa,mujer,morado,S,943.0
c1621,Camiseta de mujer vestido gris,Women T Shirt Grey Dress,moda-ropa,mujer,gris,L,474.0
c1622,Vestido amarillo de la ropa de las mujeres,Women Gown Yellow Dress,moda-ropa,mujer,amarillo,XL,769.0
c1623,Mujeres A-line vestido marrón,Women A-line Brown Dress,moda-ropa,mujer,café,S,625.0
c1624,Mujer A-line vestido negro,Women A-line Black Dress,moda-ropa,mujer,negro,M,719.0
c1625,Vestido de mujer de color rosa,Women Shirt Pink Dress,moda-ropa,mujer,rosa,M,879.0
c1626,Mujeres Maxi vestido negro,Women Maxi Black Dress,moda-ropa,mujer,negro,L,349.0
c1627,Mujeres caída cintura rojo vestido,Women Drop Waist Red Dress,moda-ropa,mujer,rojo,M,399.0
c1628,Vestido de mujer de bodycon maroon,Women Bodycon Maroon Dress,moda-ropa,mujer,varios,35,359.0
c1629,Mujeres Maxi vestido azul oscuro,Women Maxi Dark Blue Dress,moda-ropa,mujer,azul,M,477.0
c1630,Mujeres Skater Multicolor vestido,Women Skater Multicolor Dress,moda-calzado,mujer,multicolor,XL,309.0
c1631,Vestido verde de luz de luz de ajuste y brillo de las mujeres,Women Fit and Flare Light Green Dress,moda-ropa,mujer,verde,42,529.0
c1632,Mujer vestido negro de la funda,Women Sheath Black Dress,moda-ropa,mujer,negro,34,799.0
c1633,Vestido de mujer Corporal Negro,Women Bodycon Black Dress,moda-ropa,mujer,negro,M,399.0
c1634,Mujer A-line vestido de naranja,Women A-line Orange Dress,moda-ropa,mujer,naranja,XS,229.0
c1635,Mujeres A-line vestido verde,Women A-line Green Dress,moda-ropa,mujer,verde,L,799.0
c1636,Mujer A-line rosa vestido,Women A-line Pink Dress,moda-ropa,mujer,rosa,L,429.0
c1637,Mujer vestido azul de la funda,Women Sheath Blue Dress,moda-ropa,mujer,azul,M,429.0
c1638,Mujeres Maxi vestido azul,Women Maxi Blue Dress,moda-ropa,mujer,azul,S,474.0
c1639,Mujeres Maxi vestido negro,Women Maxi Black Dress,moda-ropa,mujer,negro,L,289.0
c1640,Mujeres étnica vestido vestido de naranja,Women Ethnic Dress Orange Dress,moda-ropa,mujer,naranja,L,424.0
c1641,Mujeres Maxi vestido blanco,Women Maxi White Dress,moda-ropa,mujer,blanco,S,919.0
c1642,Mujeres Pinafore vestido azul,Women Pinafore Blue Dress,moda-ropa,mujer,azul,XL,719.0
c1643,Mujer A-line vestido negro,Women A-line Black Dress,moda-ropa,mujer,negro,M,999.0
c1644,Mujeres A-line Multicolor vestido,Women A-line Multicolor Dress,moda-ropa,mujer,multicolor,M,999.0
c1645,Vestido de mujer Bodycon rosa,Women Bodycon Pink Dress,moda-ropa,mujer,rosa,41,359.0
c1646,Mujer A-line vestido rojo,Women A-line Red Dress,moda-ropa,mujer,rojo,M,449.0
c1647,Vestido de mujer en forma y brillo rosa,Women Fit and Flare Pink Dress,moda-ropa,mujer,rosa,L,874.0
c1648,Mujeres A-line vestido marrón,Women A-line Brown Dress,moda-ropa,mujer,café,M,574.0
c1649,Mujeres vestido étnico vestido Maroon,Women Ethnic Dress Maroon Dress,moda-ropa,mujer,varios,L,424.0
c1650,Mujeres étnica vestido vestido negro,Women Ethnic Dress Black Dress,moda-ropa,mujer,negro,S,424.0
c1651,Vestido de mujer en forma y brillo rosa,Women Fit and Flare Pink Dress,moda-ropa,mujer,rosa,M,349.0
c1652,Vestido de mujer Corporal púrpura,Women Bodycon Purple Dress,moda-ropa,mujer,morado,M,349.0
c1653,Mujeres vestido étnico vestido verde,Women Ethnic Dress Green Dress,moda-ropa,mujer,verde,S,424.0
c1654,Mujeres étnica vestido de luz verde vestido,Women Ethnic Dress Light Green Dress,moda-ropa,mujer,verde,L,424.0
c1655,Mujer vestido negro de la funda,Women Sheath Black Dress,moda-ropa,mujer,negro,L,450.0
c1656,Mujer A-line vestido blanco,Women A-line White Dress,moda-ropa,mujer,blanco,L,639.0
c1657,Vestido de mujer Corporal Negro,Women Bodycon Black Dress,moda-ropa,mujer,negro,M,413.0
c1658,Mujeres Maxi Beige vestido,Women Maxi Beige Dress,moda-ropa,mujer,beige,S,497.0
c1659,Vestido azul de mujer en forma y brillo,Women Fit and Flare Blue Dress,moda-ropa,mujer,azul,M,1999.0
c1660,Vestido azul de mujer en forma y brillo,Women Fit and Flare Blue Dress,moda-ropa,mujer,azul,L,509.0
c1661,Mujeres vestido blanco volante,Women Ruffled White Dress,moda-ropa,mujer,blanco,XL,828.0
c1662,"Mujer A-line blanco, vestido azul","Women A-line White, Blue Dress",moda-ropa,mujer,blanco,M,388.0
c1663,Vestido de mujer en forma y fuego Maroon,Women Fit and Flare Maroon Dress,moda-ropa,mujer,varios,M,429.0
c1664,Mujeres Maxi vestido amarillo,Women Maxi Yellow Dress,moda-ropa,mujer,amarillo,S,839.0
c1665,Vestido de mujer en forma y fuego Maroon,Women Fit and Flare Maroon Dress,moda-ropa,mujer,varios,L,999.0
c1666,Mujeres Skater vestido negro,Women Skater Black Dress,moda-ropa,mujer,negro,M,399.0
c1667,Mujer A-line vestido amarillo,Women A-line Yellow Dress,moda-ropa,mujer,amarillo,S,497.0
c1668,Vestido de mujer en forma y brillo beige,Women Fit and Flare Beige Dress,moda-ropa,mujer,beige,L,924.0
c1669,Vestido de mujer en forma y fuego Maroon,Women Fit and Flare Maroon Dress,moda-accesorio,mujer,varios,M,349.0
c1670,Vestido de mujer Bodycon rosa,Women Bodycon Pink Dress,moda-ropa,mujer,rosa,48,429.0
c1671,Vestido rosado de las mujeres en forma y la llama con máscara,Women Fit and Flare Pink Dress With Mask,moda-accesorio,mujer,rosa,M,379.0
c1672,"Mujer Skater azul oscuro, vestido blanco","Women Skater Dark Blue, White Dress",moda-ropa,mujer,blanco,M,229.0
c1673,Vestido de mujer Corporal Negro,Women Bodycon Black Dress,moda-ropa,mujer,negro,M,399.0
c1674,Mujer A-line vestido de naranja,Women A-line Orange Dress,moda-ropa,mujer,naranja,XS,229.0
c1675,Vestido blanco de mujer en forma y brillo,Women Fit and Flare White Dress,moda-ropa,mujer,blanco,S,1804.0
c1676,Vestido de mujer Corporal púrpura,Women Bodycon Purple Dress,moda-ropa,mujer,morado,M,449.0
c1677,Mujeres Pinafore vestido negro,Women Pinafore Black Dress,moda-ropa,mujer,negro,L,679.0
c1678,Mujer A-line vestido amarillo,Women A-line Yellow Dress,moda-ropa,mujer,amarillo,M,497.0
c1679,Mujeres Maxi vestido negro,Women Maxi Black Dress,moda-ropa,mujer,negro,M,289.0
c1680,Mujeres étnica vestido vestido de naranja,Women Ethnic Dress Orange Dress,moda-ropa,mujer,naranja,M,424.0
c1681,Vestido de mujer de bodycon maroon,Women Bodycon Maroon Dress,moda-ropa,mujer,varios,S,979.0
c1682,Mujeres A-line vestido verde,Women A-line Green Dress,moda-ropa,mujer,verde,L,577.0
c1683,Mujer A-line vestido negro,Women A-line Black Dress,moda-ropa,mujer,negro,S,999.0
c1684,Mujeres A-line Multicolor vestido,Women A-line Multicolor Dress,moda-ropa,mujer,multicolor,M,999.0
c1685,Vestido de mujer Corporal Negro,Women Bodycon Black Dress,moda-ropa,mujer,negro,37,429.0
c1686,Mujeres Skater rosa vestido,Women Skater Pink Dress,moda-ropa,mujer,rosa,L,519.0
c1687,Camiseta de mujer vestido azul,Women T Shirt Blue Dress,moda-ropa,mujer,azul,S,363.0
c1688,Mujeres plisado vestido rojo,Women Pleated Red Dress,moda-accesorio,mujer,rojo,L,499.0
c1689,Mujeres vestido étnico vestido Maroon,Women Ethnic Dress Maroon Dress,moda-ropa,mujer,varios,M,424.0
c1690,Mujeres étnica vestido vestido negro,Women Ethnic Dress Black Dress,moda-ropa,mujer,negro,S,424.0
c1691,Mujer A-line rosa vestido,Women A-line Pink Dress,moda-ropa,mujer,rosa,S,298.0
c1692,Vestido verde de las mujeres en forma y la llama,Women Fit and Flare Green Dress,moda-ropa,mujer,verde,M,679.0
c1693,Mujeres vestido étnico vestido verde,Women Ethnic Dress Green Dress,moda-ropa,mujer,verde,L,424.0
c1694,Mujeres étnica vestido de luz verde vestido,Women Ethnic Dress Light Green Dress,moda-ropa,mujer,verde,S,424.0
c1695,Mujeres Skater vestido azul,Women Skater Blue Dress,moda-ropa,mujer,azul,L,699.0
c1696,Mujeres envolver vestido amarillo,Women Wrap Yellow Dress,moda-ropa,mujer,amarillo,L,748.0
c1697,Mujer A-line rosa vestido,Women A-line Pink Dress,moda-ropa,mujer,rosa,M,734.0
c1698,Mujer A-line vestido azul,Women A-line Blue Dress,moda-ropa,mujer,azul,M,813.0
c1699,Vestido azul de mujer en forma y brillo,Women Fit and Flare Blue Dress,moda-ropa,mujer,azul,XL,1999.0
c1700,Mujeres reunidas vestido verde,Women Gathered Green Dress,moda-ropa,mujer,rojo,L,599.0
c1701,Mujeres Maxi rosa vestido,Women Maxi Pink Dress,moda-ropa,mujer,rosa,M,755.0
c1702,Vestido azul de mujer en forma y brillo,Women Fit and Flare Blue Dress,moda-ropa,mujer,azul,M,699.0
c1703,Vestido de mujer de bodycon maroon,Women Bodycon Maroon Dress,moda-ropa,mujer,varios,L,249.0
c1704,Mujeres envolver vestido azul,Women Wrap Blue Dress,moda-ropa,mujer,azul,XL,664.0
c1705,Vestido rojo de las mujeres en forma y la llama,Women Fit and Flare Red Dress,moda-ropa,mujer,rojo,S,455.0
c1706,Vestido verde de las mujeres en forma y la llama,Women Fit and Flare Green Dress,moda-ropa,mujer,verde,L,594.0
c1707,Mujeres Skater vestido amarillo,Women Skater Yellow Dress,moda-ropa,mujer,amarillo,L,499.0
c1708,Mujeres Maxi Multicolor vestido,Women Maxi Multicolor Dress,moda-ropa,mujer,multicolor,L,674.0
c1709,Vestido negro de mujer en forma y brillo,Women Fit and Flare Black Dress,moda-ropa,mujer,negro,M,699.0
c1710,Vestido de mujer en forma y fuego Maroon,Women Fit and Flare Maroon Dress,moda-ropa,mujer,varios,L,649.0
c1711,Vestido de mujer Maxi Maroon,Women Maxi Maroon Dress,moda-ropa,mujer,varios,M,399.0
c1712,Mujeres vestido azul acanalado,Women Ribbed Blue Dress,moda-ropa,mujer,azul,L,302.0
c1713,Vestido de mujer Corporal Negro,Women Bodycon Black Dress,moda-ropa,mujer,negro,M,399.0
c1714,Mujer A-line vestido de naranja,Women A-line Orange Dress,moda-ropa,mujer,naranja,XS,229.0
c1715,Mujeres Skater Multicolor vestido,Women Skater Multicolor Dress,moda-ropa,mujer,multicolor,S,399.0
c1716,Mujeres A-line vestido marrón,Women A-line Brown Dress,moda-ropa,mujer,café,S,627.0
c1717,Mujeres A-line Multicolor vestido,Women A-line Multicolor Dress,moda-accesorio,mujer,multicolor,M,459.0
c1718,Mujeres Dos piezas vestido de vestido marrón,Women Two Piece Dress Brown Dress,moda-ropa,mujer,café,40,749.0
c1719,Mujeres Maxi vestido negro,Women Maxi Black Dress,moda-ropa,mujer,negro,S,289.0
c1720,Mujeres étnica vestido vestido de naranja,Women Ethnic Dress Orange Dress,moda-ropa,mujer,naranja,M,424.0
c1721,Mujeres Maxi rosa vestido,Women Maxi Pink Dress,moda-ropa,mujer,rosa,L,695.0
c1722,Vestido azul de mujer en forma y brillo,Women Fit and Flare Blue Dress,moda-ropa,mujer,azul,M,687.0
c1723,Mujer A-line vestido negro,Women A-line Black Dress,moda-ropa,mujer,negro,L,999.0
c1724,Mujeres A-line Multicolor vestido,Women A-line Multicolor Dress,moda-ropa,mujer,multicolor,S,999.0
c1725,Camiseta de mujer vestido gris,Women T Shirt Grey Dress,moda-ropa,mujer,gris,M,474.0
c1726,Mujeres Maxi vestido amarillo,Women Maxi Yellow Dress,moda-ropa,mujer,amarillo,S,759.0
c1727,Mujeres Skater rosa vestido,Women Skater Pink Dress,moda-ropa,mujer,rosa,S,949.0
c1728,Mujer A-line vestido blanco,Women A-line White Dress,moda-ropa,mujer,blanco,M,499.0
c1729,Mujeres vestido étnico vestido Maroon,Women Ethnic Dress Maroon Dress,moda-ropa,mujer,varios,L,424.0
c1730,Mujeres étnica vestido vestido negro,Women Ethnic Dress Black Dress,moda-ropa,mujer,negro,S,424.0
c1731,Vestido azul de mujer en forma y brillo,Women Fit and Flare Blue Dress,moda-ropa,mujer,azul,M,399.0
c1732,Mujeres Maxi vestido blanco,Women Maxi White Dress,moda-ropa,mujer,blanco,M,669.0
c1733,Mujeres vestido étnico vestido verde,Women Ethnic Dress Green Dress,moda-ropa,mujer,verde,M,424.0
c1734,Mujeres étnica vestido de luz verde vestido,Women Ethnic Dress Light Green Dress,moda-ropa,mujer,verde,S,424.0
c1735,Vestido verde de la camisa de las mujeres,Women Shirt Green Dress,moda-ropa,mujer,verde,L,663.0
c1736,Mujeres en capas vestido rosa,Women Layered Pink Dress,moda-ropa,mujer,rojo,M,777.0
c1737,Vestido de mujer Corporal Negro,Women Bodycon Black Dress,moda-ropa,mujer,negro,48,429.0
c1738,Vestido de mujer de bodycon maroon,Women Bodycon Maroon Dress,moda-ropa,mujer,varios,L,359.0
c1739,Vestido azul de mujer en forma y brillo,Women Fit and Flare Blue Dress,moda-ropa,mujer,azul,M,1999.0
c1740,Vestido multicolor de las mujeres en forma y la llama,Women Fit and Flare Multicolor Dress,moda-ropa,mujer,multicolor,M,659.0
c1741,Mujeres plegado azul oscuro vestido,Women Pleated Dark Blue Dress,moda-ropa,mujer,azul,L,733.0
c1742,Vestido de mujer en forma y luz de la llama azul,Women Fit and Flare Light Blue Dress,moda-ropa,mujer,azul,M,999.0
c1743,Vestido de mujer Corporal púrpura,Women Bodycon Purple Dress,moda-ropa,mujer,morado,41,359.0
c1744,Vestido de mujer en forma y fuego Maroon,Women Fit and Flare Maroon Dress,moda-ropa,mujer,varios,M,399.0
c1745,Mujer Imperio cintura rosa vestido,Women Empire Waist Pink Dress,moda-ropa,mujer,rosa,L,636.0
c1746,Mujeres cambio vestido blanco,Women Shift White Dress,moda-ropa,mujer,blanco,L,776.0
c1747,Mujer A-line vestido negro,Women A-line Black Dress,moda-ropa,mujer,negro,L,1449.0
c1748,Mujer A-line vestido negro,Women A-line Black Dress,moda-ropa,mujer,negro,M,739.0
c1749,Mujer A-line rosa vestido,Women A-line Pink Dress,moda-calzado,mujer,rosa,S,449.0
c1750,"Mujeres Asimétrica Maroon, Vestido de Oro","Women Asymmetric Maroon, Gold Dress",moda-ropa,mujer,dorado,S,1299.0
c1751,Mujer A-line vestido negro,Women A-line Black Dress,moda-ropa,mujer,negro,L,735.0
c1752,Vestido azul de las mujeres bodycon,Women Bodycon Blue Dress,moda-ropa,mujer,azul,L,799.0
c1753,Mujer A-line vestido de naranja,Women A-line Orange Dress,moda-ropa,mujer,naranja,XS,229.0
c1754,Vestido de mujer Corporal Negro,Women Bodycon Black Dress,moda-ropa,mujer,negro,M,399.0
c1755,Mujeres Maxi vestido azul oscuro,Women Maxi Dark Blue Dress,moda-ropa,mujer,azul,L,499.0
c1756,Vestido azul de las mujeres bodycon,Women Bodycon Blue Dress,moda-ropa,mujer,azul,M,519.0
c1757,Mujeres A-line vestido verde,Women A-line Green Dress,moda-ropa,mujer,verde,M,459.0
c1758,"Camisa de mujer Negro, vestido beige","Women Shirt Black, Beige Dress",moda-ropa,mujer,negro,M,524.0
c1759,Mujeres Maxi vestido negro,Women Maxi Black Dress,moda-ropa,mujer,negro,L,289.0
c1760,Mujeres étnica vestido vestido de naranja,Women Ethnic Dress Orange Dress,moda-ropa,mujer,naranja,XL,424.0
c1761,Mujeres Skater vestido negro,Women Skater Black Dress,moda-ropa,mujer,negro,M,356.0
c1762,"Mujer Skater rosa, vestido blanco","Women Skater Pink, White Dress",moda-ropa,mujer,blanco,S,479.0
c1763,Mujeres vestido étnico vestido Maroon,Women Ethnic Dress Maroon Dress,moda-ropa,mujer,varios,M,424.0
c1764,Mujeres étnica vestido vestido negro,Women Ethnic Dress Black Dress,moda-ropa,mujer,negro,M,424.0
c1765,Vestido de mujer rosa asimétrico,Women Asymmetric Pink Dress,moda-ropa,mujer,rosa,M,573.0
c1766,Mujer A-line vestido azul claro,Women A-line Light Blue Dress,moda-ropa,mujer,azul,L,619.0
c1767,Mujeres Maxi Multicolor vestido,Women Maxi Multicolor Dress,moda-ropa,mujer,multicolor,XL,694.0
c1768,"Mujeres Dos piezas de vestir azul claro, vestido de Maroon","Women Two Piece Dress Light Blue, Maroon Dress",moda-ropa,mujer,azul,XL,720.0
c1769,Mujeres vestido étnico vestido verde,Women Ethnic Dress Green Dress,moda-ropa,mujer,verde,M,424.0
c1770,Mujeres étnica vestido de luz verde vestido,Women Ethnic Dress Light Green Dress,moda-ropa,mujer,verde,L,424.0
c1771,Vestido rojo de bodycon de mujeres,Women Bodycon Red Dress,moda-ropa,mujer,rojo,M,959.0
c1772,Mujeres Skater rosa vestido,Women Skater Pink Dress,moda-ropa,mujer,rosa,M,475.0
c1773,Mujer A-line vestido negro,Women A-line Black Dress,moda-ropa,mujer,negro,S,999.0
c1774,Mujeres A-line Multicolor vestido,Women A-line Multicolor Dress,moda-ropa,mujer,multicolor,XL,999.0
c1775,Vestido multicolor de las mujeres en forma y la llama,Women Fit and Flare Multicolor Dress,moda-ropa,mujer,multicolor,L,539.0
c1776,Vestido amarillo de bodycon de mujeres,Women Bodycon Yellow Dress,moda-ropa,mujer,amarillo,L,249.0
c1777,Mujer A-line vestido negro,Women A-line Black Dress,moda-ropa,mujer,negro,S,407.0
c1778,"Mujeres de nivel rosa, amarillo, vestido blanco","Women Tiered Pink, Yellow, White Dress",moda-ropa,mujer,blanco,S,869.0
c1779,Mujer A-line vestido azul oscuro,Women A-line Dark Blue Dress,moda-ropa,mujer,azul,L,2750.0
c1780,Vestido azul de mujer en forma y brillo,Women Fit and Flare Blue Dress,moda-ropa,mujer,azul,L,1999.0
c1781,Vestido azul de mujer en forma y brillo,Women Fit and Flare Blue Dress,moda-ropa,mujer,azul,M,669.0
c1782,Mujeres de nivel negro vestido,Women Tiered Black Dress,moda-ropa,mujer,negro,S,1485.0
c1783,Mujeres en capas vestido verde,Women Layered Green Dress,moda-ropa,mujer,rojo,M,1077.0
c1784,Mujer Funda vestido azul oscuro,Women Sheath Dark Blue Dress,moda-ropa,mujer,azul,36,529.0
c1785,Vestido azul de las mujeres bodycon,Women Bodycon Blue Dress,moda-ropa,mujer,azul,41,359.0
c1786,Mujer A-line vestido de Maroon,Women A-line Maroon Dress,moda-ropa,mujer,varios,L,575.0
c1787,Mujeres Cinchada cintura oscuro azul vestido,Women Cinched Waist Dark Blue Dress,moda-ropa,mujer,azul,M,359.0
c1788,Vestido de mujer en forma y brillo rosa,Women Fit and Flare Pink Dress,moda-ropa,mujer,rosa,L,694.0
c1789,Mujeres envolver vestido negro,Women Wrap Black Dress,moda-ropa,mujer,negro,XL,739.0
c1790,Mujeres Maxi púrpura vestido,Women Maxi Purple Dress,moda-ropa,mujer,morado,M,773.0
c1791,Mujeres Skater vestido azul,Women Skater Blue Dress,moda-ropa,mujer,azul,M,519.0
c1792,Mujer A-line vestido de naranja,Women A-line Orange Dress,moda-ropa,mujer,naranja,L,399.0
c1793,Vestido de mujer Corporal Negro,Women Bodycon Black Dress,moda-ropa,mujer,negro,M,399.0
c1794,Mujer A-line vestido de naranja,Women A-line Orange Dress,moda-ropa,mujer,naranja,XS,229.0
c1795,Mujeres Maxi luz vestido verde,Women Maxi Light Green Dress,moda-ropa,mujer,verde,XL,659.0
c1796,Vestido azul de mujer en forma y brillo,Women Fit and Flare Blue Dress,moda-ropa,mujer,azul,S,499.0
c1797,Vestido rojo de las mujeres en forma y la llama,Women Fit and Flare Red Dress,moda-ropa,mujer,rojo,XL,689.0
c1798,Vestido azul de mujer en forma y brillo,Women Fit and Flare Blue Dress,moda-ropa,mujer,azul,M,588.0
c1799,Mujeres Maxi vestido negro,Women Maxi Black Dress,moda-ropa,mujer,negro,M,289.0
c1800,Mujeres étnica vestido vestido de naranja,Women Ethnic Dress Orange Dress,moda-ropa,mujer,naranja,L,424.0
c1801,Mujeres Maxi Multicolor vestido,Women Maxi Multicolor Dress,moda-ropa,mujer,multicolor,M,694.0
c1802,Vestido multicolor de las mujeres en forma y la llama,Women Fit and Flare Multicolor Dress,moda-accesorio,mujer,multicolor,XL,599.0
c1803,Mujer A-line vestido negro,Women A-line Black Dress,moda-ropa,mujer,negro,M,999.0
c1804,Mujeres A-line Multicolor vestido,Women A-line Multicolor Dress,moda-ropa,mujer,multicolor,L,999.0
c1805,Vestido de mujer Corporal Negro,Women Bodycon Black Dress,moda-ropa,mujer,negro,L,574.0
c1806,Mujeres Ruffled vestido azul,Women Ruffled Blue Dress,moda-ropa,mujer,azul,S,764.0
c1807,Vestido de mujer Corporal Negro,Women Bodycon Black Dress,moda-ropa,mujer,negro,XL,429.0
c1808,Vestido multicolor de las mujeres en forma y la llama,Women Fit and Flare Multicolor Dress,moda-ropa,mujer,multicolor,XL,680.0
c1809,Mujeres vestido étnico vestido Maroon,Women Ethnic Dress Maroon Dress,moda-ropa,mujer,varios,S,424.0
c1810,Mujeres étnica vestido vestido negro,Women Ethnic Dress Black Dress,moda-ropa,mujer,negro,M,424.0
c1811,Vestido de mujer Corporal Negro,Women Bodycon Black Dress,moda-ropa,mujer,negro,S,359.0
c1812,Mujeres cambio vestido verde,Women Shift Green Dress,moda-ropa,mujer,verde,XL,773.0
c1813,Mujeres vestido étnico vestido verde,Women Ethnic Dress Green Dress,moda-ropa,mujer,verde,M,424.0
c1814,Mujeres étnica vestido de luz verde vestido,Women Ethnic Dress Light Green Dress,moda-ropa,mujer,verde,L,424.0
c1815,Mujeres A-line vestido verde,Women A-line Green Dress,moda-ropa,mujer,verde,M,746.0
c1816,Mujer vestido azul de la funda,Women Sheath Blue Dress,moda-ropa,mujer,azul,M,665.0
c1817,Vestido de mujer en forma y naranja de llama,Women Fit and Flare Orange Dress,moda-ropa,mujer,naranja,L,854.0
c1818,Vestido de mujer de color rosa,Women Shirt Pink Dress,moda-ropa,mujer,rosa,L,644.0
c1819,Vestido azul de mujer en forma y brillo,Women Fit and Flare Blue Dress,moda-ropa,mujer,azul,M,1999.0
c1820,Mujeres Maxi púrpura vestido,Women Maxi Purple Dress,moda-ropa,mujer,morado,M,459.0
c1821,"Mujeres Maxi Verde, Rosa, Gris Vestido","Women Maxi Green, Pink, Grey Dress",moda-ropa,mujer,verde,M,919.0
c1822,Vestido blanco de mujer en forma y brillo,Women Fit and Flare White Dress,moda-ropa,mujer,blanco,L,649.0
c1823,Mujer vestido rosa de la funda,Women Sheath Pink Dress,moda-ropa,mujer,rosa,XL,585.0
c1824,Mujeres envolver vestido púrpura,Women Wrap Purple Dress,moda-ropa,mujer,morado,L,504.0
c1825,Mujeres A-line vestido verde,Women A-line Green Dress,moda-ropa,mujer,verde,L,919.0
c1826,Vestido de mujer en forma y brillo rosa,Women Fit and Flare Pink Dress,moda-ropa,mujer,rosa,S,419.0
c1827,Mujer A-line vestido negro,Women A-line Black Dress,moda-ropa,mujer,negro,XL,702.0
c1828,Vestido blanco asimétrico de las mujeres,Women Asymmetric White Dress,moda-ropa,mujer,blanco,M,452.0
c1829,Mujeres Maxi Multicolor vestido,Women Maxi Multicolor Dress,moda-ropa,mujer,multicolor,M,559.0
c1830,Mujeres Skater vestido negro,Women Skater Black Dress,moda-ropa,mujer,negro,L,1049.0
c1831,Mujeres Maxi rosa vestido,Women Maxi Pink Dress,moda-ropa,mujer,rosa,S,769.0
c1832,Mujeres Maxi Multicolor vestido,Women Maxi Multicolor Dress,moda-ropa,mujer,multicolor,L,599.0
c1833,Vestido de mujer Corporal Negro,Women Bodycon Black Dress,moda-ropa,mujer,negro,S,399.0
c1834,Mujer A-line vestido de naranja,Women A-line Orange Dress,moda-ropa,mujer,naranja,XS,229.0
c1835,Mujeres reunidas vestido rosa,Women Gathered Pink Dress,moda-ropa,mujer,rojo,M,809.0
c1836,Vestido azul de las mujeres bodycon,Women Bodycon Blue Dress,moda-ropa,mujer,azul,L,349.0
c1837,Vestido de mujer Corporal púrpura,Women Bodycon Purple Dress,moda-ropa,mujer,morado,M,349.0
c1838,Mujeres Co-ordenan Vestido Rojo,Women Co-ords Red Dress,moda-ropa,mujer,rojo,L,839.0
c1839,Mujeres Maxi vestido negro,Women Maxi Black Dress,moda-ropa,mujer,negro,XL,289.0
c1840,Mujeres étnica vestido vestido de naranja,Women Ethnic Dress Orange Dress,moda-ropa,mujer,naranja,L,424.0
c1841,Vestido verde oscuro de las mujeres Bodycon,Women Bodycon Dark Green Dress,moda-ropa,mujer,verde,XL,445.0
c1842,Mujeres envolver vestido negro,Women Wrap Black Dress,moda-ropa,mujer,negro,S,669.0
c1843,Mujer A-line vestido negro,Women A-line Black Dress,moda-ropa,mujer,negro,S,999.0
c1844,Mujeres A-line Multicolor vestido,Women A-line Multicolor Dress,moda-ropa,mujer,multicolor,S,999.0
c1845,Mujeres envolver vestido verde oscuro,Women Wrap Dark Green Dress,moda-ropa,mujer,verde,M,529.0
c1846,Vestido azul de mujer en forma y brillo,Women Fit and Flare Blue Dress,moda-ropa,mujer,azul,M,359.0
c1847,Vestido blanco de mujer en forma y brillo,Women Fit and Flare White Dress,moda-ropa,mujer,blanco,L,636.0
c1848,Mujeres A-line Multicolor vestido,Women A-line Multicolor Dress,moda-ropa,mujer,multicolor,S,873.0
c1849,Mujeres vestido étnico vestido Maroon,Women Ethnic Dress Maroon Dress,moda-ropa,mujer,varios,M,424.0
c1850,Mujeres étnica vestido vestido negro,Women Ethnic Dress Black Dress,moda-ropa,mujer,negro,M,424.0
c1851,Mujer A-line vestido blanco,Women A-line White Dress,moda-ropa,mujer,blanco,M,899.0
c1852,Mujer A-line vestido negro,Women A-line Black Dress,moda-ropa,mujer,negro,L,549.0
c1853,Mujeres vestido étnico vestido verde,Women Ethnic Dress Green Dress,moda-ropa,mujer,verde,M,424.0
c1854,Mujeres étnica vestido de luz verde vestido,Women Ethnic Dress Light Green Dress,moda-ropa,mujer,verde,L,424.0
c1855,Mujeres Maxi vestido marrón,Women Maxi Brown Dress,moda-ropa,mujer,café,S,289.0
c1856,"Mujer ajuste y brillo vestido negro, rosa","Women Fit and Flare Black, Pink Dress",moda-ropa,mujer,negro,L,209.0
c1857,Mujer A-line vestido de Maroon,Women A-line Maroon Dress,moda-ropa,mujer,varios,XL,1399.0
c1858,Mujeres envolver vestido verde,Women Wrap Green Dress,moda-ropa,mujer,verde,M,719.0
c1859,Vestido azul de mujer en forma y brillo,Women Fit and Flare Blue Dress,moda-ropa,mujer,azul,L,1999.0
c1860,Vestido amarillo de mujer en forma y brillo,Women Fit and Flare Yellow Dress,moda-ropa,mujer,amarillo,M,359.0
c1861,Mujer A-line vestido negro,Women A-line Black Dress,moda-ropa,mujer,negro,M,349.0
c1862,Vestido verde de las mujeres en forma y la llama,Women Fit and Flare Green Dress,moda-ropa,mujer,verde,L,435.0
c1863,Vestido azul oscuro de las mujeres Bodycon,Women Bodycon Dark Blue Dress,moda-ropa,mujer,azul,39,299.0
c1864,Mujeres Maxi luz azul vestido,Women Maxi Light Blue Dress,moda-ropa,mujer,azul,S,399.0
c1865,Mujeres A-line vestido marrón,Women A-line Brown Dress,moda-ropa,mujer,café,L,1018.0
c1866,Mujer A-line vestido negro,Women A-line Black Dress,moda-ropa,mujer,negro,M,899.0
c1867,Vestido azul de mujer en forma y brillo,Women Fit and Flare Blue Dress,moda-calzado,mujer,azul,M,399.0
c1868,"Mujer ajuste y brillo blanco, vestido azul","Women Fit and Flare White, Blue Dress",moda-ropa,mujer,blanco,M,584.0
c1869,Vestido de mujer Corporal púrpura,Women Bodycon Purple Dress,moda-ropa,mujer,morado,S,363.0
c1870,Vestido de mujer Maxi Maroon,Women Maxi Maroon Dress,moda-ropa,mujer,varios,L,393.0
c1871,Mujeres A-line vestido verde,Women A-line Green Dress,moda-ropa,mujer,verde,S,664.0
c1872,Mujeres Maxi rosa vestido,Women Maxi Pink Dress,moda-ropa,mujer,rosa,L,359.0
c1873,Vestido de mujer Corporal Negro,Women Bodycon Black Dress,moda-ropa,mujer,negro,XL,399.0
c1874,Mujer A-line vestido de naranja,Women A-line Orange Dress,moda-ropa,mujer,naranja,XS,229.0
c1875,Mujeres Co-ordenado rosa vestido,Women Co-ords Pink Dress,moda-ropa,mujer,rosa,M,831.0
c1876,Vestido negro de mujer en forma y brillo,Women Fit and Flare Black Dress,moda-ropa,mujer,negro,S,399.0
c1877,Vestido de mujer de bodycon maroon,Women Bodycon Maroon Dress,moda-ropa,mujer,varios,M,359.0
c1878,Mujeres en capas vestido blanco,Women Layered White Dress,moda-ropa,mujer,blanco,XL,1339.0
c1879,Mujeres Maxi vestido negro,Women Maxi Black Dress,moda-ropa,mujer,negro,L,289.0
c1880,Mujeres étnica vestido vestido de naranja,Women Ethnic Dress Orange Dress,moda-ropa,mujer,naranja,M,424.0
c1881,Vestido rojo de bodycon de mujeres,Women Bodycon Red Dress,moda-ropa,mujer,rojo,L,799.0
c1882,Camiseta de mujer vestido rojo,Women T Shirt Red Dress,moda-ropa,mujer,rojo,M,574.0
c1883,Mujer A-line vestido negro,Women A-line Black Dress,moda-ropa,mujer,negro,M,999.0
c1884,Mujeres A-line Multicolor vestido,Women A-line Multicolor Dress,moda-ropa,mujer,multicolor,S,999.0
c1885,Mujer A-line rosa vestido,Women A-line Pink Dress,moda-ropa,mujer,rosa,M,664.0
c1886,Camiseta de mujer vestido multicolor,Women T Shirt Multicolor Dress,moda-ropa,mujer,multicolor,L,449.0
c1887,Vestido azul de mujer en forma y brillo,Women Fit and Flare Blue Dress,moda-ropa,mujer,azul,S,1049.0
c1888,Vestido de mujer Corporal Negro,Women Bodycon Black Dress,moda-ropa,mujer,negro,S,412.0
c1889,Mujeres vestido étnico vestido Maroon,Women Ethnic Dress Maroon Dress,moda-ropa,mujer,varios,L,424.0
c1890,Mujeres étnica vestido vestido negro,Women Ethnic Dress Black Dress,moda-ropa,mujer,negro,M,424.0
c1891,Mujeres A-line Multicolor vestido,Women A-line Multicolor Dress,moda-accesorio,mujer,multicolor,M,298.0
c1892,Vestido de mujer Corporal Negro,Women Bodycon Black Dress,moda-ropa,mujer,negro,S,569.0
c1893,Mujeres vestido étnico vestido verde,Women Ethnic Dress Green Dress,moda-ropa,mujer,verde,M,424.0
c1894,Mujeres étnica vestido de luz verde vestido,Women Ethnic Dress Light Green Dress,moda-ropa,mujer,verde,M,424.0
c1895,Vestido verde de las mujeres en forma y la llama,Women Fit and Flare Green Dress,moda-ropa,mujer,verde,M,887.0
c1896,Mujer A-line rosa vestido,Women A-line Pink Dress,moda-ropa,mujer,rosa,L,509.0
c1897,Mujeres reunidas vestido negro,Women Gathered Black Dress,moda-ropa,mujer,negro,L,495.0
c1898,Vestido de mujer Maxi Maroon,Women Maxi Maroon Dress,moda-ropa,mujer,varios,M,743.0
c1899,Vestido azul de mujer en forma y brillo,Women Fit and Flare Blue Dress,moda-ropa,mujer,azul,M,1999.0
c1900,Mujer A-line vestido amarillo,Women A-line Yellow Dress,moda-ropa,mujer,amarillo,M,999.0
c1901,Mujeres Maxi rosa vestido,Women Maxi Pink Dress,moda-ropa,mujer,rosa,S,1267.0
c1902,Mujeres Skater rojo vestido,Women Skater Red Dress,moda-ropa,mujer,rojo,M,499.0
c1903,Vestido negro de mujer en forma y brillo,Women Fit and Flare Black Dress,moda-ropa,mujer,negro,L,404.0
c1904,Vestido de mujer Corporal Negro,Women Bodycon Black Dress,moda-ropa,mujer,negro,L,499.0
c1905,Mujer A-line vestido azul claro,Women A-line Light Blue Dress,moda-ropa,mujer,azul,M,565.0
c1906,Mujeres Skater vestido azul,Women Skater Blue Dress,moda-ropa,mujer,azul,S,519.0
c1907,Mujeres Maxi vestido rojo con máscara,Women Maxi Red Dress With Mask,moda-ropa,mujer,rojo,L,646.0
c1908,"Mujeres Alta Amarillo Bajo, Vestido Blanco","Women High Low Yellow, White Dress",moda-ropa,mujer,blanco,42,429.0
c1909,Vestido de mujer Bodycon rosa,Women Bodycon Pink Dress,moda-ropa,mujer,rosa,M,390.0
c1910,Mujeres Maxi Multicolor vestido,Women Maxi Multicolor Dress,moda-ropa,mujer,multicolor,L,776.0
c1911,Vestido de mujer de cuerpo con multicolor,Women Bodycon Multicolor Dress,moda-ropa,mujer,multicolor,S,664.0
c1912,"Mujer Funda Negro, Blanco Vestido","Women Sheath Black, White Dress",moda-ropa,mujer,negro,L,429.0
